Frame,Time,RMSD
0,0,0
1,0.049,0.507051229476929
2,0.098,0.715063095092773
3,0.147,0.612992703914642
4,0.196,0.547251045703888
5,0.245,0.574453115463257
6,0.294,0.622486710548401
7,0.343,0.628820657730103
8,0.392,0.664076149463654
9,0.441,0.637844026088715
10,0.49,0.666504085063934
11,0.539,0.656874418258667
12,0.588,0.687888026237488
13,0.637,0.746577739715576
14,0.686,0.682722568511963
15,0.735,0.784874737262726
16,0.784,0.770800590515137
17,0.833,0.756493628025055
18,0.882,0.696808338165283
19,0.931,0.748021721839905
20,0.98,0.746627271175385
21,1.029,0.715477108955383
22,1.078,0.656196177005768
23,1.127,0.701320469379425
24,1.176,0.768612742424011
25,1.225,0.69617760181427
26,1.274,0.767878353595734
27,1.323,0.717740535736084
28,1.372,0.782955527305603
29,1.421,0.876253545284271
30,1.47,0.890107870101929
31,1.519,0.849791347980499
32,1.568,0.821858823299408
33,1.617,0.848796844482422
34,1.666,0.642653226852417
35,1.715,0.789164483547211
36,1.764,0.699406385421753
37,1.813,0.697723746299744
38,1.862,0.688752114772797
39,1.911,0.671583414077759
40,1.96,0.671766102313995
41,2.009,0.828249335289001
42,2.058,0.980451703071594
43,2.107,1.03032279014587
44,2.156,0.977802872657776
45,2.205,0.807595610618591
46,2.254,0.745318949222565
47,2.303,0.730809688568115
48,2.352,0.791887879371643
49,2.401,0.795781314373016
50,2.45,0.757547855377197
51,2.499,0.840347290039062
52,2.548,0.725851237773895
53,2.597,0.686151623725891
54,2.646,0.690466523170471
55,2.695,0.584713339805603
56,2.744,0.690929651260376
57,2.793,0.682593882083893
58,2.842,0.796223342418671
59,2.891,0.779575705528259
60,2.94,0.752666592597961
61,2.989,0.835795700550079
62,3.038,0.89818012714386
63,3.087,0.819390475749969
64,3.136,0.807593584060669
65,3.185,0.798425853252411
66,3.234,0.729546189308167
67,3.283,0.838268578052521
68,3.332,0.91562432050705
69,3.381,0.878093540668488
70,3.43,0.816450655460358
71,3.479,0.803713321685791
72,3.528,0.709919929504395
73,3.577,0.830522179603577
74,3.626,0.893647789955139
75,3.675,0.854388236999512
76,3.724,0.83860319852829
77,3.773,0.832637012004852
78,3.822,0.742120981216431
79,3.871,0.718013107776642
80,3.92,0.814192056655884
81,3.969,1.02311563491821
82,4.018,0.913589596748352
83,4.067,0.738957345485687
84,4.116,0.963490664958954
85,4.165,0.862080037593842
86,4.214,0.742550432682037
87,4.263,0.797465145587921
88,4.312,0.702738344669342
89,4.361,0.72583931684494
90,4.41,0.760558068752289
91,4.459,0.852326095104218
92,4.508,0.867002606391907
93,4.557,0.836921274662018
94,4.606,0.744378089904785
95,4.655,0.763138592243195
96,4.704,0.803581297397614
97,4.753,0.796584904193878
98,4.802,0.76051926612854
99,4.851,0.888334572315216
100,4.9,0.671022653579712
101,4.949,0.755963087081909
102,4.998,0.829787194728851
103,5.047,0.694292783737183
104,5.096,0.682927846908569
105,5.145,0.83689820766449
106,5.194,0.812607884407043
107,5.243,0.840603232383728
108,5.292,0.774520874023438
109,5.341,0.882528305053711
110,5.39,0.864357829093933
111,5.439,0.810671865940094
112,5.488,0.840431690216064
113,5.537,0.815679430961609
114,5.586,0.898993313312531
115,5.635,0.793047726154327
116,5.684,0.790094196796417
117,5.733,0.700978934764862
118,5.782,0.828406691551208
119,5.831,0.842189252376556
120,5.88,0.76007354259491
121,5.929,0.762627840042114
122,5.978,0.777674436569214
123,6.027,0.827767670154572
124,6.076,0.81154191493988
125,6.125,0.841045141220093
126,6.174,0.873445332050323
127,6.223,0.88088321685791
128,6.272,0.78979229927063
129,6.321,0.944815814495087
130,6.37,0.993034482002258
131,6.419,0.766629576683044
132,6.468,0.817394435405731
133,6.517,0.815402925014496
134,6.566,0.879459202289581
135,6.615,0.74293041229248
136,6.664,0.801715970039368
137,6.713,0.755590558052063
138,6.762,0.881253182888031
139,6.811,0.83477771282196
140,6.86,0.896470606327057
141,6.909,0.777835726737976
142,6.958,0.84182071685791
143,7.007,0.821447968482971
144,7.056,0.769772410392761
145,7.105,0.617938220500946
146,7.154,0.698407232761383
147,7.203,0.809103429317474
148,7.252,0.817610561847687
149,7.301,0.86268424987793
150,7.35,0.827747166156769
151,7.399,0.961439251899719
152,7.448,0.855825781822205
153,7.497,1.05062568187714
154,7.546,0.728342592716217
155,7.595,0.719241261482239
156,7.644,0.812345445156097
157,7.693,0.829684734344482
158,7.742,0.925585806369781
159,7.791,0.85695880651474
160,7.84,0.83490252494812
161,7.889,0.910756886005402
162,7.938,0.804228484630585
163,7.987,0.821476697921753
164,8.036,0.883431494235992
165,8.085,0.839879930019379
166,8.134,0.87236762046814
167,8.183,0.845012187957764
168,8.232,0.846632897853851
169,8.281,0.83629310131073
170,8.33,0.893375813961029
171,8.379,0.830470502376556
172,8.428,0.87471866607666
173,8.477,0.896979987621307
174,8.526,0.920306742191315
175,8.575,0.937689423561096
176,8.624,0.831192135810852
177,8.673,0.875378429889679
178,8.722,0.800347983837128
179,8.771,0.783141613006592
180,8.82,0.59742283821106
181,8.869,0.738595306873322
182,8.918,0.75382000207901
183,8.967,0.824960172176361
184,9.016,0.828168928623199
185,9.065,0.737995982170105
186,9.114,0.79238086938858
187,9.163,0.756852984428406
188,9.212,0.830507099628448
189,9.261,0.853393614292145
190,9.31,0.836286604404449
191,9.359,1.03719222545624
192,9.408,1.0016462802887
193,9.457,1.1812664270401
194,9.506,1.17887210845947
195,9.555,1.09634733200073
196,9.604,1.01332259178162
197,9.653,0.973794162273407
198,9.702,0.792199969291687
199,9.751,0.72282212972641
200,9.8,0.683347523212433
201,9.849,0.781106650829315
202,9.898,0.64716762304306
203,9.947,0.910774111747742
204,9.996,0.753441333770752
205,10.045,0.93843674659729
206,10.094,0.72783637046814
207,10.143,0.833498299121857
208,10.192,0.780291318893433
209,10.241,0.676680624485016
210,10.29,0.749050319194794
211,10.339,0.786211609840393
212,10.388,0.831078886985779
213,10.437,0.81543380022049
214,10.486,0.810223996639252
215,10.535,0.786590158939362
216,10.584,0.839225351810455
217,10.633,0.865176260471344
218,10.682,0.804422736167908
219,10.731,0.817894041538239
220,10.78,0.758225381374359
221,10.829,0.670620501041412
222,10.878,0.654702126979828
223,10.927,0.726166784763336
224,10.976,0.628965556621552
225,11.025,0.541241407394409
226,11.074,0.679801464080811
227,11.123,0.682677388191223
228,11.172,0.738196969032288
229,11.221,0.601490497589111
230,11.27,0.720137655735016
231,11.319,0.771804690361023
232,11.368,0.656071066856384
233,11.417,0.658953845500946
234,11.466,0.729548454284668
235,11.515,0.58452183008194
236,11.564,0.693585872650146
237,11.613,0.654872834682465
238,11.662,0.620335340499878
239,11.711,0.66171795129776
240,11.76,0.724018216133118
241,11.809,0.681087970733643
242,11.858,0.737924158573151
243,11.907,0.776748895645142
244,11.956,0.885553896427155
245,12.005,0.760594666004181
246,12.054,0.636960864067078
247,12.103,0.674811720848083
248,12.152,0.757902801036835
249,12.201,0.721941530704498
250,12.25,0.741906583309174
251,12.299,0.664943397045135
252,12.348,0.663659274578094
253,12.397,0.655294835567474
254,12.446,0.626895487308502
255,12.495,0.704128205776215
256,12.544,0.65963488817215
257,12.593,0.684720873832703
258,12.642,0.876658022403717
259,12.691,0.74407297372818
260,12.74,0.708855926990509
261,12.789,0.805532515048981
262,12.838,0.775641441345215
263,12.887,0.856187403202057
264,12.936,0.878884136676788
265,12.985,0.797251343727112
266,13.034,0.784761369228363
267,13.083,0.676450371742249
268,13.132,0.598180532455444
269,13.181,0.614480972290039
270,13.23,0.72947096824646
271,13.279,0.640222787857056
272,13.328,0.641096591949463
273,13.377,0.663625657558441
274,13.426,0.661536514759064
275,13.475,0.574820756912231
276,13.524,0.553892374038696
277,13.573,0.667760252952576
278,13.622,0.708170294761658
279,13.671,0.677857160568237
280,13.72,0.648346841335297
281,13.769,0.668642699718475
282,13.818,0.792870998382568
283,13.867,0.687405705451965
284,13.916,0.760653614997864
285,13.965,0.654757976531982
286,14.014,0.744792878627777
287,14.063,0.633477926254272
288,14.112,0.631412982940674
289,14.161,0.650707840919495
290,14.21,0.65396636724472
291,14.259,0.684695184230804
292,14.308,0.682805716991425
293,14.357,0.683233737945557
294,14.406,0.620142042636871
295,14.455,0.66255909204483
296,14.504,0.669992208480835
297,14.553,0.633855402469635
298,14.602,0.659485697746277
299,14.651,0.659168243408203
300,14.7,0.68060827255249
301,14.749,0.700937628746033
302,14.798,0.658470511436462
303,14.847,0.684886574745178
304,14.896,0.681558549404144
305,14.945,0.687281966209412
306,14.994,0.707385003566742
307,15.043,0.769088685512543
308,15.092,0.720046401023865
309,15.141,0.715096235275269
310,15.19,0.74127459526062
311,15.239,0.643930733203888
312,15.288,0.671640038490295
313,15.337,0.609997868537903
314,15.386,0.76296466588974
315,15.435,0.658234357833862
316,15.484,0.835603713989258
317,15.533,0.696104228496552
318,15.582,0.806046664714813
319,15.631,0.824219048023224
320,15.68,0.830050110816956
321,15.729,0.973998308181763
322,15.778,0.863450229167938
323,15.827,0.848779499530792
324,15.876,0.726969182491302
325,15.925,0.777499079704285
326,15.974,0.749943494796753
327,16.023,0.695493221282959
328,16.072,0.776911735534668
329,16.121,0.79955929517746
330,16.17,0.764082670211792
331,16.219,0.650627493858337
332,16.268,0.612980246543884
333,16.317,0.672948956489563
334,16.366,0.59388542175293
335,16.415,0.507284224033356
336,16.464,0.662941336631775
337,16.513,0.642049908638
338,16.562,0.686027407646179
339,16.611,0.604497969150543
340,16.66,0.675874352455139
341,16.709,0.677246689796448
342,16.758,0.579494953155518
343,16.807,0.558719515800476
344,16.856,0.523078918457031
345,16.905,0.552749574184418
346,16.954,0.786364018917084
347,17.003,0.744773805141449
348,17.052,0.792570352554321
349,17.101,0.788387417793274
350,17.15,0.790508508682251
351,17.199,0.953359544277191
352,17.248,0.798613548278809
353,17.297,0.827089846134186
354,17.346,0.740971922874451
355,17.395,0.893861889839172
356,17.444,1.07422208786011
357,17.493,0.889910459518433
358,17.542,0.875552177429199
359,17.591,0.968880236148834
360,17.64,0.87809032201767
361,17.689,1.02896332740784
362,17.738,0.781594693660736
363,17.787,0.811400353908539
364,17.836,0.781246244907379
365,17.885,0.793992221355438
366,17.934,0.771761119365692
367,17.983,0.708068132400513
368,18.032,0.680313289165497
369,18.081,0.66288685798645
370,18.13,0.831869661808014
371,18.179,0.859101176261902
372,18.228,0.850275993347168
373,18.277,0.892890930175781
374,18.326,0.921083092689514
375,18.375,0.771879911422729
376,18.424,0.759750127792358
377,18.473,0.82697856426239
378,18.522,0.976304054260254
379,18.571,0.936619997024536
380,18.62,0.774112820625305
381,18.669,0.782567620277405
382,18.718,0.769313871860504
383,18.767,0.654913723468781
384,18.816,0.814907670021057
385,18.865,0.833761811256409
386,18.914,0.766687870025635
387,18.963,0.63785457611084
388,19.012,0.605214178562164
389,19.061,0.68284147977829
390,19.11,0.684428751468658
391,19.159,0.719800412654877
392,19.208,0.711041748523712
393,19.257,0.767147481441498
394,19.306,0.730730891227722
395,19.355,0.847465991973877
396,19.404,0.784577012062073
397,19.453,0.854273676872253
398,19.502,0.793319582939148
399,19.551,0.708160698413849
400,19.6,0.877730488777161
401,19.649,0.781428039073944
402,19.698,0.717557668685913
403,19.747,0.651015043258667
404,19.796,0.628227353096008
405,19.845,0.682664811611176
406,19.894,0.697271287441254
407,19.943,0.729145228862762
408,19.992,0.719050824642181
409,20.041,0.652379035949707
410,20.09,0.670496940612793
411,20.139,0.716047704219818
412,20.188,0.710503101348877
413,20.237,0.61178731918335
414,20.286,0.644266545772552
415,20.335,0.755619049072266
416,20.384,0.758342146873474
417,20.433,0.70552396774292
418,20.482,0.725590944290161
419,20.531,0.553853750228882
420,20.58,0.74216240644455
421,20.629,0.679814875125885
422,20.678,0.665011763572693
423,20.727,0.657972872257233
424,20.776,0.555573165416718
425,20.825,0.629071116447449
426,20.874,0.678749859333038
427,20.923,0.683698534965515
428,20.972,0.664376735687256
429,21.021,0.583918869495392
430,21.07,0.616630077362061
431,21.119,0.536107420921326
432,21.168,0.727705359458923
433,21.217,0.723662078380585
434,21.266,0.647074222564697
435,21.315,0.664693236351013
436,21.364,0.64963161945343
437,21.413,0.738095700740814
438,21.462,0.74963390827179
439,21.511,0.750419914722443
440,21.56,0.673870980739594
441,21.609,0.690333902835846
442,21.658,0.625453114509583
443,21.707,0.636250257492065
444,21.756,0.640652596950531
445,21.805,0.638734579086304
446,21.854,0.686233043670654
447,21.903,0.7516028881073
448,21.952,0.777983784675598
449,22.001,0.726059973239899
450,22.05,0.694340407848358
451,22.099,0.859391748905182
452,22.148,0.95116925239563
453,22.197,0.826956450939178
454,22.246,0.778429687023163
455,22.295,0.73820835351944
456,22.344,0.69886326789856
457,22.393,0.792836666107178
458,22.442,0.914737701416016
459,22.491,0.805711030960083
460,22.54,0.773686110973358
461,22.589,0.733829319477081
462,22.638,0.896180212497711
463,22.687,0.938353955745697
464,22.736,0.698975026607513
465,22.785,0.717365503311157
466,22.834,0.761551797389984
467,22.883,0.660039067268372
468,22.932,0.674544751644135
469,22.981,0.584357440471649
470,23.03,0.667865395545959
471,23.079,0.750136137008667
472,23.128,0.68525892496109
473,23.177,0.662958741188049
474,23.226,0.657148241996765
475,23.275,0.769326567649841
476,23.324,0.752945125102997
477,23.373,0.814622700214386
478,23.422,0.737063467502594
479,23.471,0.767368674278259
480,23.52,0.714449465274811
481,23.569,0.800040900707245
482,23.618,0.885146975517273
483,23.667,0.743675768375397
484,23.716,0.686299204826355
485,23.765,0.690587162971497
486,23.814,0.733165800571442
487,23.863,0.736375033855438
488,23.912,0.820614159107208
489,23.961,0.790697157382965
490,24.01,0.790905594825745
491,24.059,0.824887156486511
492,24.108,0.855758249759674
493,24.157,0.712862551212311
494,24.206,0.704292118549347
495,24.255,0.76284259557724
496,24.304,0.912611901760101
497,24.353,0.830925583839417
498,24.402,0.836094856262207
499,24.451,0.740258038043976
500,24.5,0.647440671920776
501,24.549,0.779263854026794
502,24.598,0.709371328353882
503,24.647,0.818861126899719
504,24.696,0.919702112674713
505,24.745,0.792553067207336
506,24.794,0.89294844865799
507,24.843,0.952273488044739
508,24.892,0.789449870586395
509,24.941,0.752747416496277
510,24.99,0.721813142299652
511,25.039,0.876473009586334
512,25.088,0.884409427642822
513,25.137,0.741483390331268
514,25.186,0.767499625682831
515,25.235,0.732389211654663
516,25.284,0.666407942771912
517,25.333,0.706008851528168
518,25.382,0.662672996520996
519,25.431,0.661144196987152
520,25.48,0.66584175825119
521,25.529,0.722749888896942
522,25.578,0.702107489109039
523,25.627,0.752294361591339
524,25.676,0.755335927009583
525,25.725,0.841109454631805
526,25.774,0.791139662265778
527,25.823,0.743903815746307
528,25.872,0.713044226169586
529,25.921,0.7170290350914
530,25.97,0.77908581495285
531,26.019,0.653221905231476
532,26.068,0.726557672023773
533,26.117,0.773506104946136
534,26.166,0.782169759273529
535,26.215,0.725382506847382
536,26.264,0.813739955425262
537,26.313,0.667123556137085
538,26.362,0.648625075817108
539,26.411,0.705090224742889
540,26.46,0.708822071552277
541,26.509,0.877074658870697
542,26.558,0.827037513256073
543,26.607,0.755634903907776
544,26.656,0.647086143493652
545,26.705,0.61623078584671
546,26.754,0.704379856586456
547,26.803,0.767538845539093
548,26.852,0.812113583087921
549,26.901,0.59777969121933
550,26.95,0.616906404495239
551,26.999,0.588476598262787
552,27.048,0.639636099338531
553,27.097,0.645072042942047
554,27.146,0.609616935253143
555,27.195,0.695283830165863
556,27.244,0.674177467823029
557,27.293,0.651739120483398
558,27.342,0.805764317512512
559,27.391,0.612841010093689
560,27.44,0.63375461101532
561,27.489,0.635425925254822
562,27.538,0.674524962902069
563,27.587,0.714245975017548
564,27.636,0.771178543567657
565,27.685,0.752395331859589
566,27.734,0.615692794322968
567,27.783,0.720887899398804
568,27.832,0.669666826725006
569,27.881,0.562769412994385
570,27.93,0.723292469978333
571,27.979,0.731760621070862
572,28.028,0.630041599273682
573,28.077,0.650137424468994
574,28.126,0.715652108192444
575,28.175,0.709946691989899
576,28.224,0.848778069019318
577,28.273,0.894016563892365
578,28.322,0.9167760014534
579,28.371,0.69925594329834
580,28.42,0.82031124830246
581,28.469,0.712257981300354
582,28.518,0.781822562217712
583,28.567,0.754376888275146
584,28.616,0.625550210475922
585,28.665,0.633406579494476
586,28.714,0.65882396697998
587,28.763,0.638384282588959
588,28.812,0.792732894420624
589,28.861,0.84285831451416
590,28.91,0.817454218864441
591,28.959,0.66394430398941
592,29.008,0.76410186290741
593,29.057,0.726451456546783
594,29.106,0.621705889701843
595,29.155,0.700506567955017
596,29.204,0.758821606636047
597,29.253,0.653867959976196
598,29.302,0.656578600406647
599,29.351,0.679382979869843
600,29.4,0.760241150856018
601,29.449,0.672763288021088
602,29.498,0.624370098114014
603,29.547,0.684295654296875
604,29.596,0.774539649486542
605,29.645,0.678592562675476
606,29.694,0.714332580566406
607,29.743,0.620869755744934
608,29.792,0.703400313854218
609,29.841,0.616026520729065
610,29.89,0.636732637882233
611,29.939,0.759359002113342
612,29.988,0.728378891944885
613,30.037,0.630940556526184
614,30.086,0.624394595623016
615,30.135,0.695702195167542
616,30.184,0.624101758003235
617,30.233,0.685983657836914
618,30.282,0.720024406909943
619,30.331,0.66267329454422
620,30.38,0.587099254131317
621,30.429,0.590652287006378
622,30.478,0.581364870071411
623,30.527,0.623209297657013
624,30.576,0.600953698158264
625,30.625,0.718532681465149
626,30.674,0.717369735240936
627,30.723,0.640906035900116
628,30.772,0.522457420825958
629,30.821,0.703216731548309
630,30.87,0.738259971141815
631,30.919,0.662926852703094
632,30.968,0.766230165958405
633,31.017,0.783345758914948
634,31.066,0.828876137733459
635,31.115,0.653634428977966
636,31.164,0.733205735683441
637,31.213,0.592239856719971
638,31.262,0.826540470123291
639,31.311,0.60976505279541
640,31.36,0.687183201313019
641,31.409,0.66206282377243
642,31.458,0.687616527080536
643,31.507,0.714666247367859
644,31.556,0.665828824043274
645,31.605,0.754609763622284
646,31.654,0.720647752285004
647,31.703,0.682234227657318
648,31.752,0.864586710929871
649,31.801,0.762112259864807
650,31.85,0.942865133285522
651,31.899,0.890952885150909
652,31.948,0.760454118251801
653,31.997,0.773469150066376
654,32.046,0.740040063858032
655,32.095,0.874956071376801
656,32.144,0.791929841041565
657,32.193,0.969605207443237
658,32.242,0.904030859470367
659,32.291,0.701909780502319
660,32.34,0.721098959445953
661,32.389,0.601112723350525
662,32.438,0.733318209648132
663,32.487,0.70526510477066
664,32.536,0.854624807834625
665,32.585,0.718018412590027
666,32.634,0.797453045845032
667,32.683,0.747235596179962
668,32.732,0.675439774990082
669,32.781,0.763004243373871
670,32.83,0.780331909656525
671,32.879,0.850615322589874
672,32.928,0.93317574262619
673,32.977,0.972704946994781
674,33.026,0.867022812366486
675,33.075,0.793458759784698
676,33.124,0.749774277210236
677,33.173,0.68289989233017
678,33.222,0.768317580223083
679,33.271,0.68471747636795
680,33.32,0.645495116710663
681,33.369,0.819525301456451
682,33.418,0.69761073589325
683,33.467,0.861981391906738
684,33.516,0.760191202163696
685,33.565,0.804661631584167
686,33.614,0.784104287624359
687,33.663,0.752069234848022
688,33.712,0.824409961700439
689,33.761,0.735552489757538
690,33.81,0.858815014362335
691,33.859,0.855428874492645
692,33.908,0.87513941526413
693,33.957,0.706595122814178
694,34.006,0.69073623418808
695,34.055,0.885245025157928
696,34.104,0.836518168449402
697,34.153,0.799257695674896
698,34.202,0.838348090648651
699,34.251,0.838428974151611
700,34.3,0.679164409637451
701,34.349,0.733307182788849
702,34.398,0.781645238399506
703,34.447,0.846414804458618
704,34.496,0.793676674365997
705,34.545,0.792927384376526
706,34.594,0.810137331485748
707,34.643,0.79847264289856
708,34.692,0.819701254367828
709,34.741,0.735170900821686
710,34.79,0.923194050788879
711,34.839,0.899487733840942
712,34.888,0.916306555271149
713,34.937,0.893430411815643
714,34.986,0.808961629867554
715,35.035,0.8108771443367
716,35.084,0.886415600776672
717,35.133,0.813924431800842
718,35.182,0.859390556812286
719,35.231,0.785382509231567
720,35.28,0.787107646465302
721,35.329,0.772286117076874
722,35.378,0.926627993583679
723,35.427,0.790464580059052
724,35.476,0.783832371234894
725,35.525,0.776172459125519
726,35.574,0.692936420440674
727,35.623,0.696263313293457
728,35.672,0.803925335407257
729,35.721,0.8575679063797
730,35.77,0.848208427429199
731,35.819,0.782214522361755
732,35.868,0.749217391014099
733,35.917,0.670520663261414
734,35.966,0.64377623796463
735,36.015,0.754264891147614
736,36.064,0.825986564159393
737,36.113,0.68618506193161
738,36.162,0.82169646024704
739,36.211,0.66364598274231
740,36.26,0.621395349502563
741,36.309,0.637772262096405
742,36.358,0.71203601360321
743,36.407,0.742062151432037
744,36.456,0.673930406570435
745,36.505,0.649323582649231
746,36.554,0.8679159283638
747,36.603,0.738483607769012
748,36.652,0.875094175338745
749,36.701,0.771654427051544
750,36.75,0.668698132038116
751,36.799,0.693412661552429
752,36.848,0.799204587936401
753,36.897,0.725830912590027
754,36.946,0.764865159988403
755,36.995,0.685317635536194
756,37.044,0.643999516963959
757,37.093,0.667761504650116
758,37.142,0.672467410564423
759,37.191,0.689172744750977
760,37.24,0.737622678279877
761,37.289,0.668974816799164
762,37.338,0.651068866252899
763,37.387,0.68457967042923
764,37.436,0.711314737796783
765,37.485,0.790284276008606
766,37.534,0.727346360683441
767,37.583,0.761244535446167
768,37.632,0.811965227127075
769,37.681,0.820122480392456
770,37.73,0.743488252162933
771,37.779,0.779438078403473
772,37.828,0.960558593273163
773,37.877,0.755961775779724
774,37.926,0.783602476119995
775,37.975,0.698330044746399
776,38.024,0.695818185806274
777,38.073,0.721388041973114
778,38.122,0.795332968235016
779,38.171,0.701443195343018
780,38.22,0.791806638240814
781,38.269,0.853661894798279
782,38.318,0.875598073005676
783,38.367,0.939198434352875
784,38.416,0.95095556974411
785,38.465,0.817062199115753
786,38.514,0.816530108451843
787,38.563,0.682762801647186
788,38.612,0.71367359161377
789,38.661,0.757350385189056
790,38.71,0.797013700008392
791,38.759,0.834576070308685
792,38.808,0.915357172489166
793,38.857,0.828548729419708
794,38.906,0.853972136974335
795,38.955,0.894273340702057
796,39.004,0.871515691280365
797,39.053,0.872247397899628
798,39.102,0.972552418708801
799,39.151,0.976136147975922
800,39.2,0.969944357872009
801,39.249,1.05529522895813
802,39.298,0.907369911670685
803,39.347,0.874234318733215
804,39.396,0.817098021507263
805,39.445,0.645328462123871
806,39.494,0.785333037376404
807,39.543,0.774386703968048
808,39.592,0.765978991985321
809,39.641,0.76493889093399
810,39.69,0.768085777759552
811,39.739,0.763718962669373
812,39.788,0.716498613357544
813,39.837,0.660316467285156
814,39.886,0.712589144706726
815,39.935,0.712368607521057
816,39.984,0.667190670967102
817,40.033,0.716513991355896
818,40.082,0.592492938041687
819,40.131,0.670110762119293
820,40.18,0.652612090110779
821,40.229,0.65711772441864
822,40.278,0.671095490455627
823,40.327,0.835301518440247
824,40.376,0.780888140201569
825,40.425,0.721634387969971
826,40.474,0.859234690666199
827,40.523,0.76869797706604
828,40.572,0.867387592792511
829,40.621,0.771876871585846
830,40.67,0.891505360603333
831,40.719,0.952044427394867
832,40.768,0.83230447769165
833,40.817,0.684111833572388
834,40.866,0.836004555225372
835,40.915,0.849685728549957
836,40.964,0.768271327018738
837,41.013,0.784186840057373
838,41.062,0.608540296554565
839,41.111,0.670469760894775
840,41.16,0.666064023971558
841,41.209,0.726183295249939
842,41.258,0.68101978302002
843,41.307,0.59702455997467
844,41.356,0.600003302097321
845,41.405,0.678614020347595
846,41.454,0.600262820720673
847,41.503,0.67342072725296
848,41.552,0.782498061656952
849,41.601,0.694245874881744
850,41.65,0.621503293514252
851,41.699,0.708491206169128
852,41.748,0.641823530197144
853,41.797,0.63379579782486
854,41.846,0.598328232765198
855,41.895,0.557076990604401
856,41.944,0.572590947151184
857,41.993,0.698037922382355
858,42.042,0.658816277980804
859,42.091,0.695950627326965
860,42.14,0.652672708034515
861,42.189,0.773387968540192
862,42.238,0.702509522438049
863,42.287,0.769838869571686
864,42.336,0.826091766357422
865,42.385,0.853544354438782
866,42.434,0.846651792526245
867,42.483,0.801923811435699
868,42.532,0.723226606845856
869,42.581,0.744477152824402
870,42.63,0.703910827636719
871,42.679,0.666175663471222
872,42.728,0.600690901279449
873,42.777,0.698037326335907
874,42.826,0.798526525497437
875,42.875,0.728561460971832
876,42.924,0.885764896869659
877,42.973,0.821792125701904
878,43.022,0.811403870582581
879,43.071,0.716444969177246
880,43.12,0.643245041370392
881,43.169,0.749069035053253
882,43.218,0.730795741081238
883,43.267,0.84178763628006
884,43.316,0.79047554731369
885,43.365,0.879350543022156
886,43.414,0.850368738174438
887,43.463,0.769595205783844
888,43.512,0.836324393749237
889,43.561,0.80330616235733
890,43.61,0.802586734294891
891,43.659,0.886002421379089
892,43.708,0.773880839347839
893,43.757,0.693991184234619
894,43.806,0.769910871982574
895,43.855,0.75644838809967
896,43.904,0.811098396778107
897,43.953,0.707262933254242
898,44.002,0.877185642719269
899,44.051,0.758373260498047
900,44.1,0.843676328659058
901,44.149,0.87261974811554
902,44.198,0.829517245292664
903,44.247,0.801751375198364
904,44.296,0.929142892360687
905,44.345,0.809422969818115
906,44.394,1.12123954296112
907,44.443,1.12097239494324
908,44.492,1.02879226207733
909,44.541,0.92264062166214
910,44.59,0.904920160770416
911,44.639,0.789899289608002
912,44.688,0.821292340755463
913,44.737,0.766984343528748
914,44.786,0.718150913715363
915,44.835,0.739392995834351
916,44.884,0.76446670293808
917,44.933,0.581100583076477
918,44.982,0.746883988380432
919,45.031,0.877714335918427
920,45.08,0.838454067707062
921,45.129,0.793946266174316
922,45.178,0.739184021949768
923,45.227,0.75931304693222
924,45.276,0.816755414009094
925,45.325,0.734308063983917
926,45.374,0.762442350387573
927,45.423,0.808471500873566
928,45.472,0.867121398448944
929,45.521,0.817691087722778
930,45.57,0.732677340507507
931,45.619,0.620080471038818
932,45.668,0.703731775283813
933,45.717,0.681930303573608
934,45.766,0.776281535625458
935,45.815,0.708471715450287
936,45.864,0.813373565673828
937,45.913,0.834805011749268
938,45.962,0.799453020095825
939,46.011,0.814842879772186
940,46.06,0.853724658489227
941,46.109,0.965569913387299
942,46.158,0.852044761180878
943,46.207,0.756784856319427
944,46.256,0.764248013496399
945,46.305,0.692311346530914
946,46.354,0.769502341747284
947,46.403,0.782206952571869
948,46.452,0.728135883808136
949,46.501,0.770997047424316
950,46.55,0.730151474475861
951,46.599,0.789644062519073
952,46.648,0.731817603111267
953,46.697,0.728051960468292
954,46.746,0.841132402420044
955,46.795,0.694651901721954
956,46.844,0.66292679309845
957,46.893,0.756337642669678
958,46.942,0.789588689804077
959,46.991,0.674623012542725
960,47.04,0.588609278202057
961,47.089,0.757363677024841
962,47.138,0.649922609329224
963,47.187,0.764326751232147
964,47.236,0.829023420810699
965,47.285,0.683770835399628
966,47.334,0.664692103862762
967,47.383,0.774130165576935
968,47.432,0.707484424114227
969,47.481,0.878168761730194
970,47.53,0.678053975105286
971,47.579,0.81337434053421
972,47.628,0.756852149963379
973,47.677,0.682176351547241
974,47.726,0.63426661491394
975,47.775,0.772107481956482
976,47.824,0.701479196548462
977,47.873,0.776929438114166
978,47.922,0.810955226421356
979,47.971,0.759152233600616
980,48.02,0.833710491657257
981,48.069,0.827861189842224
982,48.118,0.886079728603363
983,48.167,0.83020693063736
984,48.216,0.815203547477722
985,48.265,0.740777313709259
986,48.314,0.918071806430817
987,48.363,0.891439318656921
988,48.412,0.880003988742828
989,48.461,0.804140508174896
990,48.51,0.867267549037933
991,48.559,0.713583052158356
992,48.608,1.01949071884155
993,48.657,1.00963258743286
994,48.706,1.00668144226074
995,48.755,0.878632247447968
996,48.804,0.899603426456451
997,48.853,0.728457152843475
998,48.902,0.743418037891388
999,48.951,0.657057881355286
1000,49,0.608171224594116
1001,49.049,0.743447721004486
1002,49.098,0.874667763710022
1003,49.147,0.718226253986359
1004,49.196,0.672551512718201
1005,49.245,0.637789785861969
1006,49.294,0.79253077507019
1007,49.343,0.863597750663757
1008,49.392,0.823365032672882
1009,49.441,0.755376040935516
1010,49.49,1.01564383506775
1011,49.539,0.986860811710358
1012,49.588,0.944561839103699
1013,49.637,0.859750747680664
1014,49.686,0.966646373271942
1015,49.735,0.906618237495422
1016,49.784,1.00536727905273
1017,49.833,0.941541075706482
1018,49.882,0.928261399269104
1019,49.931,0.79797488451004
1020,49.98,0.761662006378174
1021,50.029,0.820037961006165
1022,50.078,0.975481152534485
1023,50.127,0.951964735984802
1024,50.176,0.936076819896698
1025,50.225,0.918293714523315
1026,50.274,0.916524112224579
1027,50.323,0.870146870613098
1028,50.372,0.778544425964355
1029,50.421,0.892604291439056
1030,50.47,0.970879971981049
1031,50.519,0.91848212480545
1032,50.568,0.996868312358856
1033,50.617,0.955423831939697
1034,50.666,0.892275750637054
1035,50.715,0.957445561885834
1036,50.764,0.908390879631042
1037,50.813,0.814533829689026
1038,50.862,0.883488953113556
1039,50.911,1.00549972057343
1040,50.96,0.937843084335327
1041,51.009,0.825501143932343
1042,51.058,0.837246179580688
1043,51.107,0.792947590351105
1044,51.156,0.76778519153595
1045,51.205,0.752204239368439
1046,51.254,0.846365332603455
1047,51.303,0.81376576423645
1048,51.352,0.766870379447937
1049,51.401,0.786841690540314
1050,51.45,0.74079841375351
1051,51.499,0.808617651462555
1052,51.548,0.747137665748596
1053,51.597,0.851127862930298
1054,51.646,0.787334799766541
1055,51.695,0.652824878692627
1056,51.744,0.726617276668549
1057,51.793,0.873815357685089
1058,51.842,0.863441228866577
1059,51.891,0.952443540096283
1060,51.94,0.76351273059845
1061,51.989,0.800573468208313
1062,52.038,0.871559858322144
1063,52.087,0.8038170337677
1064,52.136,0.819773495197296
1065,52.185,0.836128532886505
1066,52.234,0.70518171787262
1067,52.283,0.97510153055191
1068,52.332,0.840093970298767
1069,52.381,1.02817976474762
1070,52.43,1.01562559604645
1071,52.479,1.21279942989349
1072,52.528,1.05753886699677
1073,52.577,1.19404733181
1074,52.626,0.985489904880524
1075,52.675,1.07039368152618
1076,52.724,1.00434935092926
1077,52.773,1.18124890327454
1078,52.822,1.08320379257202
1079,52.871,1.10084092617035
1080,52.92,0.904431641101837
1081,52.969,0.960159122943878
1082,53.018,1.13439881801605
1083,53.067,0.809491395950317
1084,53.116,1.08794915676117
1085,53.165,0.957780003547668
1086,53.214,1.00854134559631
1087,53.263,0.974056780338287
1088,53.312,0.910075545310974
1089,53.361,0.882562577724457
1090,53.41,0.933141648769379
1091,53.459,0.890007257461548
1092,53.508,0.816231608390808
1093,53.557,0.813279807567596
1094,53.606,0.935190558433533
1095,53.655,0.867254197597504
1096,53.704,0.805625319480896
1097,53.753,0.811071515083313
1098,53.802,0.942355871200562
1099,53.851,0.873405039310455
1100,53.9,0.863585472106934
1101,53.949,0.904444754123688
1102,53.998,1.12895941734314
1103,54.047,0.861435234546661
1104,54.096,0.720201849937439
1105,54.145,0.758347034454346
1106,54.194,0.728464186191559
1107,54.243,0.743818581104279
1108,54.292,0.685001730918884
1109,54.341,0.727698802947998
1110,54.39,0.811468482017517
1111,54.439,0.704304039478302
1112,54.488,0.750999987125397
1113,54.537,0.829667091369629
1114,54.586,0.955668807029724
1115,54.635,0.941121518611908
1116,54.684,1.01279985904694
1117,54.733,0.902359247207642
1118,54.782,0.863822400569916
1119,54.831,1.02189350128174
1120,54.88,0.992075383663177
1121,54.929,0.978499054908752
1122,54.978,1.15005779266357
1123,55.027,0.909087777137756
1124,55.076,0.895299077033997
1125,55.125,0.828181624412537
1126,55.174,0.785411655902863
1127,55.223,0.797736346721649
1128,55.272,0.7466921210289
1129,55.321,0.786071538925171
1130,55.37,0.678089022636414
1131,55.419,0.871610760688782
1132,55.468,0.914026021957397
1133,55.517,0.843097746372223
1134,55.566,0.980394005775452
1135,55.615,0.969545066356659
1136,55.664,0.94777250289917
1137,55.713,0.989587604999542
1138,55.762,0.979870975017548
1139,55.811,0.894089221954346
1140,55.86,0.818555414676666
1141,55.909,0.839274883270264
1142,55.958,0.792436301708221
1143,56.007,0.732311904430389
1144,56.056,0.83421778678894
1145,56.105,0.817782700061798
1146,56.154,0.949726462364197
1147,56.203,0.9173184633255
1148,56.252,0.994602262973785
1149,56.301,0.893945515155792
1150,56.35,0.876165270805359
1151,56.399,0.957161962985992
1152,56.448,0.845022022724152
1153,56.497,1.04731643199921
1154,56.546,1.15434551239014
1155,56.595,1.13452553749084
1156,56.644,0.884580612182617
1157,56.693,1.0280909538269
1158,56.742,1.0084388256073
1159,56.791,0.919319272041321
1160,56.84,0.870932459831238
1161,56.889,0.799460589885712
1162,56.938,0.83183079957962
1163,56.987,1.00433325767517
1164,57.036,1.0565869808197
1165,57.085,1.05612850189209
1166,57.134,0.898961126804352
1167,57.183,0.993804812431335
1168,57.232,0.900768160820007
1169,57.281,0.913243770599365
1170,57.33,0.902284443378448
1171,57.379,0.930983126163483
1172,57.428,0.935582339763641
1173,57.477,0.99952244758606
1174,57.526,0.875961363315582
1175,57.575,0.840069532394409
1176,57.624,0.81425154209137
1177,57.673,0.93587589263916
1178,57.722,0.780708312988281
1179,57.771,0.742678642272949
1180,57.82,0.939500510692596
1181,57.869,0.832753896713257
1182,57.918,0.80457991361618
1183,57.967,0.925018429756165
1184,58.016,0.766569197177887
1185,58.065,0.871789157390594
1186,58.114,0.849839687347412
1187,58.163,0.89552253484726
1188,58.212,0.812598764896393
1189,58.261,0.874685883522034
1190,58.31,0.82617050409317
1191,58.359,1.03029000759125
1192,58.408,0.818401038646698
1193,58.457,0.860675930976868
1194,58.506,0.753918886184692
1195,58.555,0.638597071170807
1196,58.604,0.669657170772552
1197,58.653,0.732606887817383
1198,58.702,0.682650744915009
1199,58.751,0.659111857414246
1200,58.8,0.746605634689331
1201,58.849,0.77599561214447
1202,58.898,0.822787046432495
1203,58.947,0.715448915958405
1204,58.996,0.695859491825104
1205,59.045,0.952084839344025
1206,59.094,0.834082543849945
1207,59.143,0.743498682975769
1208,59.192,0.925249695777893
1209,59.241,0.818242073059082
1210,59.29,0.847525715827942
1211,59.339,0.793036639690399
1212,59.388,0.862600088119507
1213,59.437,0.833042085170746
1214,59.486,0.875388145446777
1215,59.535,1.00834918022156
1216,59.584,0.987327098846436
1217,59.633,0.921718716621399
1218,59.682,0.867044925689697
1219,59.731,0.948584377765656
1220,59.78,0.755794882774353
1221,59.829,0.937763214111328
1222,59.878,1.06156396865845
1223,59.927,1.01508927345276
1224,59.976,0.984371364116669
1225,60.025,1.02768087387085
1226,60.074,0.931543350219727
1227,60.123,0.878934979438782
1228,60.172,0.81350439786911
1229,60.221,0.93281877040863
1230,60.27,0.932510733604431
1231,60.319,0.995862424373627
1232,60.368,1.02150738239288
1233,60.417,0.858447968959808
1234,60.466,0.926520347595215
1235,60.515,0.930962979793549
1236,60.564,0.978985011577606
1237,60.613,0.928308069705963
1238,60.662,0.809987306594849
1239,60.711,0.863224029541016
1240,60.76,0.705830812454224
1241,60.809,0.847477614879608
1242,60.858,0.85935252904892
1243,60.907,0.884492099285126
1244,60.956,0.954508125782013
1245,61.005,0.785336792469025
1246,61.054,0.838869631290436
1247,61.103,0.724331676959991
1248,61.152,0.844505310058594
1249,61.201,0.950191497802734
1250,61.25,0.882287442684174
1251,61.299,0.723280966281891
1252,61.348,0.856473565101624
1253,61.397,0.747174739837646
1254,61.446,0.741009116172791
1255,61.495,0.737908601760864
1256,61.544,0.824176967144012
1257,61.593,0.893788635730743
1258,61.642,0.820854902267456
1259,61.691,0.825158894062042
1260,61.74,0.863617777824402
1261,61.789,0.886489808559418
1262,61.838,0.825541794300079
1263,61.887,0.852818369865417
1264,61.936,0.716184258460999
1265,61.985,0.829284012317657
1266,62.034,0.748862624168396
1267,62.083,0.865583777427673
1268,62.132,0.808224558830261
1269,62.181,0.721179127693176
1270,62.23,0.706862807273865
1271,62.279,0.714482009410858
1272,62.328,0.777669191360474
1273,62.377,0.758719444274902
1274,62.426,0.624498724937439
1275,62.475,0.689242720603943
1276,62.524,0.699283003807068
1277,62.573,0.614779055118561
1278,62.622,0.842135787010193
1279,62.671,0.795863270759583
1280,62.72,0.733291447162628
1281,62.769,0.89160144329071
1282,62.818,0.942175686359406
1283,62.867,0.830854475498199
1284,62.916,0.820424437522888
1285,62.965,0.757509231567383
1286,63.014,0.826386690139771
1287,63.063,0.611975073814392
1288,63.112,0.759169340133667
1289,63.161,0.760017156600952
1290,63.21,0.856376945972443
1291,63.259,0.774254739284515
1292,63.308,0.748168706893921
1293,63.357,0.709765017032623
1294,63.406,0.790514051914215
1295,63.455,0.7597416639328
1296,63.504,0.689770698547363
1297,63.553,0.726049363613129
1298,63.602,0.79033374786377
1299,63.651,0.80214136838913
1300,63.7,0.887500047683716
1301,63.749,0.947645962238312
1302,63.798,0.952970266342163
1303,63.847,0.888957560062408
1304,63.896,0.886263847351074
1305,63.945,0.851762533187866
1306,63.994,0.929597318172455
1307,64.043,0.889878988265991
1308,64.092,0.930571138858795
1309,64.141,0.884484767913818
1310,64.19,0.681159019470215
1311,64.239,0.684307038784027
1312,64.288,0.655680418014526
1313,64.337,0.671339809894562
1314,64.386,0.640694379806519
1315,64.435,0.616917848587036
1316,64.484,0.584453523159027
1317,64.533,0.699572086334229
1318,64.582,0.798224329948425
1319,64.631,0.724417626857758
1320,64.68,0.674865484237671
1321,64.729,0.822704255580902
1322,64.778,0.772311747074127
1323,64.827,0.758927166461945
1324,64.876,0.866857051849365
1325,64.925,0.754751980304718
1326,64.974,0.70795214176178
1327,65.023,0.766455113887787
1328,65.072,0.746925354003906
1329,65.121,0.944226562976837
1330,65.17,0.869964957237244
1331,65.219,0.893273532390594
1332,65.268,0.813334047794342
1333,65.317,0.80357038974762
1334,65.366,0.850064694881439
1335,65.415,0.754960954189301
1336,65.464,0.825280547142029
1337,65.513,0.842862665653229
1338,65.562,0.77340704202652
1339,65.611,0.95246034860611
1340,65.66,0.756213068962097
1341,65.709,0.814271628856659
1342,65.758,0.71077686548233
1343,65.807,0.762439429759979
1344,65.856,0.70677250623703
1345,65.905,0.827542722225189
1346,65.954,0.848719537258148
1347,66.003,0.8442103266716
1348,66.052,0.684244751930237
1349,66.101,0.73447859287262
1350,66.15,0.696987211704254
1351,66.199,0.758400201797485
1352,66.248,0.852816224098206
1353,66.297,0.880947589874268
1354,66.346,0.738100647926331
1355,66.395,0.695028066635132
1356,66.444,0.750120162963867
1357,66.493,0.74315619468689
1358,66.542,0.799042224884033
1359,66.591,0.877523481845856
1360,66.64,0.922258913516998
1361,66.689,0.832153677940369
1362,66.738,0.75689435005188
1363,66.787,0.696079254150391
1364,66.836,0.692674517631531
1365,66.885,0.750018417835236
1366,66.934,0.712367415428162
1367,66.983,0.757945537567139
1368,67.032,0.707214117050171
1369,67.081,0.803582608699799
1370,67.13,0.710258662700653
1371,67.179,0.813935577869415
1372,67.228,0.722367107868195
1373,67.277,0.740434348583221
1374,67.326,0.747193276882172
1375,67.375,0.76442939043045
1376,67.424,0.782326102256775
1377,67.473,0.89484304189682
1378,67.522,0.853286325931549
1379,67.571,0.905960977077484
1380,67.62,0.836442589759827
1381,67.669,0.879945993423462
1382,67.718,0.885575294494629
1383,67.767,0.848482966423035
1384,67.816,0.888993144035339
1385,67.865,0.780358731746674
1386,67.914,0.938728988170624
1387,67.963,0.90124386548996
1388,68.012,0.871874213218689
1389,68.061,0.957410871982574
1390,68.11,0.965272605419159
1391,68.159,1.02514684200287
1392,68.208,1.05327999591827
1393,68.257,0.972592115402222
1394,68.306,0.922312796115875
1395,68.355,1.08567094802856
1396,68.404,1.01871621608734
1397,68.453,0.977701425552368
1398,68.502,0.979019284248352
1399,68.551,0.838751912117004
1400,68.6,0.857506036758423
1401,68.649,0.856864631175995
1402,68.698,0.926949262619019
1403,68.747,0.842945694923401
1404,68.796,0.860670268535614
1405,68.845,0.98285436630249
1406,68.894,0.828908085823059
1407,68.943,0.865850508213043
1408,68.992,0.937751114368439
1409,69.041,0.944204986095428
1410,69.09,0.889453053474426
1411,69.139,0.934499204158783
1412,69.188,0.982230067253113
1413,69.237,1.02253043651581
1414,69.286,1.08067405223846
1415,69.335,1.18368315696716
1416,69.384,0.924500107765198
1417,69.433,0.976064562797546
1418,69.482,0.853723704814911
1419,69.531,0.828622579574585
1420,69.58,0.875149846076965
1421,69.629,0.810531198978424
1422,69.678,0.795599579811096
1423,69.727,0.624507308006287
1424,69.776,0.749803602695465
1425,69.825,0.777704954147339
1426,69.874,0.765403866767883
1427,69.923,0.898632407188416
1428,69.972,0.909720659255981
1429,70.021,0.877794742584229
1430,70.07,0.875286400318146
1431,70.119,1.07003128528595
1432,70.168,0.8908611536026
1433,70.217,0.892821371555328
1434,70.266,0.933133065700531
1435,70.315,0.93720668554306
1436,70.364,0.962454974651337
1437,70.413,0.897146880626678
1438,70.462,0.977750837802887
1439,70.511,0.934598028659821
1440,70.56,1.03944766521454
1441,70.609,0.835089325904846
1442,70.658,0.828040301799774
1443,70.707,0.806680142879486
1444,70.756,0.849678337574005
1445,70.805,0.878601789474487
1446,70.854,0.864151656627655
1447,70.903,0.963355422019958
1448,70.952,0.887480437755585
1449,71.001,0.843289315700531
1450,71.05,0.987049221992493
1451,71.099,0.984393835067749
1452,71.148,0.874508142471313
1453,71.197,0.874571025371552
1454,71.246,0.86404675245285
1455,71.295,0.846665024757385
1456,71.344,0.830370783805847
1457,71.393,0.954998016357422
1458,71.442,0.845572471618652
1459,71.491,0.886549532413483
1460,71.54,0.974020302295685
1461,71.589,0.850035130977631
1462,71.638,0.959177076816559
1463,71.687,0.868369162082672
1464,71.736,0.79753053188324
1465,71.785,0.98770934343338
1466,71.834,0.96216344833374
1467,71.883,1.0037567615509
1468,71.932,0.921240031719208
1469,71.981,0.766542911529541
1470,72.03,0.789403736591339
1471,72.079,0.831640958786011
1472,72.128,0.952202022075653
1473,72.177,0.900642395019531
1474,72.226,0.937503635883331
1475,72.275,0.848034143447876
1476,72.324,0.918833374977112
1477,72.373,0.862134575843811
1478,72.422,0.958212494850159
1479,72.471,0.917584836483002
1480,72.52,0.902559041976929
1481,72.569,0.937801420688629
1482,72.618,0.763908624649048
1483,72.667,0.796910285949707
1484,72.716,0.897635340690613
1485,72.765,0.852582514286041
1486,72.814,0.925271153450012
1487,72.863,0.950449168682098
1488,72.912,0.829453766345978
1489,72.961,0.853472590446472
1490,73.01,0.861344397068024
1491,73.059,0.935125410556793
1492,73.108,1.03343570232391
1493,73.157,0.923584699630737
1494,73.206,0.901566445827484
1495,73.255,0.908265113830566
1496,73.304,0.977191627025604
1497,73.353,0.964706718921661
1498,73.402,1.05812156200409
1499,73.451,1.01444756984711
1500,73.5,0.999838769435883
1501,73.549,1.11491703987122
1502,73.598,1.10636568069458
1503,73.647,1.11626076698303
1504,73.696,1.06915080547333
1505,73.745,0.979534566402435
1506,73.794,1.07480502128601
1507,73.843,0.960308492183685
1508,73.892,0.916658699512482
1509,73.941,1.02138841152191
1510,73.99,1.02071511745453
1511,74.039,0.994391798973083
1512,74.088,0.877091407775879
1513,74.137,1.10983073711395
1514,74.186,0.910720765590668
1515,74.235,0.893011212348938
1516,74.284,0.880303263664246
1517,74.333,0.857456207275391
1518,74.382,0.885566055774689
1519,74.431,0.863007128238678
1520,74.48,0.731767296791077
1521,74.529,0.703504204750061
1522,74.578,0.716136634349823
1523,74.627,0.694542348384857
1524,74.676,0.723110020160675
1525,74.725,0.842872679233551
1526,74.774,0.904145956039429
1527,74.823,0.954312205314636
1528,74.872,0.838682889938354
1529,74.921,1.07379019260406
1530,74.97,0.872636079788208
1531,75.019,0.973404228687286
1532,75.068,0.968980967998505
1533,75.117,0.918339729309082
1534,75.166,1.06285345554352
1535,75.215,0.801663517951965
1536,75.264,0.929505884647369
1537,75.313,0.976723551750183
1538,75.362,0.927464485168457
1539,75.411,0.881214141845703
1540,75.46,0.803442895412445
1541,75.509,0.826400876045227
1542,75.558,0.852621018886566
1543,75.607,0.889685213565826
1544,75.656,0.87413102388382
1545,75.705,0.892213106155396
1546,75.754,0.95109087228775
1547,75.803,0.965722024440765
1548,75.852,0.861286520957947
1549,75.901,0.88367372751236
1550,75.95,0.87552273273468
1551,75.999,1.01695418357849
1552,76.048,0.830311477184296
1553,76.097,0.811355471611023
1554,76.146,0.827957212924957
1555,76.195,1.06773281097412
1556,76.244,0.949462115764618
1557,76.293,0.940978288650513
1558,76.342,1.00547671318054
1559,76.391,0.82643324136734
1560,76.44,0.970989942550659
1561,76.489,0.74716317653656
1562,76.538,0.631879568099976
1563,76.587,0.700414955615997
1564,76.636,0.788181185722351
1565,76.685,0.799820125102997
1566,76.734,0.89503425359726
1567,76.783,0.910636901855469
1568,76.832,0.903887152671814
1569,76.881,0.825208067893982
1570,76.93,0.789853870868683
1571,76.979,0.852647960186005
1572,77.028,0.785029232501984
1573,77.077,0.906747996807098
1574,77.126,0.697926044464111
1575,77.175,0.837264060974121
1576,77.224,0.809220790863037
1577,77.273,0.869592845439911
1578,77.322,0.791865885257721
1579,77.371,0.918904542922974
1580,77.42,0.835903763771057
1581,77.469,0.80983567237854
1582,77.518,0.758285045623779
1583,77.567,0.833546340465546
1584,77.616,0.82202136516571
1585,77.665,0.805737137794495
1586,77.714,0.753886818885803
1587,77.763,0.748024940490723
1588,77.812,0.728791654109955
1589,77.861,0.748378574848175
1590,77.91,0.77611631155014
1591,77.959,0.874618709087372
1592,78.008,0.877909481525421
1593,78.057,0.726041972637177
1594,78.106,0.61844789981842
1595,78.155,0.802375257015228
1596,78.204,0.908316254615784
1597,78.253,0.816098272800446
1598,78.302,0.78911417722702
1599,78.351,0.863834917545319
1600,78.4,0.840662777423859
1601,78.449,0.853428840637207
1602,78.498,0.893853545188904
1603,78.547,0.87830775976181
1604,78.596,0.885762631893158
1605,78.645,0.951712787151337
1606,78.694,0.948174893856049
1607,78.743,0.841191709041595
1608,78.792,0.863514959812164
1609,78.841,0.979373216629028
1610,78.89,0.73892068862915
1611,78.939,0.853788912296295
1612,78.988,0.774497091770172
1613,79.037,0.928540050983429
1614,79.086,0.973600387573242
1615,79.135,0.884881913661957
1616,79.184,0.897501707077026
1617,79.233,0.772049129009247
1618,79.282,0.854537546634674
1619,79.331,0.965451538562775
1620,79.38,0.810846269130707
1621,79.429,0.844858705997467
1622,79.478,0.866406083106995
1623,79.527,0.996001183986664
1624,79.576,0.987695157527924
1625,79.625,0.928585827350616
1626,79.674,0.928514182567596
1627,79.723,0.928451776504517
1628,79.772,0.953446865081787
1629,79.821,1.03356027603149
1630,79.87,0.786589682102203
1631,79.919,0.818691849708557
1632,79.968,0.814385294914246
1633,80.017,0.87839949131012
1634,80.066,0.608931481838226
1635,80.115,0.779365181922913
1636,80.164,0.705357253551483
1637,80.213,0.625233590602875
1638,80.262,0.717162728309631
1639,80.311,0.842476606369019
1640,80.36,0.803961575031281
1641,80.409,0.785020232200623
1642,80.458,0.756856560707092
1643,80.507,0.750855803489685
1644,80.556,0.754427015781403
1645,80.605,0.845146358013153
1646,80.654,0.846750557422638
1647,80.703,0.844713687896729
1648,80.752,0.810148000717163
1649,80.801,0.900429725646973
1650,80.85,0.957495629787445
1651,80.899,1.14110803604126
1652,80.948,1.08821499347687
1653,80.997,1.13317096233368
1654,81.046,0.990393579006195
1655,81.095,0.957949280738831
1656,81.144,0.968080461025238
1657,81.193,0.956226170063019
1658,81.242,1.06263720989227
1659,81.291,0.924829125404358
1660,81.34,1.16255033016205
1661,81.389,1.02397274971008
1662,81.438,1.01864552497864
1663,81.487,1.22104370594025
1664,81.536,1.07122886180878
1665,81.585,0.970524668693542
1666,81.634,0.964093685150146
1667,81.683,0.886761009693146
1668,81.732,0.811091363430023
1669,81.781,0.858392834663391
1670,81.83,0.861795246601105
1671,81.879,0.898573338985443
1672,81.928,0.940512716770172
1673,81.977,0.898005306720734
1674,82.026,0.952178001403809
1675,82.075,0.969002902507782
1676,82.124,0.76173597574234
1677,82.173,0.745335161685944
1678,82.222,0.88264125585556
1679,82.271,0.920177817344666
1680,82.32,0.891323566436768
1681,82.369,0.878057777881622
1682,82.418,0.923065006732941
1683,82.467,0.864587724208832
1684,82.516,0.845143020153046
1685,82.565,0.851260006427765
1686,82.614,0.719767332077026
1687,82.663,0.762415528297424
1688,82.712,0.740545213222504
1689,82.761,0.783872902393341
1690,82.81,0.787673532962799
1691,82.859,0.87669974565506
1692,82.908,0.741551041603088
1693,82.957,0.692274510860443
1694,83.006,0.752014338970184
1695,83.055,0.858837723731995
1696,83.104,0.784660398960114
1697,83.153,0.773404002189636
1698,83.202,0.916710257530212
1699,83.251,0.86005437374115
1700,83.3,0.933200478553772
1701,83.349,0.936037600040436
1702,83.398,0.768605053424835
1703,83.447,0.889070868492126
1704,83.496,0.799981832504272
1705,83.545,0.845376074314117
1706,83.594,0.784288287162781
1707,83.643,0.879831552505493
1708,83.692,0.788282990455627
1709,83.741,0.825043559074402
1710,83.79,0.839270114898682
1711,83.839,0.711188018321991
1712,83.888,0.776111900806427
1713,83.937,0.84154599905014
1714,83.986,0.970110833644867
1715,84.035,1.05780804157257
1716,84.084,1.10849177837372
1717,84.133,1.03287529945374
1718,84.182,0.914848029613495
1719,84.231,0.949938476085663
1720,84.28,0.868380427360535
1721,84.329,0.969541668891907
1722,84.378,0.683825492858887
1723,84.427,0.789457976818085
1724,84.476,0.774685263633728
1725,84.525,0.707422316074371
1726,84.574,0.682318806648254
1727,84.623,0.750497281551361
1728,84.672,0.74926370382309
1729,84.721,0.778708159923553
1730,84.77,0.663843035697937
1731,84.819,0.712342619895935
1732,84.868,0.801982164382935
1733,84.917,1.03187167644501
1734,84.966,0.932441473007202
1735,85.015,0.841016829013824
1736,85.064,0.828864276409149
1737,85.113,0.743593096733093
1738,85.162,0.857001066207886
1739,85.211,1.00747883319855
1740,85.26,0.945056319236755
1741,85.309,0.836021661758423
1742,85.358,0.863421738147736
1743,85.407,0.800202131271362
1744,85.456,0.76772803068161
1745,85.505,0.821020483970642
1746,85.554,0.73929089307785
1747,85.603,0.692492187023163
1748,85.652,0.699862778186798
1749,85.701,0.675867557525635
1750,85.75,0.639343321323395
1751,85.799,0.714593410491943
1752,85.848,0.7581507563591
1753,85.897,0.826698899269104
1754,85.946,0.776194036006927
1755,85.995,0.774717688560486
1756,86.044,0.883504569530487
1757,86.093,0.724853873252869
1758,86.142,0.940786361694336
1759,86.191,0.74670022726059
1760,86.24,0.795928597450256
1761,86.289,0.727378368377686
1762,86.338,0.741359770298004
1763,86.387,0.835848808288574
1764,86.436,0.828794956207275
1765,86.485,0.656254589557648
1766,86.534,0.848064184188843
1767,86.583,0.764637053012848
1768,86.632,0.805636525154114
1769,86.681,0.836267411708832
1770,86.73,0.831331610679626
1771,86.779,0.703510403633118
1772,86.828,0.672507107257843
1773,86.877,0.708789706230164
1774,86.926,0.842723548412323
1775,86.975,0.830000400543213
1776,87.024,0.789791285991669
1777,87.073,0.786779761314392
1778,87.122,0.803089797496796
1779,87.171,1.03961718082428
1780,87.22,0.923243999481201
1781,87.269,0.870700836181641
1782,87.318,0.895632088184357
1783,87.367,0.956707060337067
1784,87.416,0.923581302165985
1785,87.465,0.786621451377869
1786,87.514,0.87768566608429
1787,87.563,0.815825581550598
1788,87.612,1.01742351055145
1789,87.661,0.92876011133194
1790,87.71,0.918249487876892
1791,87.759,0.829277813434601
1792,87.808,0.906593680381775
1793,87.857,0.936778008937836
1794,87.906,1.03768801689148
1795,87.955,0.951202750205994
1796,88.004,0.818517208099365
1797,88.053,0.847711980342865
1798,88.102,0.911999642848969
1799,88.151,0.830173254013062
1800,88.2,0.778538405895233
1801,88.249,0.829569280147552
1802,88.298,0.953759610652924
1803,88.347,0.893431723117828
1804,88.396,0.857195019721985
1805,88.445,0.766821324825287
1806,88.494,0.815135061740875
1807,88.543,0.744010746479034
1808,88.592,0.62978982925415
1809,88.641,0.77735960483551
1810,88.69,0.732280313968658
1811,88.739,0.74850070476532
1812,88.788,0.780867993831635
1813,88.837,0.745002329349518
1814,88.886,0.801136195659637
1815,88.935,0.88718181848526
1816,88.984,1.17427229881287
1817,89.033,1.00831985473633
1818,89.082,0.975756704807281
1819,89.131,0.967468738555908
1820,89.18,0.958088397979736
1821,89.229,0.905232310295105
1822,89.278,0.875746965408325
1823,89.327,0.817148864269257
1824,89.376,0.991965770721436
1825,89.425,0.795137882232666
1826,89.474,0.762785792350769
1827,89.523,0.761759281158447
1828,89.572,0.852086901664734
1829,89.621,0.889470219612122
1830,89.67,0.947455644607544
1831,89.719,0.934618353843689
1832,89.768,0.921823263168335
1833,89.817,0.990661799907684
1834,89.866,1.01525986194611
1835,89.915,1.07318830490112
1836,89.964,0.95367294549942
1837,90.013,1.09484887123108
1838,90.062,1.05281960964203
1839,90.111,1.02459871768951
1840,90.16,0.880675733089447
1841,90.209,0.943857312202454
1842,90.258,0.994377195835114
1843,90.307,0.937815546989441
1844,90.356,1.08301556110382
1845,90.405,0.954108774662018
1846,90.454,1.01647543907166
1847,90.503,0.997832000255585
1848,90.552,0.996663808822632
1849,90.601,0.889414429664612
1850,90.65,0.875147759914398
1851,90.699,0.756046175956726
1852,90.748,0.874967753887177
1853,90.797,0.841421961784363
1854,90.846,0.789518058300018
1855,90.895,0.731996119022369
1856,90.944,0.745744466781616
1857,90.993,0.793765068054199
1858,91.042,0.857074618339539
1859,91.091,0.917755126953125
1860,91.14,0.956739246845245
1861,91.189,0.994630515575409
1862,91.238,0.896748602390289
1863,91.287,0.872649073600769
1864,91.336,0.69400429725647
1865,91.385,0.675556898117065
1866,91.434,0.809410929679871
1867,91.483,0.762147068977356
1868,91.532,0.708137214183807
1869,91.581,0.731209397315979
1870,91.63,0.705877840518951
1871,91.679,0.742046475410461
1872,91.728,0.743347764015198
1873,91.777,0.755222499370575
1874,91.826,0.865547835826874
1875,91.875,0.805240869522095
1876,91.924,0.717364728450775
1877,91.973,0.866388738155365
1878,92.022,0.731609404087067
1879,92.071,0.785874545574188
1880,92.12,0.800280451774597
1881,92.169,0.707142114639282
1882,92.218,0.664706647396088
1883,92.267,0.612331092357635
1884,92.316,0.71817147731781
1885,92.365,0.708432137966156
1886,92.414,0.697561979293823
1887,92.463,0.855774521827698
1888,92.512,0.773944199085236
1889,92.561,0.789564430713654
1890,92.61,0.88863217830658
1891,92.659,0.832274973392487
1892,92.708,0.720758199691772
1893,92.757,0.742691278457642
1894,92.806,0.872097373008728
1895,92.855,0.866071403026581
1896,92.904,0.814076483249664
1897,92.953,0.86108660697937
1898,93.002,0.835449695587158
1899,93.051,0.838729560375214
1900,93.1,0.766676783561707
1901,93.149,0.860579311847687
1902,93.198,0.836242318153381
1903,93.247,0.810654938220978
1904,93.296,0.813199937343597
1905,93.345,0.723600804805756
1906,93.394,0.835276484489441
1907,93.443,0.818101525306702
1908,93.492,0.81864720582962
1909,93.541,0.715862214565277
1910,93.59,0.644176006317139
1911,93.639,0.668964385986328
1912,93.688,0.776177585124969
1913,93.737,0.674979090690613
1914,93.786,0.739511549472809
1915,93.835,0.642718911170959
1916,93.884,0.73746794462204
1917,93.933,0.818613708019257
1918,93.982,0.92586475610733
1919,94.031,0.817415475845337
1920,94.08,0.78695148229599
1921,94.129,0.850863635540009
1922,94.178,0.855575263500214
1923,94.227,0.82288521528244
1924,94.276,0.784716546535492
1925,94.325,0.789758443832397
1926,94.374,0.732423841953278
1927,94.423,0.837500333786011
1928,94.472,0.767787933349609
1929,94.521,0.684124529361725
1930,94.57,0.765707015991211
1931,94.619,0.673786222934723
1932,94.668,0.810747623443604
1933,94.717,0.941695272922516
1934,94.766,0.891234993934631
1935,94.815,0.737312018871307
1936,94.864,0.670511603355408
1937,94.913,0.632489681243896
1938,94.962,0.675592660903931
1939,95.011,0.634168326854706
1940,95.06,0.663116276264191
1941,95.109,0.70035856962204
1942,95.158,0.858057677745819
1943,95.207,0.810495138168335
1944,95.256,0.750375628471375
1945,95.305,0.672914505004883
1946,95.354,0.794708847999573
1947,95.403,0.954088687896729
1948,95.452,0.88558042049408
1949,95.501,0.847146809101105
1950,95.55,0.727101981639862
1951,95.599,0.744415402412415
1952,95.648,0.895913124084473
1953,95.697,0.86445164680481
1954,95.746,0.913250267505646
1955,95.795,0.793375015258789
1956,95.844,0.8117755651474
1957,95.893,0.753928482532501
1958,95.942,0.766309022903442
1959,95.991,0.91062468290329
1960,96.04,0.802111327648163
1961,96.089,0.83660215139389
1962,96.138,0.724386513233185
1963,96.187,0.763409674167633
1964,96.236,0.739666640758514
1965,96.285,0.775490462779999
1966,96.334,0.906791687011719
1967,96.383,0.860407590866089
1968,96.432,0.909699618816376
1969,96.481,0.938147723674774
1970,96.53,0.953511774539948
1971,96.579,1.00894320011139
1972,96.628,0.953483641147614
1973,96.677,0.842358946800232
1974,96.726,0.98886638879776
1975,96.775,1.00343477725983
1976,96.824,1.01268196105957
1977,96.873,0.859423160552979
1978,96.922,0.919273197650909
1979,96.971,0.915054261684418
1980,97.02,0.919414162635803
1981,97.069,0.981168866157532
1982,97.118,0.894055247306824
1983,97.167,0.906036853790283
1984,97.216,0.876404106616974
1985,97.265,0.846877992153168
1986,97.314,0.747713387012482
1987,97.363,0.913329660892487
1988,97.412,1.06266903877258
1989,97.461,0.896438777446747
1990,97.51,0.919179677963257
1991,97.559,0.949340343475342
1992,97.608,0.832242131233215
1993,97.657,0.89745706319809
1994,97.706,0.849755764007568
1995,97.755,0.925765991210938
1996,97.804,0.979379236698151
1997,97.853,0.883568465709686
1998,97.902,0.832047462463379
1999,97.951,0.802272796630859
2000,98,0.808251798152924
2001,98.049,0.870971441268921
2002,98.098,0.87296736240387
2003,98.147,0.821044981479645
2004,98.196,0.95611447095871
2005,98.245,1.04751265048981
2006,98.294,1.11453890800476
2007,98.343,1.06285154819489
2008,98.392,0.942789912223816
2009,98.441,1.02661871910095
2010,98.49,1.00913023948669
2011,98.539,1.05968523025513
2012,98.588,1.1576269865036
2013,98.637,1.28730976581573
2014,98.686,1.19222140312195
2015,98.735,0.975969612598419
2016,98.784,1.06291747093201
2017,98.833,1.00639617443085
2018,98.882,0.955793559551239
2019,98.931,0.757916867733002
2020,98.98,0.929955720901489
2021,99.029,1.0731235742569
2022,99.078,1.11983621120453
2023,99.127,0.919689059257507
2024,99.176,0.925446450710297
2025,99.225,0.919422268867493
2026,99.274,0.978182375431061
2027,99.323,0.884993076324463
2028,99.372,0.894439280033112
2029,99.421,0.890991032123566
2030,99.47,0.909393191337585
2031,99.519,1.09895980358124
2032,99.568,1.03144717216492
2033,99.617,1.05431890487671
2034,99.666,0.90713107585907
2035,99.715,0.979944825172424
2036,99.764,0.982798039913177
2037,99.813,1.15016293525696
2038,99.862,1.13026309013367
2039,99.911,1.04256284236908
2040,99.96,0.882344841957092
2041,100.009,0.983971953392029
2042,100.058,0.925969302654266
2043,100.107,1.03110265731812
2044,100.156,0.927667438983917
2045,100.205,0.932226955890656
2046,100.254,0.897265315055847
2047,100.303,0.895615041255951
2048,100.352,0.904243528842926
2049,100.401,0.926604151725769
2050,100.45,0.786740243434906
2051,100.499,0.870540976524353
2052,100.548,0.822809517383575
2053,100.597,0.739566266536713
2054,100.646,0.819455802440643
2055,100.695,0.765915989875793
2056,100.744,0.732772409915924
2057,100.793,0.804850876331329
2058,100.842,0.79936671257019
2059,100.891,0.854554355144501
2060,100.94,0.876692712306976
2061,100.989,0.948566317558289
2062,101.038,0.779669463634491
2063,101.087,0.865332067012787
2064,101.136,1.02060651779175
2065,101.185,0.98232102394104
2066,101.234,0.959424018859863
2067,101.283,1.00517523288727
2068,101.332,1.05187404155731
2069,101.381,0.903189659118652
2070,101.43,0.942958950996399
2071,101.479,1.00222671031952
2072,101.528,0.995247721672058
2073,101.577,0.935234725475311
2074,101.626,0.940153121948242
2075,101.675,1.04779231548309
2076,101.724,1.01685905456543
2077,101.773,0.931479334831238
2078,101.822,0.95572304725647
2079,101.871,0.981679797172546
2080,101.92,0.854044616222382
2081,101.969,0.792057991027832
2082,102.018,0.897794425487518
2083,102.067,0.983493387699127
2084,102.116,0.951181828975677
2085,102.165,0.989077508449554
2086,102.214,0.893856465816498
2087,102.263,0.775535762310028
2088,102.312,0.787474691867828
2089,102.361,0.858995795249939
2090,102.41,0.817628026008606
2091,102.459,0.893551290035248
2092,102.508,0.930355846881866
2093,102.557,0.930661916732788
2094,102.606,0.843214809894562
2095,102.655,0.812322199344635
2096,102.704,0.899564027786255
2097,102.753,0.894644021987915
2098,102.802,0.870472550392151
2099,102.851,0.869417250156403
2100,102.9,0.944080293178558
2101,102.949,0.824178993701935
2102,102.998,1.18387532234192
2103,103.047,0.895182967185974
2104,103.096,1.03054916858673
2105,103.145,0.950272858142853
2106,103.194,1.01428866386414
2107,103.243,1.00802063941956
2108,103.292,0.883631229400635
2109,103.341,0.7476726770401
2110,103.39,0.69046950340271
2111,103.439,0.680794715881348
2112,103.488,0.729681015014648
2113,103.537,0.827495992183685
2114,103.586,0.734392583370209
2115,103.635,0.829705417156219
2116,103.684,0.677581131458282
2117,103.733,0.679247677326202
2118,103.782,0.666316270828247
2119,103.831,0.743673861026764
2120,103.88,0.679248631000519
2121,103.929,0.617461919784546
2122,103.978,0.630469918251038
2123,104.027,0.800863206386566
2124,104.076,0.901567935943604
2125,104.125,0.869459211826324
2126,104.174,0.893917083740234
2127,104.223,0.96858823299408
2128,104.272,1.00947070121765
2129,104.321,1.02221083641052
2130,104.37,0.866328716278076
2131,104.419,0.743574857711792
2132,104.468,0.748374998569489
2133,104.517,0.749193429946899
2134,104.566,0.874477088451385
2135,104.615,0.915363132953644
2136,104.664,0.937484800815582
2137,104.713,0.804612815380096
2138,104.762,0.931671679019928
2139,104.811,0.829528868198395
2140,104.86,0.749464333057404
2141,104.909,0.790004253387451
2142,104.958,0.940417766571045
2143,105.007,0.778961062431335
2144,105.056,0.837203025817871
2145,105.105,0.922387301921844
2146,105.154,0.868442237377167
2147,105.203,0.860271155834198
2148,105.252,0.844102799892426
2149,105.301,0.948915302753448
2150,105.35,0.985554456710815
2151,105.399,1.01939046382904
2152,105.448,1.07679510116577
2153,105.497,1.17603969573975
2154,105.546,1.04652655124664
2155,105.595,0.905537366867065
2156,105.644,0.831258177757263
2157,105.693,0.874600052833557
2158,105.742,0.91155606508255
2159,105.791,1.01505661010742
2160,105.84,0.770798563957214
2161,105.889,0.841029047966003
2162,105.938,0.957579135894775
2163,105.987,1.01740980148315
2164,106.036,0.877716541290283
2165,106.085,0.857162535190582
2166,106.134,0.838674068450928
2167,106.183,0.844122469425201
2168,106.232,0.833580255508423
2169,106.281,0.829614460468292
2170,106.33,1.04734134674072
2171,106.379,1.00179016590118
2172,106.428,0.764183700084686
2173,106.477,0.950333654880524
2174,106.526,0.854036450386047
2175,106.575,0.874003708362579
2176,106.624,0.918132543563843
2177,106.673,0.861646950244904
2178,106.722,0.802099823951721
2179,106.771,0.839800655841827
2180,106.82,1.04696929454803
2181,106.869,0.850886106491089
2182,106.918,0.857907891273499
2183,106.967,0.930554151535034
2184,107.016,1.06969332695007
2185,107.065,1.07077348232269
2186,107.114,0.901506781578064
2187,107.163,1.03509378433228
2188,107.212,0.93311733007431
2189,107.261,1.04081356525421
2190,107.31,0.910182774066925
2191,107.359,0.917418479919434
2192,107.408,0.897453010082245
2193,107.457,0.93184357881546
2194,107.506,0.957483530044556
2195,107.555,0.931084215641022
2196,107.604,0.890416204929352
2197,107.653,0.810554802417755
2198,107.702,0.833403348922729
2199,107.751,0.853077590465546
2200,107.8,0.897364735603333
2201,107.849,0.905739724636078
2202,107.898,0.864839911460876
2203,107.947,0.808966636657715
2204,107.996,0.788659036159515
2205,108.045,0.801926910877228
2206,108.094,0.750254452228546
2207,108.143,0.709692597389221
2208,108.192,0.668407797813416
2209,108.241,0.712375462055206
2210,108.29,0.775403380393982
2211,108.339,0.867182850837708
2212,108.388,0.877224564552307
2213,108.437,0.80043488740921
2214,108.486,0.797440707683563
2215,108.535,0.734539806842804
2216,108.584,0.788607239723206
2217,108.633,0.68531334400177
2218,108.682,0.74719762802124
2219,108.731,0.743247628211975
2220,108.78,0.756101489067078
2221,108.829,0.787956953048706
2222,108.878,0.877967596054077
2223,108.927,0.725431978702545
2224,108.976,0.747302711009979
2225,109.025,0.835343956947327
2226,109.074,0.865872263908386
2227,109.123,0.916837811470032
2228,109.172,0.891966819763184
2229,109.221,0.865852415561676
2230,109.27,0.887250304222107
2231,109.319,1.0301468372345
2232,109.368,1.03755497932434
2233,109.417,1.08658504486084
2234,109.466,0.898768782615662
2235,109.515,0.904930651187897
2236,109.564,0.911908030509949
2237,109.613,0.850728869438171
2238,109.662,0.946168065071106
2239,109.711,0.870410203933716
2240,109.76,0.984753847122192
2241,109.809,0.948768377304077
2242,109.858,0.775890648365021
2243,109.907,0.980176389217377
2244,109.956,1.02157402038574
2245,110.005,0.941628873348236
2246,110.054,1.03034389019012
2247,110.103,1.04724943637848
2248,110.152,0.919380187988281
2249,110.201,1.02734458446503
2250,110.25,0.919017553329468
2251,110.299,0.961372077465057
2252,110.348,1.0058182477951
2253,110.397,1.1873676776886
2254,110.446,1.1117205619812
2255,110.495,1.1924501657486
2256,110.544,1.10023963451385
2257,110.593,1.04291164875031
2258,110.642,1.07243919372559
2259,110.691,1.01885378360748
2260,110.74,0.996890902519226
2261,110.789,1.13359642028809
2262,110.838,1.03701186180115
2263,110.887,1.06240832805634
2264,110.936,1.12994015216827
2265,110.985,1.17091965675354
2266,111.034,1.01566636562347
2267,111.083,1.09954702854156
2268,111.132,1.0990983247757
2269,111.181,1.10152339935303
2270,111.23,1.10307598114014
2271,111.279,1.00110054016113
2272,111.328,1.00294888019562
2273,111.377,1.08921587467194
2274,111.426,1.08291482925415
2275,111.475,1.11647081375122
2276,111.524,1.2154952287674
2277,111.573,1.26273930072784
2278,111.622,1.3140652179718
2279,111.671,1.23847818374634
2280,111.72,1.26668906211853
2281,111.769,1.20043301582336
2282,111.818,1.27908957004547
2283,111.867,1.2532252073288
2284,111.916,1.36581385135651
2285,111.965,1.2076324224472
2286,112.014,1.32299435138702
2287,112.063,1.2540568113327
2288,112.112,1.26009392738342
2289,112.161,1.21878504753113
2290,112.21,1.16172158718109
2291,112.259,1.38685715198517
2292,112.308,1.37853515148163
2293,112.357,1.2554292678833
2294,112.406,1.18070554733276
2295,112.455,1.16148853302002
2296,112.504,1.29914963245392
2297,112.553,1.37727165222168
2298,112.602,1.28610420227051
2299,112.651,1.30921983718872
2300,112.7,1.34289360046387
2301,112.749,1.24978506565094
2302,112.798,1.25726711750031
2303,112.847,1.31644237041473
2304,112.896,1.30676078796387
2305,112.945,1.37290322780609
2306,112.994,1.31316232681274
2307,113.043,1.31777918338776
2308,113.092,1.12369298934937
2309,113.141,1.17652416229248
2310,113.19,1.21867632865906
2311,113.239,1.19310057163239
2312,113.288,1.19087648391724
2313,113.337,1.25878262519836
2314,113.386,1.32550716400146
2315,113.435,1.25994896888733
2316,113.484,1.30936098098755
2317,113.533,1.22616648674011
2318,113.582,1.19461786746979
2319,113.631,1.14230751991272
2320,113.68,1.15873408317566
2321,113.729,1.11681854724884
2322,113.778,0.997012794017792
2323,113.827,1.20159113407135
2324,113.876,1.15284955501556
2325,113.925,1.22207307815552
2326,113.974,1.11460816860199
2327,114.023,1.10862028598785
2328,114.072,1.06270229816437
2329,114.121,0.963791072368622
2330,114.17,1.01252710819244
2331,114.219,1.01677584648132
2332,114.268,1.09280228614807
2333,114.317,1.02442479133606
2334,114.366,1.14891815185547
2335,114.415,0.964222550392151
2336,114.464,1.07856225967407
2337,114.513,1.14109373092651
2338,114.562,1.13322389125824
2339,114.611,1.38105690479279
2340,114.66,1.19546163082123
2341,114.709,1.21656215190887
2342,114.758,1.2541561126709
2343,114.807,1.18705809116364
2344,114.856,1.2565655708313
2345,114.905,1.12545990943909
2346,114.954,1.23970675468445
2347,115.003,1.17766058444977
2348,115.052,1.09342849254608
2349,115.101,1.03805255889893
2350,115.15,1.09597051143646
2351,115.199,1.22505366802216
2352,115.248,1.12900197505951
2353,115.297,1.11039698123932
2354,115.346,1.21396911144257
2355,115.395,1.29033970832825
2356,115.444,1.17317235469818
2357,115.493,1.25598239898682
2358,115.542,1.23353517055511
2359,115.591,1.13281941413879
2360,115.64,1.25584042072296
2361,115.689,1.24352920055389
2362,115.738,1.19318497180939
2363,115.787,1.21715402603149
2364,115.836,1.19297468662262
2365,115.885,1.22360241413116
2366,115.934,1.20306575298309
2367,115.983,1.31209492683411
2368,116.032,1.40396630764008
2369,116.081,1.27519035339355
2370,116.13,1.21291649341583
2371,116.179,1.23451554775238
2372,116.228,1.25138831138611
2373,116.277,1.32818377017975
2374,116.326,1.31053352355957
2375,116.375,1.32825922966003
2376,116.424,1.26991069316864
2377,116.473,1.13375473022461
2378,116.522,1.14188039302826
2379,116.571,1.09780597686768
2380,116.62,1.05009520053864
2381,116.669,0.968660175800323
2382,116.718,0.879654347896576
2383,116.767,0.940390288829803
2384,116.816,0.963512361049652
2385,116.865,1.07133340835571
2386,116.914,0.864242494106293
2387,116.963,0.914209544658661
2388,117.012,0.964583396911621
2389,117.061,0.979821383953094
2390,117.11,1.0174515247345
2391,117.159,0.839208841323853
2392,117.208,0.795651257038116
2393,117.257,0.932527601718903
2394,117.306,1.05647134780884
2395,117.355,1.03509879112244
2396,117.404,1.10786747932434
2397,117.453,1.03824257850647
2398,117.502,0.924956798553467
2399,117.551,1.12477648258209
2400,117.6,1.10365319252014
2401,117.649,1.00068581104279
2402,117.698,1.05213642120361
2403,117.747,1.00795984268188
2404,117.796,1.04197287559509
2405,117.845,0.938180983066559
2406,117.894,1.01943039894104
2407,117.943,0.879626989364624
2408,117.992,0.949372231960297
2409,118.041,1.04048275947571
2410,118.09,0.993723571300507
2411,118.139,0.988298058509827
2412,118.188,0.964386284351349
2413,118.237,0.845398306846619
2414,118.286,0.916255056858063
2415,118.335,0.942474782466888
2416,118.384,0.934898257255554
2417,118.433,0.858928442001343
2418,118.482,0.975841045379639
2419,118.531,0.935753762722015
2420,118.58,0.851146399974823
2421,118.629,0.930181920528412
2422,118.678,0.875877201557159
2423,118.727,1.05861604213715
2424,118.776,0.993666529655457
2425,118.825,1.02909696102142
2426,118.874,1.04613196849823
2427,118.923,0.912780046463013
2428,118.972,0.918115437030792
2429,119.021,1.0020397901535
2430,119.07,0.881808996200562
2431,119.119,0.897682785987854
2432,119.168,0.839475631713867
2433,119.217,1.01839339733124
2434,119.266,0.97044163942337
2435,119.315,0.944614768028259
2436,119.364,1.00377190113068
2437,119.413,1.02157807350159
2438,119.462,0.919089734554291
2439,119.511,1.07240235805511
2440,119.56,0.877652823925018
2441,119.609,1.03689086437225
2442,119.658,1.11812794208527
2443,119.707,1.06268918514252
2444,119.756,1.06820106506348
2445,119.805,0.992657959461212
2446,119.854,1.10554563999176
2447,119.903,0.809414863586426
2448,119.952,0.99026083946228
2449,120.001,0.933402359485626
2450,120.05,0.848894417285919
2451,120.099,0.955482244491577
2452,120.148,1.04514062404633
2453,120.197,1.03961133956909
2454,120.246,0.954136788845062
2455,120.295,1.06428301334381
2456,120.344,1.08330857753754
2457,120.393,0.978750169277191
2458,120.442,1.03560173511505
2459,120.491,1.11941850185394
2460,120.54,0.974021434783936
2461,120.589,1.11510407924652
2462,120.638,1.04737937450409
2463,120.687,1.03563380241394
2464,120.736,1.16275835037231
2465,120.785,1.02849125862122
2466,120.834,0.954644680023193
2467,120.883,1.09512436389923
2468,120.932,1.13614165782928
2469,120.981,1.04607009887695
2470,121.03,1.07433915138245
2471,121.079,1.18447971343994
2472,121.128,1.13083362579346
2473,121.177,1.07101809978485
2474,121.226,1.17703986167908
2475,121.275,1.1083197593689
2476,121.324,1.00559735298157
2477,121.373,0.952180504798889
2478,121.422,0.829967677593231
2479,121.471,0.897885262966156
2480,121.52,1.04191172122955
2481,121.569,0.821271479129791
2482,121.618,0.835942447185516
2483,121.667,0.74697470664978
2484,121.716,0.77044814825058
2485,121.765,0.951152682304382
2486,121.814,0.839558959007263
2487,121.863,0.941430687904358
2488,121.912,1.06747913360596
2489,121.961,0.988692998886108
2490,122.01,1.09518587589264
2491,122.059,0.892138004302979
2492,122.108,0.796457469463348
2493,122.157,0.89552503824234
2494,122.206,0.830559432506561
2495,122.255,0.797240197658539
2496,122.304,0.850960075855255
2497,122.353,0.787737905979156
2498,122.402,0.824804186820984
2499,122.451,0.868989825248718
2500,122.5,0.871274650096893
2501,122.549,0.860420346260071
2502,122.598,0.860399067401886
2503,122.647,1.05908143520355
2504,122.696,0.955044329166412
2505,122.745,1.0297679901123
2506,122.794,1.01919877529144
2507,122.843,0.982089817523956
2508,122.892,1.04232668876648
2509,122.941,0.975013971328735
2510,122.99,0.909267365932465
2511,123.039,0.841958940029144
2512,123.088,0.785366714000702
2513,123.137,0.840340852737427
2514,123.186,0.811501204967499
2515,123.235,0.858514368534088
2516,123.284,0.888121426105499
2517,123.333,0.835728943347931
2518,123.382,0.773256778717041
2519,123.431,0.898642420768738
2520,123.48,0.848178029060364
2521,123.529,0.833382666110992
2522,123.578,0.796503663063049
2523,123.627,0.78277850151062
2524,123.676,0.887876093387604
2525,123.725,0.74531763792038
2526,123.774,0.752168357372284
2527,123.823,0.701173484325409
2528,123.872,0.817638695240021
2529,123.921,0.681347370147705
2530,123.97,0.751104474067688
2531,124.019,0.727933824062347
2532,124.068,0.807277321815491
2533,124.117,0.889857530593872
2534,124.166,0.904290795326233
2535,124.215,0.837834596633911
2536,124.264,0.827242493629456
2537,124.313,0.837490022182465
2538,124.362,0.820333480834961
2539,124.411,0.743032217025757
2540,124.46,0.827469289302826
2541,124.509,0.97781240940094
2542,124.558,0.902514457702637
2543,124.607,0.952805817127228
2544,124.656,0.978532314300537
2545,124.705,1.00779891014099
2546,124.754,0.968239843845367
2547,124.803,0.973160326480865
2548,124.852,0.974421977996826
2549,124.901,1.00754475593567
2550,124.95,0.852394878864288
2551,124.999,0.884651720523834
2552,125.048,0.883450150489807
2553,125.097,0.799725115299225
2554,125.146,0.867118418216705
2555,125.195,0.930357754230499
2556,125.244,0.971956670284271
2557,125.293,0.908640682697296
2558,125.342,0.906795084476471
2559,125.391,0.938074946403503
2560,125.44,0.948988020420074
2561,125.489,0.900598645210266
2562,125.538,0.753093838691711
2563,125.587,0.781966626644135
2564,125.636,0.836338520050049
2565,125.685,0.954051911830902
2566,125.734,0.880494713783264
2567,125.783,0.773059010505676
2568,125.832,0.685326278209686
2569,125.881,0.807029545307159
2570,125.93,0.685875296592712
2571,125.979,0.75677877664566
2572,126.028,0.771202504634857
2573,126.077,0.787327408790588
2574,126.126,0.73341578245163
2575,126.175,0.774495542049408
2576,126.224,0.717602610588074
2577,126.273,0.653559982776642
2578,126.322,0.731825470924377
2579,126.371,0.611842453479767
2580,126.42,0.707806289196014
2581,126.469,0.720150887966156
2582,126.518,0.752291262149811
2583,126.567,0.905139863491058
2584,126.616,0.810121893882751
2585,126.665,0.842093706130981
2586,126.714,0.780052304267883
2587,126.763,0.695046186447144
2588,126.812,0.700048446655273
2589,126.861,0.902279675006866
2590,126.91,0.931331813335419
2591,126.959,0.93855893611908
2592,127.008,0.82890796661377
2593,127.057,0.875168740749359
2594,127.106,0.829459190368652
2595,127.155,0.795179069042206
2596,127.204,0.814010381698608
2597,127.253,0.850253760814667
2598,127.302,0.838285326957703
2599,127.351,0.998269498348236
2600,127.4,0.890876948833466
2601,127.449,0.898113071918488
2602,127.498,0.735146045684814
2603,127.547,0.789936006069183
2604,127.596,0.664091467857361
2605,127.645,0.907988429069519
2606,127.694,0.806454539299011
2607,127.743,0.852437257766724
2608,127.792,0.846428155899048
2609,127.841,0.867744982242584
2610,127.89,0.857624411582947
2611,127.939,0.906710982322693
2612,127.988,0.739867448806763
2613,128.037,0.859099984169006
2614,128.086,0.875391602516174
2615,128.135,0.794372916221619
2616,128.184,0.801158368587494
2617,128.233,0.903265595436096
2618,128.282,0.833122789859772
2619,128.331,0.749173998832703
2620,128.38,0.815930604934692
2621,128.429,0.775163650512695
2622,128.478,0.832325339317322
2623,128.527,0.881708562374115
2624,128.576,0.857854247093201
2625,128.625,0.796039760112762
2626,128.674,0.847453892230988
2627,128.723,0.767304062843323
2628,128.772,0.835036337375641
2629,128.821,0.826267242431641
2630,128.87,0.787749350070953
2631,128.919,0.714530289173126
2632,128.968,0.79428094625473
2633,129.017,0.712657749652863
2634,129.066,0.86522513628006
2635,129.115,0.771501362323761
2636,129.164,0.680767893791199
2637,129.213,0.768694579601288
2638,129.262,0.746160864830017
2639,129.311,0.820778787136078
2640,129.36,0.745138823986053
2641,129.409,0.652319610118866
2642,129.458,0.706935584545135
2643,129.507,0.735334992408752
2644,129.556,0.6275395154953
2645,129.605,0.653894782066345
2646,129.654,0.714741408824921
2647,129.703,0.694115519523621
2648,129.752,0.618666648864746
2649,129.801,0.613828361034393
2650,129.85,0.62061733007431
2651,129.899,0.651536405086517
2652,129.948,0.688454627990723
2653,129.997,0.798189342021942
2654,130.046,0.786333620548248
2655,130.095,0.710002958774567
2656,130.144,0.686672449111938
2657,130.193,0.657676577568054
2658,130.242,0.603477716445923
2659,130.291,0.615346074104309
2660,130.34,0.676494598388672
2661,130.389,0.634669780731201
2662,130.438,0.707533657550812
2663,130.487,0.764939844608307
2664,130.536,0.778846263885498
2665,130.585,0.828885912895203
2666,130.634,0.811353921890259
2667,130.683,0.739244163036346
2668,130.732,0.614458382129669
2669,130.781,0.63126528263092
2670,130.83,0.504205822944641
2671,130.879,0.727764010429382
2672,130.928,0.701606035232544
2673,130.977,0.727996170520782
2674,131.026,0.725345134735107
2675,131.075,0.752184152603149
2676,131.124,0.760542929172516
2677,131.173,0.652186095714569
2678,131.222,0.730488121509552
2679,131.271,0.833804905414581
2680,131.32,0.697794377803802
2681,131.369,0.724659442901611
2682,131.418,0.740457355976105
2683,131.467,0.683400332927704
2684,131.516,0.688946187496185
2685,131.565,0.695362210273743
2686,131.614,0.717601537704468
2687,131.663,0.694835424423218
2688,131.712,0.59059476852417
2689,131.761,0.67469596862793
2690,131.81,0.700661540031433
2691,131.859,0.663972735404968
2692,131.908,0.645006060600281
2693,131.957,0.698334217071533
2694,132.006,0.691228866577148
2695,132.055,0.698890209197998
2696,132.104,0.730187177658081
2697,132.153,0.713455975055695
2698,132.202,0.791361272335052
2699,132.251,0.854734599590302
2700,132.3,0.776369154453278
2701,132.349,0.80795556306839
2702,132.398,0.69578742980957
2703,132.447,0.804441750049591
2704,132.496,0.827441215515137
2705,132.545,0.767817974090576
2706,132.594,0.795732796192169
2707,132.643,0.892010807991028
2708,132.692,0.787228405475616
2709,132.741,0.954620718955994
2710,132.79,0.798640370368958
2711,132.839,0.758697986602783
2712,132.888,0.816073358058929
2713,132.937,0.699179947376251
2714,132.986,0.733803153038025
2715,133.035,0.82437926530838
2716,133.084,0.683345556259155
2717,133.133,0.723586082458496
2718,133.182,0.630719363689423
2719,133.231,0.730233669281006
2720,133.28,0.688524186611176
2721,133.329,0.702761292457581
2722,133.378,0.771049916744232
2723,133.427,0.674532949924469
2724,133.476,0.789677917957306
2725,133.525,0.844916224479675
2726,133.574,0.840250432491302
2727,133.623,0.843638956546783
2728,133.672,0.861349701881409
2729,133.721,0.969894766807556
2730,133.77,0.887918174266815
2731,133.819,0.900150418281555
2732,133.868,0.832155883312225
2733,133.917,0.852939069271088
2734,133.966,0.902599334716797
2735,134.015,0.870152831077576
2736,134.064,0.964396774768829
2737,134.113,0.980272889137268
2738,134.162,0.863426387310028
2739,134.211,0.847926378250122
2740,134.26,0.781780123710632
2741,134.309,0.796282887458801
2742,134.358,0.728837549686432
2743,134.407,0.753753483295441
2744,134.456,0.592695653438568
2745,134.505,0.680465400218964
2746,134.554,0.685175538063049
2747,134.603,0.725265264511108
2748,134.652,0.767022550106049
2749,134.701,0.70277065038681
2750,134.75,0.692883670330048
2751,134.799,0.668043196201324
2752,134.848,0.714653432369232
2753,134.897,0.743210434913635
2754,134.946,0.766347408294678
2755,134.995,0.801459670066833
2756,135.044,0.768446385860443
2757,135.093,0.797708690166473
2758,135.142,0.703368127346039
2759,135.191,0.694499433040619
2760,135.24,0.721415817737579
2761,135.289,0.698269248008728
2762,135.338,0.701795399188995
2763,135.387,0.690583407878876
2764,135.436,0.863248646259308
2765,135.485,0.740781962871552
2766,135.534,0.837383568286896
2767,135.583,0.837142705917358
2768,135.632,0.749961137771606
2769,135.681,0.796439290046692
2770,135.73,0.742521345615387
2771,135.779,0.828613579273224
2772,135.828,0.662488400936127
2773,135.877,0.793651163578033
2774,135.926,0.747336685657501
2775,135.975,0.787998735904694
2776,136.024,0.76226007938385
2777,136.073,0.774719834327698
2778,136.122,0.760653972625732
2779,136.171,0.814407110214233
2780,136.22,0.869149506092072
2781,136.269,0.811748087406158
2782,136.318,0.849185645580292
2783,136.367,0.812502801418304
2784,136.416,0.887138783931732
2785,136.465,0.881046295166016
2786,136.514,0.810346364974976
2787,136.563,0.795436561107635
2788,136.612,0.743918299674988
2789,136.661,0.744398593902588
2790,136.71,0.900370001792908
2791,136.759,0.834512412548065
2792,136.808,0.738372683525085
2793,136.857,0.729745149612427
2794,136.906,0.842782437801361
2795,136.955,0.823901534080505
2796,137.004,0.898219585418701
2797,137.053,0.801669418811798
2798,137.102,0.761580884456635
2799,137.151,0.714250862598419
2800,137.2,0.760660290718079
2801,137.249,0.58854752779007
2802,137.298,0.642464995384216
2803,137.347,0.711179554462433
2804,137.396,0.630929112434387
2805,137.445,0.749744176864624
2806,137.494,0.787696123123169
2807,137.543,0.882353186607361
2808,137.592,0.730469822883606
2809,137.641,0.759743332862854
2810,137.69,0.820696413516998
2811,137.739,0.631908655166626
2812,137.788,0.811064898967743
2813,137.837,0.793523252010345
2814,137.886,0.753802835941315
2815,137.935,0.756429195404053
2816,137.984,0.584672749042511
2817,138.033,0.586318135261536
2818,138.082,0.641294538974762
2819,138.131,0.664616882801056
2820,138.18,0.720669031143188
2821,138.229,0.693855106830597
2822,138.278,0.73975670337677
2823,138.327,0.745914876461029
2824,138.376,0.680592834949493
2825,138.425,0.704647064208984
2826,138.474,0.718012034893036
2827,138.523,0.681735634803772
2828,138.572,0.637812793254852
2829,138.621,0.610319435596466
2830,138.67,0.632433772087097
2831,138.719,0.672163248062134
2832,138.768,0.788152098655701
2833,138.817,0.827682673931122
2834,138.866,0.771616816520691
2835,138.915,0.979144215583801
2836,138.964,1.09484171867371
2837,139.013,1.16791558265686
2838,139.062,1.09529161453247
2839,139.111,1.0889744758606
2840,139.16,1.00597155094147
2841,139.209,1.00044453144073
2842,139.258,0.836304605007172
2843,139.307,0.756748378276825
2844,139.356,0.842036426067352
2845,139.405,0.791692435741425
2846,139.454,0.725192546844482
2847,139.503,0.658528089523315
2848,139.552,0.749960780143738
2849,139.601,0.797464489936829
2850,139.65,0.860784471035004
2851,139.699,0.734905958175659
2852,139.748,0.890960574150085
2853,139.797,0.926500022411346
2854,139.846,0.839780926704407
2855,139.895,0.967854797840118
2856,139.944,0.92497581243515
2857,139.993,0.896058201789856
2858,140.042,0.93062949180603
2859,140.091,0.946129083633423
2860,140.14,0.967710494995117
2861,140.189,0.77962726354599
2862,140.238,0.857096016407013
2863,140.287,1.06857204437256
2864,140.336,0.881918132305145
2865,140.385,0.953554630279541
2866,140.434,0.897162973880768
2867,140.483,0.99654233455658
2868,140.532,0.996052086353302
2869,140.581,0.894976913928986
2870,140.63,0.910023152828217
2871,140.679,0.916141867637634
2872,140.728,0.894256591796875
2873,140.777,0.935163915157318
2874,140.826,0.918119132518768
2875,140.875,0.841259121894836
2876,140.924,0.999094486236572
2877,140.973,0.952898144721985
2878,141.022,1.02784061431885
2879,141.071,0.876963138580322
2880,141.12,0.863746285438538
2881,141.169,0.846661567687988
2882,141.218,0.712866246700287
2883,141.267,0.778182148933411
2884,141.316,0.739320516586304
2885,141.365,0.91415935754776
2886,141.414,1.02780854701996
2887,141.463,0.876217007637024
2888,141.512,0.883535861968994
2889,141.561,0.897859930992126
2890,141.61,0.860643088817596
2891,141.659,1.00080823898315
2892,141.708,0.831458568572998
2893,141.757,0.900654435157776
2894,141.806,0.947682321071625
2895,141.855,0.974170923233032
2896,141.904,0.995484948158264
2897,141.953,0.989911913871765
2898,142.002,1.00785863399506
2899,142.051,0.941238820552826
2900,142.1,0.92737603187561
2901,142.149,0.951735496520996
2902,142.198,0.966387808322906
2903,142.247,0.861409306526184
2904,142.296,0.868206322193146
2905,142.345,0.975289404392242
2906,142.394,0.975786924362183
2907,142.443,0.847045958042145
2908,142.492,0.848352551460266
2909,142.541,0.874008774757385
2910,142.59,0.839416682720184
2911,142.639,0.941051244735718
2912,142.688,0.916091322898865
2913,142.737,0.925733208656311
2914,142.786,0.916487574577332
2915,142.835,0.764369070529938
2916,142.884,0.801693558692932
2917,142.933,0.960766136646271
2918,142.982,0.803458094596863
2919,143.031,0.753070890903473
2920,143.08,0.781557202339172
2921,143.129,0.884369313716888
2922,143.178,0.885288298130035
2923,143.227,0.817101061344147
2924,143.276,0.85012823343277
2925,143.325,0.800284504890442
2926,143.374,0.982645094394684
2927,143.423,0.86779111623764
2928,143.472,0.980012118816376
2929,143.521,0.94720721244812
2930,143.57,0.958858549594879
2931,143.619,1.16555368900299
2932,143.668,1.21755969524384
2933,143.717,1.23730063438416
2934,143.766,1.12791013717651
2935,143.815,1.18866908550262
2936,143.864,1.26271891593933
2937,143.913,0.938496232032776
2938,143.962,1.0842707157135
2939,144.011,1.10386395454407
2940,144.06,1.15022587776184
2941,144.109,1.129554271698
2942,144.158,1.16462969779968
2943,144.207,1.25048351287842
2944,144.256,1.25389885902405
2945,144.305,1.38012444972992
2946,144.354,1.14704239368439
2947,144.403,1.20565390586853
2948,144.452,1.2616651058197
2949,144.501,1.24677395820618
2950,144.55,1.1942765712738
2951,144.599,1.30277001857758
2952,144.648,1.07917356491089
2953,144.697,1.05824136734009
2954,144.746,1.15313744544983
2955,144.795,1.1422655582428
2956,144.844,1.2013053894043
2957,144.893,1.20234858989716
2958,144.942,1.18765437602997
2959,144.991,1.23494791984558
2960,145.04,1.12013459205627
2961,145.089,1.30906271934509
2962,145.138,1.19004595279694
2963,145.187,1.1642462015152
2964,145.236,1.23033499717712
2965,145.285,0.981397926807404
2966,145.334,1.19346606731415
2967,145.383,1.10097348690033
2968,145.432,1.1715202331543
2969,145.481,1.15065097808838
2970,145.53,1.16879260540009
2971,145.579,0.988752722740173
2972,145.628,1.11637675762177
2973,145.677,1.06833779811859
2974,145.726,1.17781615257263
2975,145.775,1.18491077423096
2976,145.824,1.13157737255096
2977,145.873,1.10909533500671
2978,145.922,1.01355636119843
2979,145.971,0.941942691802979
2980,146.02,1.05701816082001
2981,146.069,0.951768279075623
2982,146.118,0.938101172447205
2983,146.167,0.863352239131927
2984,146.216,0.937849223613739
2985,146.265,1.02443623542786
2986,146.314,0.995161533355713
2987,146.363,1.17913484573364
2988,146.412,1.1338301897049
2989,146.461,0.983367204666138
2990,146.51,0.967896819114685
2991,146.559,1.09662318229675
2992,146.608,1.13241052627563
2993,146.657,1.17029917240143
2994,146.706,1.11469078063965
2995,146.755,1.0975444316864
2996,146.804,1.03448760509491
2997,146.853,1.28539943695068
2998,146.902,0.977673590183258
2999,146.951,1.09328877925873
3000,147,1.03088426589966
3001,147.049,1.06778204441071
3002,147.098,1.023073554039
3003,147.147,1.03545749187469
3004,147.196,1.17189884185791
3005,147.245,1.11770927906036
3006,147.294,1.05224454402924
3007,147.343,1.12129414081573
3008,147.392,1.10797989368439
3009,147.441,1.05494368076324
3010,147.49,1.10218703746796
3011,147.539,0.996381640434265
3012,147.588,1.04361879825592
3013,147.637,1.28582334518433
3014,147.686,1.16443812847137
3015,147.735,1.20940351486206
3016,147.784,1.26690649986267
3017,147.833,1.2412805557251
3018,147.882,1.26541018486023
3019,147.931,1.238525390625
3020,147.98,1.13063859939575
3021,148.029,1.12840032577515
3022,148.078,1.22667574882507
3023,148.127,1.31239128112793
3024,148.176,1.29251754283905
3025,148.225,1.28072929382324
3026,148.274,1.18821668624878
3027,148.323,1.26945400238037
3028,148.372,1.32318902015686
3029,148.421,1.13141429424286
3030,148.47,1.22448551654816
3031,148.519,1.47013175487518
3032,148.568,1.22773146629333
3033,148.617,1.31954646110535
3034,148.666,1.32186615467072
3035,148.715,1.27743208408356
3036,148.764,1.26992523670197
3037,148.813,1.31866455078125
3038,148.862,1.30207073688507
3039,148.911,1.21169662475586
3040,148.96,1.24579799175262
3041,149.009,1.2848037481308
3042,149.058,1.1997549533844
3043,149.107,1.29022109508514
3044,149.156,1.35595786571503
3045,149.205,1.31288647651672
3046,149.254,1.39737021923065
3047,149.303,1.40836298465729
3048,149.352,1.48472189903259
3049,149.401,1.37754762172699
3050,149.45,1.15081489086151
3051,149.499,1.15501356124878
3052,149.548,1.27634072303772
3053,149.597,1.60640692710876
3054,149.646,1.42383110523224
3055,149.695,1.27198266983032
3056,149.744,1.54127788543701
3057,149.793,1.40035486221313
3058,149.842,1.45333433151245
3059,149.891,1.27928042411804
3060,149.94,1.612309217453
3061,149.989,1.46728372573853
3062,150.038,1.68124771118164
3063,150.087,1.64900481700897
3064,150.136,1.64772176742554
3065,150.185,1.37299489974976
3066,150.234,1.27414584159851
3067,150.283,1.24079203605652
3068,150.332,1.29227840900421
3069,150.381,1.29601681232452
3070,150.43,1.53061425685883
3071,150.479,1.5396021604538
3072,150.528,1.60112965106964
3073,150.577,1.58048272132874
3074,150.626,1.61496448516846
3075,150.675,1.74303030967712
3076,150.724,1.65290319919586
3077,150.773,1.59960806369781
3078,150.822,1.51355290412903
3079,150.871,1.50567209720612
3080,150.92,1.39583337306976
3081,150.969,1.39744710922241
3082,151.018,1.38676691055298
3083,151.067,1.53777348995209
3084,151.116,1.51863765716553
3085,151.165,1.62276697158813
3086,151.214,1.45134782791138
3087,151.263,1.54029107093811
3088,151.312,1.77553629875183
3089,151.361,1.79513561725616
3090,151.41,1.51736497879028
3091,151.459,1.53707349300385
3092,151.508,1.52668845653534
3093,151.557,1.28337335586548
3094,151.606,1.11372053623199
3095,151.655,1.03172993659973
3096,151.704,1.19085133075714
3097,151.753,1.35323250293732
3098,151.802,1.25141167640686
3099,151.851,1.27404940128326
3100,151.9,1.48686456680298
3101,151.949,1.50322532653809
3102,151.998,1.30624532699585
3103,152.047,1.36773264408112
3104,152.096,1.26425623893738
3105,152.145,1.24864256381989
3106,152.194,1.51722872257233
3107,152.243,1.41832613945007
3108,152.292,1.3678423166275
3109,152.341,1.24087154865265
3110,152.39,1.37316930294037
3111,152.439,1.44251370429993
3112,152.488,1.32832372188568
3113,152.537,1.37460839748383
3114,152.586,1.22960698604584
3115,152.635,1.25446772575378
3116,152.684,1.1219357252121
3117,152.733,1.04655230045319
3118,152.782,1.14077615737915
3119,152.831,1.20186054706573
3120,152.88,1.20739603042603
3121,152.929,1.41857290267944
3122,152.978,1.32868885993958
3123,153.027,1.19018721580505
3124,153.076,1.19354343414307
3125,153.125,1.03394460678101
3126,153.174,0.953778386116028
3127,153.223,1.11171960830688
3128,153.272,1.04073083400726
3129,153.321,1.05801343917847
3130,153.37,1.25633704662323
3131,153.419,1.13416481018066
3132,153.468,1.08843290805817
3133,153.517,0.94114077091217
3134,153.566,1.06312358379364
3135,153.615,1.14589238166809
3136,153.664,1.07776284217834
3137,153.713,1.09497785568237
3138,153.762,1.32942974567413
3139,153.811,1.2025955915451
3140,153.86,1.20486879348755
3141,153.909,1.09412884712219
3142,153.958,1.02240633964539
3143,154.007,1.23284518718719
3144,154.056,1.28389525413513
3145,154.105,1.41184234619141
3146,154.154,1.23984158039093
3147,154.203,1.14476180076599
3148,154.252,1.19406676292419
3149,154.301,1.49440944194794
3150,154.35,1.45359945297241
3151,154.399,1.6677839756012
3152,154.448,1.55954074859619
3153,154.497,1.70419788360596
3154,154.546,1.79854428768158
3155,154.595,1.74465680122375
3156,154.644,1.67768287658691
3157,154.693,1.68199479579926
3158,154.742,1.79689538478851
3159,154.791,1.51494550704956
3160,154.84,1.54278993606567
3161,154.889,1.23311054706573
3162,154.938,1.42830073833466
3163,154.987,1.63805389404297
3164,155.036,1.50433218479156
3165,155.085,1.33245050907135
3166,155.134,1.60489928722382
3167,155.183,1.45382523536682
3168,155.232,1.3277759552002
3169,155.281,1.26135146617889
3170,155.33,1.3375985622406
3171,155.379,1.43929934501648
3172,155.428,1.35259735584259
3173,155.477,1.32046675682068
3174,155.526,1.37344872951508
3175,155.575,1.5355943441391
3176,155.624,1.32488572597504
3177,155.673,1.38323616981506
3178,155.722,1.28254270553589
3179,155.771,1.29560112953186
3180,155.82,1.40086567401886
3181,155.869,1.45898699760437
3182,155.918,1.52620041370392
3183,155.967,1.53181612491608
3184,156.016,1.39027333259583
3185,156.065,1.54686176776886
3186,156.114,1.62527573108673
3187,156.163,1.67032694816589
3188,156.212,1.67071521282196
3189,156.261,1.60455751419067
3190,156.31,1.49630343914032
3191,156.359,1.39756798744202
3192,156.408,1.50597095489502
3193,156.457,1.53359639644623
3194,156.506,1.34853982925415
3195,156.555,1.42826676368713
3196,156.604,1.25085258483887
3197,156.653,1.46095108985901
3198,156.702,1.41457808017731
3199,156.751,1.79322409629822
3200,156.8,1.50726211071014
3201,156.849,1.60792756080627
3202,156.898,1.58620285987854
3203,156.947,1.74807369709015
3204,156.996,2.06368327140808
3205,157.045,2.05130124092102
3206,157.094,1.97033822536469
3207,157.143,1.98840117454529
3208,157.192,2.26467704772949
3209,157.241,2.11632013320923
3210,157.29,2.13102841377258
3211,157.339,1.99921000003815
3212,157.388,1.95846366882324
3213,157.437,2.03498244285583
3214,157.486,1.9041451215744
3215,157.535,1.87655258178711
3216,157.584,1.75797724723816
3217,157.633,1.91259849071503
3218,157.682,1.75902271270752
3219,157.731,1.94740355014801
3220,157.78,2.05510759353638
3221,157.829,1.9098265171051
3222,157.878,1.8921777009964
3223,157.927,1.95713424682617
3224,157.976,2.00317978858948
3225,158.025,1.78588354587555
3226,158.074,1.91497421264648
3227,158.123,1.76392555236816
3228,158.172,1.88775300979614
3229,158.221,1.95061981678009
3230,158.27,1.91058993339539
3231,158.319,1.89297926425934
3232,158.368,1.71704316139221
3233,158.417,1.8065425157547
3234,158.466,1.6620329618454
3235,158.515,1.71963095664978
3236,158.564,1.59691154956818
3237,158.613,1.66104030609131
3238,158.662,1.48448777198792
3239,158.711,1.21654570102692
3240,158.76,1.36517882347107
3241,158.809,1.30897772312164
3242,158.858,1.41756510734558
3243,158.907,1.38336873054504
3244,158.956,1.45221817493439
3245,159.005,1.54728305339813
3246,159.054,1.30855178833008
3247,159.103,1.27999377250671
3248,159.152,1.29001867771149
3249,159.201,1.3244012594223
3250,159.25,1.56365168094635
3251,159.299,1.51447319984436
3252,159.348,1.54904806613922
3253,159.397,1.4852466583252
3254,159.446,1.43800568580627
3255,159.495,1.47930431365967
3256,159.544,1.50817632675171
3257,159.593,1.45451891422272
3258,159.642,1.4723584651947
3259,159.691,1.4518301486969
3260,159.74,1.5507298707962
3261,159.789,1.66859233379364
3262,159.838,1.48749268054962
3263,159.887,1.49218380451202
3264,159.936,1.4048159122467
3265,159.985,1.45463192462921
3266,160.034,1.61395764350891
3267,160.083,2.05088782310486
3268,160.132,1.82760345935822
3269,160.181,1.96080374717712
3270,160.23,1.96467328071594
3271,160.279,1.85757768154144
3272,160.328,2.07564878463745
3273,160.377,1.69581878185272
3274,160.426,1.73600220680237
3275,160.475,1.63780844211578
3276,160.524,1.85148894786835
3277,160.573,1.62152755260468
3278,160.622,1.63794589042664
3279,160.671,1.63510513305664
3280,160.72,1.50764274597168
3281,160.769,1.74880111217499
3282,160.818,1.45804595947266
3283,160.867,1.60000896453857
3284,160.916,1.71776938438416
3285,160.965,1.82767498493195
3286,161.014,1.52050459384918
3287,161.063,1.46559977531433
3288,161.112,1.39131736755371
3289,161.161,1.702751994133
3290,161.21,1.63885867595673
3291,161.259,1.68291878700256
3292,161.308,1.70161247253418
3293,161.357,1.5663298368454
3294,161.406,1.503378033638
3295,161.455,1.63522839546204
3296,161.504,1.62163901329041
3297,161.553,1.56914818286896
3298,161.602,1.33734679222107
3299,161.651,1.53651881217957
3300,161.7,1.49544179439545
3301,161.749,1.5847772359848
3302,161.798,1.72593867778778
3303,161.847,1.58215296268463
3304,161.896,1.40388739109039
3305,161.945,1.42376840114594
3306,161.994,1.53216981887817
3307,162.043,1.68122720718384
3308,162.092,1.65005075931549
3309,162.141,1.8111811876297
3310,162.19,1.71140205860138
3311,162.239,1.66853523254395
3312,162.288,1.64570271968842
3313,162.337,1.43963015079498
3314,162.386,1.64867067337036
3315,162.435,1.45671045780182
3316,162.484,1.27463626861572
3317,162.533,1.18637537956238
3318,162.582,1.34026372432709
3319,162.631,1.33116888999939
3320,162.68,1.29461359977722
3321,162.729,1.39082038402557
3322,162.778,1.37887787818909
3323,162.827,1.29847240447998
3324,162.876,1.15445327758789
3325,162.925,1.25208687782288
3326,162.974,1.24671244621277
3327,163.023,1.08711278438568
3328,163.072,0.945391118526459
3329,163.121,0.821115136146545
3330,163.17,0.808861017227173
3331,163.219,0.967450737953186
3332,163.268,0.95711213350296
3333,163.317,0.874641597270966
3334,163.366,0.946670293807983
3335,163.415,1.0271703004837
3336,163.464,1.11166131496429
3337,163.513,1.1885758638382
3338,163.562,1.05565118789673
3339,163.611,1.02629733085632
3340,163.66,0.95769190788269
3341,163.709,1.11301469802856
3342,163.758,0.977379143238068
3343,163.807,0.962393045425415
3344,163.856,1.12650156021118
3345,163.905,1.07308316230774
3346,163.954,1.05936229228973
3347,164.003,1.11571955680847
3348,164.052,1.01418483257294
3349,164.101,0.901731669902802
3350,164.15,0.959527671337128
3351,164.199,1.09067070484161
3352,164.248,0.864429414272308
3353,164.297,0.912284374237061
3354,164.346,0.846944570541382
3355,164.395,0.827253341674805
3356,164.444,0.827210962772369
3357,164.493,0.994938731193542
3358,164.542,1.12119603157043
3359,164.591,0.937398552894592
3360,164.64,1.05056393146515
3361,164.689,1.00919270515442
3362,164.738,1.06136524677277
3363,164.787,1.1788284778595
3364,164.836,1.2501574754715
3365,164.885,1.29019212722778
3366,164.934,1.23911333084106
3367,164.983,1.2566329240799
3368,165.032,1.2844957113266
3369,165.081,1.24110841751099
3370,165.13,1.38349306583405
3371,165.179,1.26818132400513
3372,165.228,1.2683333158493
3373,165.277,1.17379832267761
3374,165.326,1.24767458438873
3375,165.375,0.968017399311066
3376,165.424,1.05150163173676
3377,165.473,1.08529508113861
3378,165.522,1.16129398345947
3379,165.571,1.11941373348236
3380,165.62,1.25524604320526
3381,165.669,1.20971441268921
3382,165.718,1.1656756401062
3383,165.767,1.23496627807617
3384,165.816,1.18272852897644
3385,165.865,1.18901014328003
3386,165.914,1.17305219173431
3387,165.963,1.20039045810699
3388,166.012,1.16241729259491
3389,166.061,0.971890509128571
3390,166.11,0.911879301071167
3391,166.159,0.916213691234589
3392,166.208,1.01191699504852
3393,166.257,0.876992642879486
3394,166.306,0.764682054519653
3395,166.355,0.853842616081238
3396,166.404,0.925593316555023
3397,166.453,0.855842769145966
3398,166.502,0.735145211219788
3399,166.551,0.865433812141418
3400,166.6,0.900251746177673
3401,166.649,0.956221520900726
3402,166.698,0.895158588886261
3403,166.747,0.897606074810028
3404,166.796,0.978293240070343
3405,166.845,0.879960477352142
3406,166.894,0.97680652141571
3407,166.943,1.01081383228302
3408,166.992,1.05619430541992
3409,167.041,0.920014619827271
3410,167.09,0.940939426422119
3411,167.139,0.826761782169342
3412,167.188,0.907548069953918
3413,167.237,1.04821956157684
3414,167.286,0.944872438907623
3415,167.335,1.07086431980133
3416,167.384,0.977736473083496
3417,167.433,1.06851446628571
3418,167.482,1.12981593608856
3419,167.531,0.994584321975708
3420,167.58,1.0516163110733
3421,167.629,1.09648811817169
3422,167.678,1.12372004985809
3423,167.727,1.08555519580841
3424,167.776,1.27603220939636
3425,167.825,1.21901857852936
3426,167.874,1.14202988147736
3427,167.923,1.05839824676514
3428,167.972,1.19858014583588
3429,168.021,1.22983253002167
3430,168.07,1.18464183807373
3431,168.119,1.22291707992554
3432,168.168,1.19256484508514
3433,168.217,1.27459275722504
3434,168.266,1.27944004535675
3435,168.315,1.1819521188736
3436,168.364,1.24103474617004
3437,168.413,1.16710579395294
3438,168.462,1.15221416950226
3439,168.511,1.14494395256042
3440,168.56,1.25661444664001
3441,168.609,1.21918928623199
3442,168.658,1.07469856739044
3443,168.707,1.02087938785553
3444,168.756,1.02769160270691
3445,168.805,1.10443150997162
3446,168.854,1.12786865234375
3447,168.903,0.980404257774353
3448,168.952,0.922174394130707
3449,169.001,0.911915183067322
3450,169.05,0.920497834682465
3451,169.099,1.01191937923431
3452,169.148,1.05378186702728
3453,169.197,1.00607824325562
3454,169.246,0.864269495010376
3455,169.295,0.859836757183075
3456,169.344,0.932226479053497
3457,169.393,0.798332571983337
3458,169.442,0.826107382774353
3459,169.491,0.687805533409119
3460,169.54,0.618242561817169
3461,169.589,0.819663405418396
3462,169.638,0.728996217250824
3463,169.687,0.831917881965637
3464,169.736,0.916207730770111
3465,169.785,0.786892712116241
3466,169.834,0.839009404182434
3467,169.883,0.799423515796661
3468,169.932,0.781084775924683
3469,169.981,0.786567330360413
3470,170.03,0.776770651340485
3471,170.079,0.718506634235382
3472,170.128,0.742388308048248
3473,170.177,0.750307321548462
3474,170.226,0.849064588546753
3475,170.275,0.802825570106506
3476,170.324,0.870299577713013
3477,170.373,0.791151344776154
3478,170.422,0.865110993385315
3479,170.471,1.0016108751297
3480,170.52,0.900431156158447
3481,170.569,0.911248326301575
3482,170.618,0.967283606529236
3483,170.667,1.04263436794281
3484,170.716,0.96354067325592
3485,170.765,0.990643680095673
3486,170.814,0.898369252681732
3487,170.863,0.842071533203125
3488,170.912,0.958745896816254
3489,170.961,0.967598617076874
3490,171.01,0.96919196844101
3491,171.059,0.841320812702179
3492,171.108,1.01358819007874
3493,171.157,1.06688559055328
3494,171.206,1.23822617530823
3495,171.255,1.14239728450775
3496,171.304,1.09431982040405
3497,171.353,0.956368267536163
3498,171.402,0.968923628330231
3499,171.451,1.01042985916138
3500,171.5,1.20277285575867
3501,171.549,1.0947562456131
3502,171.598,0.935578525066376
3503,171.647,0.928661823272705
3504,171.696,0.93990170955658
3505,171.745,0.938181400299072
3506,171.794,1.06066536903381
3507,171.843,0.990684270858765
3508,171.892,1.05254876613617
3509,171.941,1.12869417667389
3510,171.99,1.10517311096191
3511,172.039,1.03298699855804
3512,172.088,0.950729489326477
3513,172.137,0.80088472366333
3514,172.186,0.75516152381897
3515,172.235,0.774280607700348
3516,172.284,0.755390644073486
3517,172.333,0.73820549249649
3518,172.382,0.735768258571625
3519,172.431,0.800413131713867
3520,172.48,0.672364711761475
3521,172.529,0.79472953081131
3522,172.578,0.91374009847641
3523,172.627,0.916719377040863
3524,172.676,0.867528319358826
3525,172.725,0.890740096569061
3526,172.774,0.804866671562195
3527,172.823,0.854234457015991
3528,172.872,0.885412514209747
3529,172.921,0.8680340051651
3530,172.97,0.820025265216827
3531,173.019,0.715721607208252
3532,173.068,0.731957793235779
3533,173.117,0.717764854431152
3534,173.166,0.752256393432617
3535,173.215,0.680422782897949
3536,173.264,0.771648705005646
3537,173.313,0.754505276679993
3538,173.362,0.710623323917389
3539,173.411,0.783782303333282
3540,173.46,0.753725528717041
3541,173.509,0.663443803787231
3542,173.558,0.682272434234619
3543,173.607,0.629598617553711
3544,173.656,0.614938020706177
3545,173.705,0.744268655776978
3546,173.754,0.698024392127991
3547,173.803,0.714299857616425
3548,173.852,0.868531167507172
3549,173.901,0.788019955158234
3550,173.95,0.860031962394714
3551,173.999,0.852815866470337
3552,174.048,0.778026580810547
3553,174.097,0.867655813694
3554,174.146,0.823297381401062
3555,174.195,0.832173109054565
3556,174.244,0.839093923568726
3557,174.293,0.898945093154907
3558,174.342,0.762142062187195
3559,174.391,0.896713674068451
3560,174.44,0.805545747280121
3561,174.489,0.812951266765594
3562,174.538,0.85589075088501
3563,174.587,0.990987122058868
3564,174.636,0.969148635864258
3565,174.685,0.913472175598145
3566,174.734,1.01144003868103
3567,174.783,1.11290597915649
3568,174.832,1.04412913322449
3569,174.881,1.01356065273285
3570,174.93,1.15358018875122
3571,174.979,1.09244394302368
3572,175.028,1.04708385467529
3573,175.077,1.08575475215912
3574,175.126,0.997768580913544
3575,175.175,0.863975882530212
3576,175.224,0.941383719444275
3577,175.273,0.807835698127747
3578,175.322,0.979433000087738
3579,175.371,1.00463759899139
3580,175.42,0.909475147724152
3581,175.469,0.913995325565338
3582,175.518,1.05832290649414
3583,175.567,0.868928790092468
3584,175.616,0.957774102687836
3585,175.665,0.813474893569946
3586,175.714,0.914848923683167
3587,175.763,0.83893221616745
3588,175.812,0.796166956424713
3589,175.861,0.837431788444519
3590,175.91,0.739705264568329
3591,175.959,0.869934260845184
3592,176.008,0.801457583904266
3593,176.057,0.788496375083923
3594,176.106,0.652164876461029
3595,176.155,0.737660109996796
3596,176.204,0.843654334545135
3597,176.253,0.791642248630524
3598,176.302,0.863959014415741
3599,176.351,0.963142037391663
3600,176.4,0.962638795375824
3601,176.449,0.952690541744232
3602,176.498,0.961091101169586
3603,176.547,0.927038431167603
3604,176.596,0.845167696475983
3605,176.645,0.741004705429077
3606,176.694,0.685193479061127
3607,176.743,0.668051362037659
3608,176.792,0.585666179656982
3609,176.841,0.723000526428223
3610,176.89,0.860050916671753
3611,176.939,0.849900901317596
3612,176.988,0.895237028598785
3613,177.037,0.748997747898102
3614,177.086,0.963021636009216
3615,177.135,0.98533707857132
3616,177.184,0.80267322063446
3617,177.233,0.773968636989594
3618,177.282,0.915012121200562
3619,177.331,0.74979704618454
3620,177.38,0.843022286891937
3621,177.429,0.756852447986603
3622,177.478,1.02083420753479
3623,177.527,1.02505803108215
3624,177.576,1.0422488451004
3625,177.625,1.00711071491241
3626,177.674,0.93270081281662
3627,177.723,0.850932717323303
3628,177.772,0.915491759777069
3629,177.821,0.872756481170654
3630,177.87,0.852816700935364
3631,177.919,0.872356116771698
3632,177.968,0.853980004787445
3633,178.017,0.883363783359528
3634,178.066,0.94523286819458
3635,178.115,0.981989145278931
3636,178.164,0.940903902053833
3637,178.213,0.936414361000061
3638,178.262,0.829911410808563
3639,178.311,0.907762944698334
3640,178.36,0.992179453372955
3641,178.409,0.846763432025909
3642,178.458,0.870345830917358
3643,178.507,0.844462692737579
3644,178.556,0.856653213500977
3645,178.605,0.887803614139557
3646,178.654,0.783209919929504
3647,178.703,0.825406849384308
3648,178.752,0.737398445606232
3649,178.801,0.785392582416534
3650,178.85,0.894419312477112
3651,178.899,0.800867080688477
3652,178.948,0.973332345485687
3653,178.997,1.00366771221161
3654,179.046,1.04174637794495
3655,179.095,1.12021362781525
3656,179.144,1.08166027069092
3657,179.193,1.06893217563629
3658,179.242,1.11898899078369
3659,179.291,1.0677752494812
3660,179.34,1.13550519943237
3661,179.389,1.14818406105042
3662,179.438,0.985241532325745
3663,179.487,1.23005568981171
3664,179.536,1.21571707725525
3665,179.585,1.13381135463715
3666,179.634,1.24856531620026
3667,179.683,1.23226416110992
3668,179.732,1.19910252094269
3669,179.781,1.10317075252533
3670,179.83,1.07155478000641
3671,179.879,1.05441904067993
3672,179.928,0.878750741481781
3673,179.977,1.02763760089874
3674,180.026,1.21644461154938
3675,180.075,1.11338341236115
3676,180.124,1.13008618354797
3677,180.173,0.994165062904358
3678,180.222,1.04920732975006
3679,180.271,0.867359101772308
3680,180.32,1.04288482666016
3681,180.369,1.00041091442108
3682,180.418,0.935491025447845
3683,180.467,1.00594329833984
3684,180.516,0.940980136394501
3685,180.565,1.00489866733551
3686,180.614,1.05821847915649
3687,180.663,1.17679464817047
3688,180.712,1.18023633956909
3689,180.761,1.28891432285309
3690,180.81,1.19115376472473
3691,180.859,1.13164496421814
3692,180.908,1.23616230487823
3693,180.957,1.23890125751495
3694,181.006,1.1720826625824
3695,181.055,1.36511874198914
3696,181.104,1.29501211643219
3697,181.153,1.32008039951324
3698,181.202,1.45743417739868
3699,181.251,1.33281743526459
3700,181.3,1.27497673034668
3701,181.349,1.20684015750885
3702,181.398,1.35733091831207
3703,181.447,1.29012012481689
3704,181.496,1.35846376419067
3705,181.545,1.32236933708191
3706,181.594,1.25274467468262
3707,181.643,1.30984461307526
3708,181.692,1.33149933815002
3709,181.741,1.33833718299866
3710,181.79,1.36582052707672
3711,181.839,1.27164924144745
3712,181.888,1.40828740596771
3713,181.937,1.36411118507385
3714,181.986,1.43556368350983
3715,182.035,1.23504233360291
3716,182.084,1.24778044223785
3717,182.133,1.29910182952881
3718,182.182,1.20942866802216
3719,182.231,1.16820585727692
3720,182.28,1.238436460495
3721,182.329,1.02994763851166
3722,182.378,1.11749243736267
3723,182.427,1.09000110626221
3724,182.476,1.01855313777924
3725,182.525,0.95898175239563
3726,182.574,1.00931453704834
3727,182.623,1.10833203792572
3728,182.672,0.97855019569397
3729,182.721,1.07840692996979
3730,182.77,1.03572654724121
3731,182.819,1.15201473236084
3732,182.868,1.11215019226074
3733,182.917,1.15862941741943
3734,182.966,1.25722241401672
3735,183.015,1.23666095733643
3736,183.064,1.34482777118683
3737,183.113,1.28420972824097
3738,183.162,1.20484364032745
3739,183.211,1.21798324584961
3740,183.26,1.23755788803101
3741,183.309,1.08949768543243
3742,183.358,1.20318019390106
3743,183.407,1.18989062309265
3744,183.456,1.25809824466705
3745,183.505,1.0905077457428
3746,183.554,1.11047399044037
3747,183.603,1.13785815238953
3748,183.652,1.16592812538147
3749,183.701,1.09420502185822
3750,183.75,1.10433685779572
3751,183.799,1.26252484321594
3752,183.848,1.17086267471313
3753,183.897,1.21980798244476
3754,183.946,1.17379581928253
3755,183.995,1.18764364719391
3756,184.044,1.08621156215668
3757,184.093,1.09302008152008
3758,184.142,1.07901751995087
3759,184.191,1.11785531044006
3760,184.24,1.07166314125061
3761,184.289,1.00756359100342
3762,184.338,1.0222829580307
3763,184.387,0.944045782089233
3764,184.436,0.938576817512512
3765,184.485,0.977573871612549
3766,184.534,1.15599989891052
3767,184.583,1.0873886346817
3768,184.632,0.968442559242249
3769,184.681,1.00559794902802
3770,184.73,0.972320079803467
3771,184.779,0.944935739040375
3772,184.828,0.87338125705719
3773,184.877,0.972030222415924
3774,184.926,1.13237464427948
3775,184.975,1.06077373027802
3776,185.024,1.12080776691437
3777,185.073,1.05353140830994
3778,185.122,1.05355334281921
3779,185.171,1.17340743541718
3780,185.22,1.3214955329895
3781,185.269,1.19353044033051
3782,185.318,1.11307048797607
3783,185.367,1.13905727863312
3784,185.416,1.17173659801483
3785,185.465,1.18138766288757
3786,185.514,1.18372631072998
3787,185.563,1.08359718322754
3788,185.612,1.23762130737305
3789,185.661,1.37071192264557
3790,185.71,1.1872330904007
3791,185.759,1.08257389068604
3792,185.808,1.22761344909668
3793,185.857,0.900073647499084
3794,185.906,0.969153523445129
3795,185.955,1.09294021129608
3796,186.004,1.00181102752686
3797,186.053,0.946571230888367
3798,186.102,0.876240730285645
3799,186.151,0.979851901531219
3800,186.2,0.770556211471558
3801,186.249,0.94018942117691
3802,186.298,0.912979423999786
3803,186.347,1.03433883190155
3804,186.396,1.04183876514435
3805,186.445,0.895951569080353
3806,186.494,0.961793541908264
3807,186.543,1.04227769374847
3808,186.592,1.15626323223114
3809,186.641,1.04783999919891
3810,186.69,1.01240003108978
3811,186.739,0.918362498283386
3812,186.788,1.05418348312378
3813,186.837,1.00642263889313
3814,186.886,1.04584586620331
3815,186.935,1.05547404289246
3816,186.984,1.02838242053986
3817,187.033,1.14461743831635
3818,187.082,1.13560247421265
3819,187.131,1.05815088748932
3820,187.18,0.927512228488922
3821,187.229,0.950575888156891
3822,187.278,0.882105827331543
3823,187.327,0.935292780399323
3824,187.376,1.08061969280243
3825,187.425,1.05923521518707
3826,187.474,1.17477810382843
3827,187.523,0.926487386226654
3828,187.572,0.96049690246582
3829,187.621,1.13043212890625
3830,187.67,1.05688500404358
3831,187.719,1.09888756275177
3832,187.768,1.07977747917175
3833,187.817,1.04519128799438
3834,187.866,0.945203423500061
3835,187.915,1.00004029273987
3836,187.964,0.958649396896362
3837,188.013,0.999979734420776
3838,188.062,1.07660341262817
3839,188.111,0.866194784641266
3840,188.16,0.855416059494019
3841,188.209,0.770791828632355
3842,188.258,0.95874547958374
3843,188.307,0.804603517055511
3844,188.356,0.99405711889267
3845,188.405,0.887234151363373
3846,188.454,0.797916352748871
3847,188.503,0.723798990249634
3848,188.552,0.839394688606262
3849,188.601,0.824138283729553
3850,188.65,0.794552564620972
3851,188.699,0.803931951522827
3852,188.748,0.75058388710022
3853,188.797,0.764707982540131
3854,188.846,0.808611392974854
3855,188.895,0.890656411647797
3856,188.944,0.934508562088013
3857,188.993,0.964166700839996
3858,189.042,0.934442520141602
3859,189.091,0.836423277854919
3860,189.14,0.924053847789764
3861,189.189,0.909942507743835
3862,189.238,0.914825141429901
3863,189.287,0.966514050960541
3864,189.336,0.965960800647736
3865,189.385,0.910503327846527
3866,189.434,0.939483761787415
3867,189.483,0.809085130691528
3868,189.532,0.892517447471619
3869,189.581,0.83368331193924
3870,189.63,0.880676746368408
3871,189.679,0.857325196266174
3872,189.728,0.900728642940521
3873,189.777,0.961345136165619
3874,189.826,0.893687725067139
3875,189.875,0.858629882335663
3876,189.924,0.935865938663483
3877,189.973,0.954684793949127
3878,190.022,1.00268614292145
3879,190.071,0.992312669754028
3880,190.12,0.981309056282043
3881,190.169,1.02686250209808
3882,190.218,0.879799067974091
3883,190.267,0.907988846302032
3884,190.316,0.919223546981812
3885,190.365,0.952343881130219
3886,190.414,0.940829694271088
3887,190.463,0.991821825504303
3888,190.512,1.04524779319763
3889,190.561,0.963567137718201
3890,190.61,1.01588666439056
3891,190.659,0.971379160881042
3892,190.708,0.90924197435379
3893,190.757,0.959543228149414
3894,190.806,1.09293949604034
3895,190.855,1.04575645923615
3896,190.904,1.19051158428192
3897,190.953,1.06718683242798
3898,191.002,1.06595861911774
3899,191.051,1.15160644054413
3900,191.1,1.25509560108185
3901,191.149,1.09415209293365
3902,191.198,1.10710644721985
3903,191.247,1.05266869068146
3904,191.296,1.131387591362
3905,191.345,1.06357061862946
3906,191.394,1.18920421600342
3907,191.443,1.14029037952423
3908,191.492,1.24085652828217
3909,191.541,1.00610756874084
3910,191.59,1.09262371063232
3911,191.639,1.02718389034271
3912,191.688,1.09929406642914
3913,191.737,0.836558997631073
3914,191.786,0.862598836421967
3915,191.835,0.92947918176651
3916,191.884,0.994591176509857
3917,191.933,0.97455757856369
3918,191.982,0.906778156757355
3919,192.031,0.912493824958801
3920,192.08,0.946742177009583
3921,192.129,0.959074378013611
3922,192.178,1.02008628845215
3923,192.227,1.01816809177399
3924,192.276,0.988935708999634
3925,192.325,1.09848237037659
3926,192.374,1.13203310966492
3927,192.423,1.08378088474274
3928,192.472,1.05954432487488
3929,192.521,0.976580321788788
3930,192.57,0.794721484184265
3931,192.619,1.0038480758667
3932,192.668,1.02546262741089
3933,192.717,0.776777386665344
3934,192.766,0.862305164337158
3935,192.815,0.824136137962341
3936,192.864,0.779832601547241
3937,192.913,0.928047597408295
3938,192.962,1.0225567817688
3939,193.011,0.932773053646088
3940,193.06,0.893131136894226
3941,193.109,0.929548919200897
3942,193.158,0.946243166923523
3943,193.207,0.963138580322266
3944,193.256,0.982183277606964
3945,193.305,0.940343976020813
3946,193.354,0.99784392118454
3947,193.403,1.09914696216583
3948,193.452,0.952250897884369
3949,193.501,0.946783423423767
3950,193.55,1.14518117904663
3951,193.599,1.02989518642426
3952,193.648,1.20514070987701
3953,193.697,1.11291265487671
3954,193.746,1.17266464233398
3955,193.795,0.980243980884552
3956,193.844,1.07597661018372
3957,193.893,0.985519468784332
3958,193.942,1.04084062576294
3959,193.991,1.16791892051697
3960,194.04,1.15853214263916
3961,194.089,1.20613205432892
3962,194.138,1.08583927154541
3963,194.187,1.07496309280396
3964,194.236,1.27484571933746
3965,194.285,1.18974578380585
3966,194.334,1.34488570690155
3967,194.383,1.25826752185822
3968,194.432,1.16385960578918
3969,194.481,1.2404123544693
3970,194.53,1.21840977668762
3971,194.579,1.18530857563019
3972,194.628,1.20597922801971
3973,194.677,1.18141341209412
3974,194.726,1.1724534034729
3975,194.775,1.09507858753204
3976,194.824,1.21840071678162
3977,194.873,1.0693473815918
3978,194.922,0.989583730697632
3979,194.971,1.24661362171173
3980,195.02,1.21748530864716
3981,195.069,1.1551548242569
3982,195.118,1.23769891262054
3983,195.167,1.10254764556885
3984,195.216,1.08466339111328
3985,195.265,1.14137828350067
3986,195.314,1.13165998458862
3987,195.363,1.22963452339172
3988,195.412,1.24552631378174
3989,195.461,1.18428456783295
3990,195.51,1.08173096179962
3991,195.559,1.24073386192322
3992,195.608,1.25317776203156
3993,195.657,1.38869619369507
3994,195.706,1.27705430984497
3995,195.755,1.11900043487549
3996,195.804,1.10154604911804
3997,195.853,1.16533267498016
3998,195.902,1.22297811508179
3999,195.951,1.04688429832458
4000,196,1.17288196086884
4001,196.049,1.16928207874298
4002,196.098,1.23843491077423
4003,196.147,1.13547372817993
4004,196.196,1.32641184329987
4005,196.245,1.28830707073212
4006,196.294,1.13152146339417
4007,196.343,1.16583967208862
4008,196.392,1.11147522926331
4009,196.441,1.07238435745239
4010,196.49,1.22002398967743
4011,196.539,1.05747890472412
4012,196.588,1.07844316959381
4013,196.637,1.113933801651
4014,196.686,1.16344034671783
4015,196.735,1.21965515613556
4016,196.784,1.20097351074219
4017,196.833,1.0803519487381
4018,196.882,1.1502138376236
4019,196.931,1.13526451587677
4020,196.98,1.14073872566223
4021,197.029,1.22883856296539
4022,197.078,1.16966021060944
4023,197.127,1.28860437870026
4024,197.176,1.16262996196747
4025,197.225,1.23689436912537
4026,197.274,1.2131245136261
4027,197.323,1.19799840450287
4028,197.372,1.20970582962036
4029,197.421,1.101811170578
4030,197.47,1.02521073818207
4031,197.519,1.16447269916534
4032,197.568,1.13287472724915
4033,197.617,1.18467664718628
4034,197.666,1.24759745597839
4035,197.715,1.2434116601944
4036,197.764,1.32163429260254
4037,197.813,1.27241361141205
4038,197.862,1.21836638450623
4039,197.911,1.13690340518951
4040,197.96,1.1785614490509
4041,198.009,1.13877713680267
4042,198.058,1.29224157333374
4043,198.107,1.08352029323578
4044,198.156,1.19089460372925
4045,198.205,1.21883702278137
4046,198.254,1.09816694259644
4047,198.303,1.08670091629028
4048,198.352,1.2554657459259
4049,198.401,1.08052742481232
4050,198.45,1.10209858417511
4051,198.499,1.24005138874054
4052,198.548,1.28388619422913
4053,198.597,1.14659118652344
4054,198.646,1.14176595211029
4055,198.695,1.07061123847961
4056,198.744,1.00802576541901
4057,198.793,1.0452653169632
4058,198.842,0.921749174594879
4059,198.891,1.05156815052032
4060,198.94,1.21454048156738
4061,198.989,1.08555042743683
4062,199.038,0.970005214214325
4063,199.087,1.02352583408356
4064,199.136,1.0683798789978
4065,199.185,1.11021840572357
4066,199.234,1.24346172809601
4067,199.283,1.30628001689911
4068,199.332,1.21427547931671
4069,199.381,1.31370913982391
4070,199.43,1.22976982593536
4071,199.479,1.1153153181076
4072,199.528,1.26398694515228
4073,199.577,1.35795152187347
4074,199.626,1.18464457988739
4075,199.675,1.23418545722961
4076,199.724,1.19879126548767
4077,199.773,1.25059819221497
4078,199.822,0.977016627788544
4079,199.871,1.2979325056076
4080,199.92,1.26434600353241
4081,199.969,1.33765876293182
4082,200.018,1.15676271915436
4083,200.067,1.19558966159821
4084,200.116,1.05009949207306
4085,200.165,1.04807317256927
4086,200.214,1.10676777362823
4087,200.263,1.20235621929169
4088,200.312,1.34013772010803
4089,200.361,1.23522055149078
4090,200.41,1.2896763086319
4091,200.459,1.29301178455353
4092,200.508,1.30307137966156
4093,200.557,1.29323375225067
4094,200.606,0.97494238615036
4095,200.655,1.16561675071716
4096,200.704,1.23087215423584
4097,200.753,1.22396492958069
4098,200.802,1.18625378608704
4099,200.851,1.15598881244659
4100,200.9,1.05424976348877
4101,200.949,1.1649786233902
4102,200.998,1.2277535200119
4103,201.047,1.32966804504395
4104,201.096,1.15388560295105
4105,201.145,1.15972924232483
4106,201.194,1.0882682800293
4107,201.243,1.24110114574432
4108,201.292,1.14774894714355
4109,201.341,1.16345977783203
4110,201.39,1.31496977806091
4111,201.439,1.13313412666321
4112,201.488,1.14949941635132
4113,201.537,1.17294371128082
4114,201.586,1.13983988761902
4115,201.635,1.03948378562927
4116,201.684,1.12103223800659
4117,201.733,1.07792603969574
4118,201.782,1.11010110378265
4119,201.831,1.08385729789734
4120,201.88,1.24362099170685
4121,201.929,1.21504354476929
4122,201.978,1.29158818721771
4123,202.027,1.26188039779663
4124,202.076,1.1906133890152
4125,202.125,1.18636167049408
4126,202.174,1.18576776981354
4127,202.223,1.28166019916534
4128,202.272,1.18897545337677
4129,202.321,1.1843763589859
4130,202.37,1.15152728557587
4131,202.419,1.28634691238403
4132,202.468,1.21659517288208
4133,202.517,1.25625622272491
4134,202.566,1.33658409118652
4135,202.615,1.38485026359558
4136,202.664,1.17855441570282
4137,202.713,1.10212898254395
4138,202.762,1.18762648105621
4139,202.811,1.18831050395966
4140,202.86,1.13144373893738
4141,202.909,1.03413510322571
4142,202.958,1.0962188243866
4143,203.007,0.992633879184723
4144,203.056,0.953611731529236
4145,203.105,1.01431882381439
4146,203.154,1.10708391666412
4147,203.203,1.02055895328522
4148,203.252,1.02428472042084
4149,203.301,1.01018965244293
4150,203.35,0.932431161403656
4151,203.399,1.00957107543945
4152,203.448,1.0483980178833
4153,203.497,1.00693321228027
4154,203.546,1.00462138652802
4155,203.595,0.961463034152985
4156,203.644,0.96816474199295
4157,203.693,0.890583872795105
4158,203.742,0.820738613605499
4159,203.791,0.846139967441559
4160,203.84,0.930481731891632
4161,203.889,0.908602058887482
4162,203.938,0.984648048877716
4163,203.987,1.10141086578369
4164,204.036,1.04380643367767
4165,204.085,1.04310071468353
4166,204.134,0.935774326324463
4167,204.183,1.17489576339722
4168,204.232,1.17946374416351
4169,204.281,1.1387060880661
4170,204.33,1.12725532054901
4171,204.379,1.24469661712646
4172,204.428,1.22691023349762
4173,204.477,1.12123692035675
4174,204.526,1.08253037929535
4175,204.575,1.12223434448242
4176,204.624,1.21206855773926
4177,204.673,1.21585071086884
4178,204.722,1.15165853500366
4179,204.771,1.12179672718048
4180,204.82,1.17514991760254
4181,204.869,1.211345911026
4182,204.918,1.10331046581268
4183,204.967,1.32751786708832
4184,205.016,1.41497361660004
4185,205.065,1.31478488445282
4186,205.114,1.34218597412109
4187,205.163,1.15712523460388
4188,205.212,1.36773276329041
4189,205.261,1.18457353115082
4190,205.31,1.21626579761505
4191,205.359,1.19232058525085
4192,205.408,1.18155431747437
4193,205.457,1.25634050369263
4194,205.506,1.13233041763306
4195,205.555,1.17547786235809
4196,205.604,1.17082548141479
4197,205.653,1.17054665088654
4198,205.702,1.05379831790924
4199,205.751,1.07541346549988
4200,205.8,1.01838886737823
4201,205.849,1.06718754768372
4202,205.898,1.07284581661224
4203,205.947,1.15268468856812
4204,205.996,1.16871583461761
4205,206.045,1.11737608909607
4206,206.094,1.25479912757874
4207,206.143,1.06329143047333
4208,206.192,1.20445835590363
4209,206.241,1.15815389156342
4210,206.29,1.08671641349792
4211,206.339,1.10173046588898
4212,206.388,1.04003298282623
4213,206.437,1.11721694469452
4214,206.486,1.07113707065582
4215,206.535,1.10968029499054
4216,206.584,1.18139493465424
4217,206.633,1.05924594402313
4218,206.682,1.11879765987396
4219,206.731,1.0172381401062
4220,206.78,1.083127617836
4221,206.829,1.15076792240143
4222,206.878,0.993859827518463
4223,206.927,0.950845658779144
4224,206.976,1.09228503704071
4225,207.025,1.23078536987305
4226,207.074,1.08525502681732
4227,207.123,1.12277185916901
4228,207.172,1.22475600242615
4229,207.221,1.2596789598465
4230,207.27,1.2084926366806
4231,207.319,1.15461719036102
4232,207.368,1.21011030673981
4233,207.417,1.27616119384766
4234,207.466,1.10606050491333
4235,207.515,0.945917904376984
4236,207.564,1.17577993869781
4237,207.613,1.11248195171356
4238,207.662,1.11779522895813
4239,207.711,1.09237253665924
4240,207.76,0.989313244819641
4241,207.809,1.03449845314026
4242,207.858,1.02542841434479
4243,207.907,0.936681509017944
4244,207.956,0.898446440696716
4245,208.005,0.995469748973846
4246,208.054,1.02422654628754
4247,208.103,1.0739963054657
4248,208.152,1.09955716133118
4249,208.201,1.08996951580048
4250,208.25,1.17083048820496
4251,208.299,1.03140664100647
4252,208.348,1.195521235466
4253,208.397,1.30205953121185
4254,208.446,1.26757383346558
4255,208.495,1.21041893959045
4256,208.544,1.28405714035034
4257,208.593,1.12716507911682
4258,208.642,1.03980159759521
4259,208.691,1.21947050094604
4260,208.74,1.4062397480011
4261,208.789,1.30770432949066
4262,208.838,1.28290796279907
4263,208.887,1.23745155334473
4264,208.936,1.09681344032288
4265,208.985,1.29155850410461
4266,209.034,1.27629685401917
4267,209.083,1.50904524326324
4268,209.132,1.59262466430664
4269,209.181,1.35007286071777
4270,209.23,1.27922737598419
4271,209.279,1.18146598339081
4272,209.328,1.25628793239594
4273,209.377,1.14410376548767
4274,209.426,1.12276291847229
4275,209.475,1.13603699207306
4276,209.524,1.11320161819458
4277,209.573,1.15389394760132
4278,209.622,1.27068591117859
4279,209.671,1.38531279563904
4280,209.72,1.40720880031586
4281,209.769,1.36056482791901
4282,209.818,1.26581025123596
4283,209.867,1.46355485916138
4284,209.916,1.45133292675018
4285,209.965,1.52840900421143
4286,210.014,1.70941650867462
4287,210.063,1.44206321239471
4288,210.112,1.43686318397522
4289,210.161,1.51176869869232
4290,210.21,1.5490266084671
4291,210.259,1.497922539711
4292,210.308,1.44363129138947
4293,210.357,1.25342535972595
4294,210.406,1.31777405738831
4295,210.455,1.25372660160065
4296,210.504,1.23580312728882
4297,210.553,1.32281816005707
4298,210.602,1.32791674137115
4299,210.651,1.24547028541565
4300,210.7,1.19705295562744
4301,210.749,1.25353348255157
4302,210.798,1.34897041320801
4303,210.847,1.4189350605011
4304,210.896,1.58478772640228
4305,210.945,1.50118625164032
4306,210.994,1.58208823204041
4307,211.043,1.47821617126465
4308,211.092,1.40570783615112
4309,211.141,1.33115100860596
4310,211.19,1.260662317276
4311,211.239,1.37972104549408
4312,211.288,1.47602570056915
4313,211.337,1.54203689098358
4314,211.386,1.58720374107361
4315,211.435,1.31539833545685
4316,211.484,1.41811776161194
4317,211.533,1.44623208045959
4318,211.582,1.46236979961395
4319,211.631,1.62595796585083
4320,211.68,1.55624258518219
4321,211.729,1.52860307693481
4322,211.778,1.43089652061462
4323,211.827,1.38520932197571
4324,211.876,1.44714200496674
4325,211.925,1.29189372062683
4326,211.974,1.16229248046875
4327,212.023,1.47859883308411
4328,212.072,1.50955104827881
4329,212.121,1.29878687858582
4330,212.17,1.19366812705994
4331,212.219,1.24519789218903
4332,212.268,1.26271224021912
4333,212.317,1.14304554462433
4334,212.366,1.14564418792725
4335,212.415,1.16672360897064
4336,212.464,1.22011697292328
4337,212.513,1.14292228221893
4338,212.562,1.13801026344299
4339,212.611,1.20696699619293
4340,212.66,1.29142463207245
4341,212.709,1.16593980789185
4342,212.758,1.13028240203857
4343,212.807,1.14019310474396
4344,212.856,1.13753116130829
4345,212.905,1.23538756370544
4346,212.954,1.2907772064209
4347,213.003,1.28584909439087
4348,213.052,1.11102318763733
4349,213.101,1.26633775234222
4350,213.15,1.21912252902985
4351,213.199,1.34244656562805
4352,213.248,1.09007477760315
4353,213.297,1.12513887882233
4354,213.346,1.17439568042755
4355,213.395,1.20954203605652
4356,213.444,1.2047358751297
4357,213.493,1.28369474411011
4358,213.542,1.49940717220306
4359,213.591,1.48988258838654
4360,213.64,1.3215479850769
4361,213.689,1.49974322319031
4362,213.738,1.52139568328857
4363,213.787,1.67264008522034
4364,213.836,1.70741999149323
4365,213.885,1.68492305278778
4366,213.934,1.59531378746033
4367,213.983,1.44647324085236
4368,214.032,1.48849713802338
4369,214.081,1.38151597976685
4370,214.13,1.36146974563599
4371,214.179,1.30605638027191
4372,214.228,1.34085190296173
4373,214.277,1.49999678134918
4374,214.326,1.3849470615387
4375,214.375,1.55206882953644
4376,214.424,1.37351942062378
4377,214.473,1.37605619430542
4378,214.522,1.25616502761841
4379,214.571,1.40824961662292
4380,214.62,1.59824371337891
4381,214.669,1.44184124469757
4382,214.718,1.37526535987854
4383,214.767,1.64098191261292
4384,214.816,1.62952697277069
4385,214.865,1.47251033782959
4386,214.914,1.34944450855255
4387,214.963,1.50085234642029
4388,215.012,1.79831409454346
4389,215.061,1.74264085292816
4390,215.11,1.98821115493774
4391,215.159,1.61808180809021
4392,215.208,1.78813445568085
4393,215.257,1.54883468151093
4394,215.306,1.45342683792114
4395,215.355,1.67651641368866
4396,215.404,1.7822197675705
4397,215.453,1.78188669681549
4398,215.502,1.68294990062714
4399,215.551,1.70696151256561
4400,215.6,1.75776886940002
4401,215.649,1.65613722801208
4402,215.698,1.57162272930145
4403,215.747,1.45587015151978
4404,215.796,1.77707183361053
4405,215.845,1.62744951248169
4406,215.894,1.74080979824066
4407,215.943,1.58240008354187
4408,215.992,1.76737332344055
4409,216.041,1.83290779590607
4410,216.09,1.92144358158112
4411,216.139,1.82645165920258
4412,216.188,1.79275476932526
4413,216.237,1.88205254077911
4414,216.286,1.72030508518219
4415,216.335,1.65240347385406
4416,216.384,1.802614569664
4417,216.433,1.50314140319824
4418,216.482,1.61606633663177
4419,216.531,1.6676037311554
4420,216.58,1.73270118236542
4421,216.629,1.74851775169373
4422,216.678,1.73077154159546
4423,216.727,1.70904016494751
4424,216.776,1.78588509559631
4425,216.825,1.72059786319733
4426,216.874,1.61173760890961
4427,216.923,1.70785737037659
4428,216.972,1.84377729892731
4429,217.021,1.75745332241058
4430,217.07,1.6497974395752
4431,217.119,1.62421321868896
4432,217.168,1.61222088336945
4433,217.217,1.54479110240936
4434,217.266,1.66090202331543
4435,217.315,1.52665519714355
4436,217.364,1.58343386650085
4437,217.413,1.5029149055481
4438,217.462,1.45585072040558
4439,217.511,1.56594085693359
4440,217.56,1.43178927898407
4441,217.609,1.40269076824188
4442,217.658,1.37010300159454
4443,217.707,1.41975891590118
4444,217.756,1.38107573986053
4445,217.805,1.68067729473114
4446,217.854,1.51066851615906
4447,217.903,1.72533655166626
4448,217.952,1.5310138463974
4449,218.001,1.45848739147186
4450,218.05,1.51754927635193
4451,218.099,1.4962637424469
4452,218.148,1.56305003166199
4453,218.197,1.58612823486328
4454,218.246,1.56391525268555
4455,218.295,1.73891496658325
4456,218.344,1.75488245487213
4457,218.393,1.71337080001831
4458,218.442,1.68712246417999
4459,218.491,1.55039703845978
4460,218.54,1.56922233104706
4461,218.589,1.53885781764984
4462,218.638,1.50109565258026
4463,218.687,1.41985046863556
4464,218.736,1.37909090518951
4465,218.785,1.40213143825531
4466,218.834,1.49526000022888
4467,218.883,1.44823169708252
4468,218.932,1.2773824930191
4469,218.981,1.32816183567047
4470,219.03,1.56808423995972
4471,219.079,1.67976915836334
4472,219.128,1.65773689746857
4473,219.177,1.53365623950958
4474,219.226,1.59448444843292
4475,219.275,1.70860612392426
4476,219.324,1.75821387767792
4477,219.373,1.67702960968018
4478,219.422,1.72334253787994
4479,219.471,1.88278901576996
4480,219.52,1.64179861545563
4481,219.569,1.52555203437805
4482,219.618,1.61593496799469
4483,219.667,1.58353352546692
4484,219.716,1.38885307312012
4485,219.765,1.4541187286377
4486,219.814,1.61679315567017
4487,219.863,1.6425439119339
4488,219.912,1.64305686950684
4489,219.961,1.60198426246643
4490,220.01,1.54154825210571
4491,220.059,1.53231859207153
4492,220.108,1.58470046520233
4493,220.157,1.54396796226501
4494,220.206,1.53488278388977
4495,220.255,1.64060497283936
4496,220.304,1.6021283864975
4497,220.353,1.63974809646606
4498,220.402,1.5971075296402
4499,220.451,1.61136591434479
4500,220.5,1.54019057750702
4501,220.549,1.43838727474213
4502,220.598,1.49524438381195
4503,220.647,1.58351576328278
4504,220.696,1.63968622684479
4505,220.745,1.59103083610535
4506,220.794,1.82862043380737
4507,220.843,1.91256952285767
4508,220.892,1.82546401023865
4509,220.941,1.80249428749084
4510,220.99,1.65290057659149
4511,221.039,1.74519038200378
4512,221.088,1.87582588195801
4513,221.137,1.87851250171661
4514,221.186,1.89748799800873
4515,221.235,2.07244753837585
4516,221.284,2.21925926208496
4517,221.333,2.05928492546082
4518,221.382,2.10330629348755
4519,221.431,2.15575575828552
4520,221.48,2.01982355117798
4521,221.529,1.67534255981445
4522,221.578,1.73515129089355
4523,221.627,1.7454606294632
4524,221.676,1.76406180858612
4525,221.725,1.8043360710144
4526,221.774,1.67439901828766
4527,221.823,1.67358362674713
4528,221.872,1.69783294200897
4529,221.921,1.73791170120239
4530,221.97,1.70861625671387
4531,222.019,1.64734089374542
4532,222.068,1.70946800708771
4533,222.117,1.68112587928772
4534,222.166,1.73562550544739
4535,222.215,1.77228116989136
4536,222.264,1.80110776424408
4537,222.313,1.65050435066223
4538,222.362,1.87286770343781
4539,222.411,2.01173448562622
4540,222.46,1.98928642272949
4541,222.509,1.98599243164062
4542,222.558,1.96855878829956
4543,222.607,2.05367946624756
4544,222.656,1.84844994544983
4545,222.705,1.79223024845123
4546,222.754,1.76543569564819
4547,222.803,1.86434400081635
4548,222.852,1.90593981742859
4549,222.901,2.03903603553772
4550,222.95,1.88970303535461
4551,222.999,1.96912062168121
4552,223.048,2.08533358573914
4553,223.097,2.11673426628113
4554,223.146,1.86721014976501
4555,223.195,1.81406235694885
4556,223.244,1.83341586589813
4557,223.293,1.92077922821045
4558,223.342,1.75720608234406
4559,223.391,1.87614774703979
4560,223.44,1.92182123661041
4561,223.489,1.8247481584549
4562,223.538,1.91288864612579
4563,223.587,1.87486207485199
4564,223.636,2.08624505996704
4565,223.685,2.04033637046814
4566,223.734,2.01182556152344
4567,223.783,1.88651204109192
4568,223.832,1.80538010597229
4569,223.881,1.86880028247833
4570,223.93,1.79694283008575
4571,223.979,1.76195573806763
4572,224.028,1.84581863880157
4573,224.077,1.80860865116119
4574,224.126,1.87334358692169
4575,224.175,1.85437786579132
4576,224.224,2.02795314788818
4577,224.273,1.82016277313232
4578,224.322,1.79783809185028
4579,224.371,1.97807323932648
4580,224.42,2.05726885795593
4581,224.469,1.94738066196442
4582,224.518,1.78032541275024
4583,224.567,1.88359797000885
4584,224.616,1.87735116481781
4585,224.665,1.84826982021332
4586,224.714,1.76280272006989
4587,224.763,1.88601684570312
4588,224.812,1.88933205604553
4589,224.861,1.87623417377472
4590,224.91,2.00405931472778
4591,224.959,1.99341821670532
4592,225.008,1.99368381500244
4593,225.057,2.12524271011353
4594,225.106,2.10019469261169
4595,225.155,2.02997016906738
4596,225.204,1.91632950305939
4597,225.253,2.03937387466431
4598,225.302,1.89270722866058
4599,225.351,1.86056864261627
4600,225.4,1.9816380739212
4601,225.449,1.86916303634644
4602,225.498,1.73271441459656
4603,225.547,1.79381096363068
4604,225.596,1.93542349338531
4605,225.645,2.02902603149414
4606,225.694,1.81375956535339
4607,225.743,1.7587296962738
4608,225.792,1.73454833030701
4609,225.841,1.68018531799316
4610,225.89,1.73108696937561
4611,225.939,1.6882381439209
4612,225.988,1.53354001045227
4613,226.037,1.87043964862823
4614,226.086,1.91388702392578
4615,226.135,1.66443836688995
4616,226.184,1.82113218307495
4617,226.233,1.87929773330688
4618,226.282,1.80126667022705
4619,226.331,1.82259500026703
4620,226.38,1.82912504673004
4621,226.429,1.93206357955933
4622,226.478,1.78141164779663
4623,226.527,1.82457780838013
4624,226.576,1.84823501110077
4625,226.625,1.842613697052
4626,226.674,1.66775405406952
4627,226.723,1.85394620895386
4628,226.772,1.72527229785919
4629,226.821,1.79068624973297
4630,226.87,1.81361711025238
4631,226.919,1.67086052894592
4632,226.968,1.63013219833374
4633,227.017,1.58548986911774
4634,227.066,1.54172694683075
4635,227.115,1.4841001033783
4636,227.164,1.75283062458038
4637,227.213,1.69601261615753
4638,227.262,1.6759444475174
4639,227.311,1.65675687789917
4640,227.36,1.52327370643616
4641,227.409,1.68387770652771
4642,227.458,1.65339553356171
4643,227.507,1.47152185440063
4644,227.556,1.76194250583649
4645,227.605,1.78594100475311
4646,227.654,1.6811192035675
4647,227.703,1.75792586803436
4648,227.752,1.53579723834991
4649,227.801,1.49353647232056
4650,227.85,1.37213778495789
4651,227.899,1.43869137763977
4652,227.948,1.36359238624573
4653,227.997,1.37258911132812
4654,228.046,1.59095478057861
4655,228.095,1.44958114624023
4656,228.144,1.4468013048172
4657,228.193,1.49809050559998
4658,228.242,1.49579310417175
4659,228.291,1.61768925189972
4660,228.34,1.74246108531952
4661,228.389,1.48065614700317
4662,228.438,1.60882234573364
4663,228.487,1.64349782466888
4664,228.536,1.60912609100342
4665,228.585,1.49560928344727
4666,228.634,1.39209425449371
4667,228.683,1.57723915576935
4668,228.732,1.41392397880554
4669,228.781,1.50069940090179
4670,228.83,1.442023396492
4671,228.879,1.53481101989746
4672,228.928,1.43749630451202
4673,228.977,1.3293844461441
4674,229.026,1.29891014099121
4675,229.075,1.38308870792389
4676,229.124,1.32253587245941
4677,229.173,1.33111417293549
4678,229.222,1.41170608997345
4679,229.271,1.68604266643524
4680,229.32,1.57882416248322
4681,229.369,1.5771416425705
4682,229.418,1.80353927612305
4683,229.467,1.70415544509888
4684,229.516,1.65292036533356
4685,229.565,1.82481110095978
4686,229.614,1.51749765872955
4687,229.663,1.63773429393768
4688,229.712,1.59098541736603
4689,229.761,1.69956123828888
4690,229.81,1.51799845695496
4691,229.859,1.52284383773804
4692,229.908,1.60160994529724
4693,229.957,1.6073260307312
4694,230.006,1.73641514778137
4695,230.055,1.67481136322021
4696,230.104,1.59276401996613
4697,230.153,1.6479971408844
4698,230.202,1.62091147899628
4699,230.251,1.64407896995544
4700,230.3,1.54040718078613
4701,230.349,1.5931361913681
4702,230.398,1.41750061511993
4703,230.447,1.4409863948822
4704,230.496,1.54097127914429
4705,230.545,1.46744537353516
4706,230.594,1.60956382751465
4707,230.643,1.35930991172791
4708,230.692,1.50265693664551
4709,230.741,1.51320540904999
4710,230.79,1.4198671579361
4711,230.839,1.5538467168808
4712,230.888,1.57675230503082
4713,230.937,1.61594641208649
4714,230.986,1.6241250038147
4715,231.035,1.54146313667297
4716,231.084,1.49442827701569
4717,231.133,1.5647383928299
4718,231.182,1.67420053482056
4719,231.231,1.69159686565399
4720,231.28,1.566410779953
4721,231.329,1.48608803749084
4722,231.378,1.57349181175232
4723,231.427,1.52291655540466
4724,231.476,1.65091753005981
4725,231.525,1.65333604812622
4726,231.574,1.70416188240051
4727,231.623,1.71570563316345
4728,231.672,1.65887904167175
4729,231.721,1.58062481880188
4730,231.77,1.77333331108093
4731,231.819,1.7975732088089
4732,231.868,1.77598655223846
4733,231.917,1.69277918338776
4734,231.966,1.65989100933075
4735,232.015,1.46677017211914
4736,232.064,1.46001362800598
4737,232.113,1.63856446743011
4738,232.162,1.5674854516983
4739,232.211,1.44865906238556
4740,232.26,1.37711834907532
4741,232.309,1.46984159946442
4742,232.358,1.56965255737305
4743,232.407,1.60010123252869
4744,232.456,1.52501916885376
4745,232.505,1.43675887584686
4746,232.554,1.56632518768311
4747,232.603,1.57718110084534
4748,232.652,1.56556487083435
4749,232.701,1.61199569702148
4750,232.75,1.60731077194214
4751,232.799,1.56566250324249
4752,232.848,1.4260219335556
4753,232.897,1.44959449768066
4754,232.946,1.4870799779892
4755,232.995,1.59505808353424
4756,233.044,1.54219508171082
4757,233.093,1.47414255142212
4758,233.142,1.69192337989807
4759,233.191,1.78373098373413
4760,233.24,1.6740095615387
4761,233.289,1.74849784374237
4762,233.338,1.54778385162354
4763,233.387,1.69318854808807
4764,233.436,1.99246883392334
4765,233.485,1.88194131851196
4766,233.534,1.78126859664917
4767,233.583,1.6713148355484
4768,233.632,1.72613489627838
4769,233.681,1.8201984167099
4770,233.73,1.62487721443176
4771,233.779,1.75341868400574
4772,233.828,1.77336323261261
4773,233.877,1.55952632427216
4774,233.926,1.50370097160339
4775,233.975,1.55231070518494
4776,234.024,1.61896884441376
4777,234.073,1.70301389694214
4778,234.122,1.70064556598663
4779,234.171,1.70281827449799
4780,234.22,1.66922080516815
4781,234.269,1.4516806602478
4782,234.318,1.65930557250977
4783,234.367,1.72916626930237
4784,234.416,1.61087560653687
4785,234.465,1.63913130760193
4786,234.514,1.69340837001801
4787,234.563,1.61451351642609
4788,234.612,1.61568999290466
4789,234.661,1.65259063243866
4790,234.71,1.69023823738098
4791,234.759,1.70772111415863
4792,234.808,1.64440369606018
4793,234.857,1.50053334236145
4794,234.906,1.73395228385925
4795,234.955,1.62628853321075
4796,235.004,1.57203137874603
4797,235.053,1.58070278167725
4798,235.102,1.64060950279236
4799,235.151,1.58053815364838
4800,235.2,1.78463280200958
4801,235.249,1.783970952034
4802,235.298,1.70124077796936
4803,235.347,1.63724446296692
4804,235.396,1.60202348232269
4805,235.445,1.44365274906158
4806,235.494,1.49880611896515
4807,235.543,1.68103098869324
4808,235.592,1.53166925907135
4809,235.641,1.47490549087524
4810,235.69,1.47977149486542
4811,235.739,1.59225487709045
4812,235.788,1.59257423877716
4813,235.837,1.40358638763428
4814,235.886,1.49080049991608
4815,235.935,1.46760046482086
4816,235.984,1.4133814573288
4817,236.033,1.40701711177826
4818,236.082,1.47607183456421
4819,236.131,1.58280074596405
4820,236.18,1.44109463691711
4821,236.229,1.57571029663086
4822,236.278,1.73524594306946
4823,236.327,1.87955343723297
4824,236.376,1.65703070163727
4825,236.425,1.60098147392273
4826,236.474,1.42636179924011
4827,236.523,1.34664249420166
4828,236.572,1.21843755245209
4829,236.621,1.25750398635864
4830,236.67,1.30123376846313
4831,236.719,1.17137730121613
4832,236.768,1.15939724445343
4833,236.817,1.0501115322113
4834,236.866,1.14285552501678
4835,236.915,1.3301557302475
4836,236.964,1.25607752799988
4837,237.013,1.33951497077942
4838,237.062,1.31973993778229
4839,237.111,1.45896399021149
4840,237.16,1.34780597686768
4841,237.209,1.17770862579346
4842,237.258,1.06710624694824
4843,237.307,1.25242376327515
4844,237.356,1.28786861896515
4845,237.405,1.05981552600861
4846,237.454,1.14193570613861
4847,237.503,1.35348880290985
4848,237.552,1.27623248100281
4849,237.601,1.53294622898102
4850,237.65,1.45714831352234
4851,237.699,1.31823229789734
4852,237.748,1.40391027927399
4853,237.797,1.30591690540314
4854,237.846,1.18385529518127
4855,237.895,1.22535419464111
4856,237.944,1.1253582239151
4857,237.993,1.08936142921448
4858,238.042,1.09107768535614
4859,238.091,0.9704949259758
4860,238.14,1.02804529666901
4861,238.189,1.0478321313858
4862,238.238,1.09401142597198
4863,238.287,1.08402395248413
4864,238.336,1.09178614616394
4865,238.385,0.985857307910919
4866,238.434,1.02443182468414
4867,238.483,1.07581448554993
4868,238.532,1.15306496620178
4869,238.581,1.12185502052307
4870,238.63,1.14143967628479
4871,238.679,1.14663362503052
4872,238.728,1.10571002960205
4873,238.777,1.3311265707016
4874,238.826,1.27504849433899
4875,238.875,1.15945196151733
4876,238.924,1.12701547145844
4877,238.973,0.979593217372894
4878,239.022,1.15027725696564
4879,239.071,1.16848647594452
4880,239.12,1.25082218647003
4881,239.169,1.17972886562347
4882,239.218,1.10849189758301
4883,239.267,1.00477457046509
4884,239.316,1.07798898220062
4885,239.365,1.06957376003265
4886,239.414,1.20972120761871
4887,239.463,1.25831508636475
4888,239.512,1.17592024803162
4889,239.561,1.16334414482117
4890,239.61,1.26634097099304
4891,239.659,1.2063524723053
4892,239.708,1.29012858867645
4893,239.757,1.18056654930115
4894,239.806,0.972285151481628
4895,239.855,1.3336443901062
4896,239.904,1.11046242713928
4897,239.953,1.04039800167084
4898,240.002,1.28194570541382
4899,240.051,1.22383868694305
4900,240.1,1.14037466049194
4901,240.149,1.34286820888519
4902,240.198,1.31770300865173
4903,240.247,1.34382963180542
4904,240.296,1.07749629020691
4905,240.345,1.1926703453064
4906,240.394,1.05093240737915
4907,240.443,0.920630276203156
4908,240.492,0.912583470344543
4909,240.541,0.924966394901276
4910,240.59,0.945355713367462
4911,240.639,1.02274632453918
4912,240.688,1.17756259441376
4913,240.737,1.14327502250671
4914,240.786,1.23636186122894
4915,240.835,1.21365344524384
4916,240.884,1.16847956180573
4917,240.933,1.1666088104248
4918,240.982,0.922112822532654
4919,241.031,0.918138802051544
4920,241.08,1.05556011199951
4921,241.129,0.953578770160675
4922,241.178,1.12454783916473
4923,241.227,1.12833118438721
4924,241.276,1.26201140880585
4925,241.325,1.37546420097351
4926,241.374,1.18859970569611
4927,241.423,1.13314998149872
4928,241.472,1.20773184299469
4929,241.521,0.906543791294098
4930,241.57,1.08975875377655
4931,241.619,0.962544858455658
4932,241.668,1.00699877738953
4933,241.717,1.03802144527435
4934,241.766,1.00854623317719
4935,241.815,0.978984653949738
4936,241.864,1.17006886005402
4937,241.913,1.4047863483429
4938,241.962,1.32530760765076
4939,242.011,1.20604062080383
4940,242.06,1.13742125034332
4941,242.109,1.27689731121063
4942,242.158,1.16241264343262
4943,242.207,1.1325911283493
4944,242.256,1.21869707107544
4945,242.305,1.43340134620667
4946,242.354,1.19496142864227
4947,242.403,1.28467786312103
4948,242.452,1.18761205673218
4949,242.501,1.28229260444641
4950,242.55,1.30567514896393
4951,242.599,1.2259407043457
4952,242.648,1.30278265476227
4953,242.697,1.16542756557465
4954,242.746,1.2892005443573
4955,242.795,1.34943354129791
4956,242.844,1.24620985984802
4957,242.893,1.27894675731659
4958,242.942,1.39266109466553
4959,242.991,1.18643522262573
4960,243.04,1.43648242950439
4961,243.089,1.09246611595154
4962,243.138,1.2531430721283
4963,243.187,1.17663633823395
4964,243.236,1.52630269527435
4965,243.285,1.52316677570343
4966,243.334,1.53891801834106
4967,243.383,1.48848688602448
4968,243.432,1.48925721645355
4969,243.481,1.46546351909637
4970,243.53,1.61560964584351
4971,243.579,1.45839846134186
4972,243.628,1.41607522964478
4973,243.677,1.45619702339172
4974,243.726,1.43278539180756
4975,243.775,1.28471744060516
4976,243.824,1.31143021583557
4977,243.873,1.42818105220795
4978,243.922,1.30287933349609
4979,243.971,1.23571610450745
4980,244.02,1.38277769088745
4981,244.069,1.3651750087738
4982,244.118,1.26565933227539
4983,244.167,1.29440140724182
4984,244.216,1.02754426002502
4985,244.265,1.19010889530182
4986,244.314,1.07604610919952
4987,244.363,1.1728481054306
4988,244.412,1.40203285217285
4989,244.461,1.15080451965332
4990,244.51,0.992786824703217
4991,244.559,1.21263921260834
4992,244.608,1.00165998935699
4993,244.657,1.20549213886261
4994,244.706,1.04394900798798
