Frame,Time,RMSD
0,0,0
1,0.049,0.529140532016754
2,0.098,0.561307489871979
3,0.147,0.599338293075562
4,0.196,0.703677892684937
5,0.245,0.666199803352356
6,0.294,0.642533779144287
7,0.343,0.659277617931366
8,0.392,0.666263103485107
9,0.441,0.720936119556427
10,0.49,0.697663247585297
11,0.539,0.695100128650665
12,0.588,0.630285561084747
13,0.637,0.567921698093414
14,0.686,0.689325451850891
15,0.735,0.617133915424347
16,0.784,0.72442227602005
17,0.833,0.829226911067963
18,0.882,0.775871753692627
19,0.931,0.735259652137756
20,0.98,0.815345525741577
21,1.029,0.754080891609192
22,1.078,0.729740083217621
23,1.127,0.633026301860809
24,1.176,0.811603724956512
25,1.225,0.75599193572998
26,1.274,0.775639593601227
27,1.323,0.809298992156982
28,1.372,0.937184035778046
29,1.421,0.890181303024292
30,1.47,0.812687158584595
31,1.519,0.9134641289711
32,1.568,1.12924599647522
33,1.617,1.04738914966583
34,1.666,0.900985896587372
35,1.715,0.7523033618927
36,1.764,0.703240931034088
37,1.813,0.823351263999939
38,1.862,0.729041874408722
39,1.911,0.804583370685577
40,1.96,0.798798859119415
41,2.009,0.862578809261322
42,2.058,0.743519902229309
43,2.107,0.967605113983154
44,2.156,0.824581265449524
45,2.205,0.975992679595947
46,2.254,0.873340010643005
47,2.303,0.694993019104004
48,2.352,0.718723952770233
49,2.401,0.844425022602081
50,2.45,0.919352769851685
51,2.499,0.907825291156769
52,2.548,0.819114625453949
53,2.597,0.813424289226532
54,2.646,0.772105395793915
55,2.695,0.785773694515228
56,2.744,0.908967018127441
57,2.793,0.758401870727539
58,2.842,0.784581899642944
59,2.891,0.872236609458923
60,2.94,0.868455052375793
61,2.989,0.846196413040161
62,3.038,0.975480020046234
63,3.087,0.832270205020905
64,3.136,0.683007121086121
65,3.185,0.859847605228424
66,3.234,0.94233375787735
67,3.283,0.817162215709686
68,3.332,0.885576844215393
69,3.381,0.791220188140869
70,3.43,0.918390154838562
71,3.479,0.9065061211586
72,3.528,0.891195893287659
73,3.577,0.933563649654388
74,3.626,0.925141632556915
75,3.675,0.936975538730621
76,3.724,0.849005281925201
77,3.773,0.91000109910965
78,3.822,0.790612161159515
79,3.871,0.879302680492401
80,3.92,0.913102626800537
81,3.969,1.06538283824921
82,4.018,0.925186038017273
83,4.067,0.805367231369019
84,4.116,0.936165750026703
85,4.165,1.02442264556885
86,4.214,0.974706411361694
87,4.263,0.954003036022186
88,4.312,0.944394469261169
89,4.361,0.873471021652222
90,4.41,0.815969884395599
91,4.459,0.810651063919067
92,4.508,0.859244227409363
93,4.557,0.92397665977478
94,4.606,0.911884725093842
95,4.655,1.02039790153503
96,4.704,0.836391866207123
97,4.753,0.93093204498291
98,4.802,0.788374423980713
99,4.851,0.855326235294342
100,4.9,0.835642874240875
101,4.949,0.680163264274597
102,4.998,0.640885055065155
103,5.047,0.784676253795624
104,5.096,0.718816459178925
105,5.145,0.8612459897995
106,5.194,0.813713312149048
107,5.243,0.736332178115845
108,5.292,0.790596961975098
109,5.341,0.71830278635025
110,5.39,0.793946921825409
111,5.439,0.763969719409943
112,5.488,0.854137778282166
113,5.537,0.778567910194397
114,5.586,0.773207187652588
115,5.635,0.818188071250916
116,5.684,0.840717434883118
117,5.733,0.88398689031601
118,5.782,0.845560312271118
119,5.831,0.927254557609558
120,5.88,0.78432035446167
121,5.929,0.780062794685364
122,5.978,0.730393707752228
123,6.027,0.865839898586273
124,6.076,0.922783315181732
125,6.125,0.749668717384338
126,6.174,0.940831899642944
127,6.223,0.905374586582184
128,6.272,0.887566447257996
129,6.321,0.981890559196472
130,6.37,0.968041479587555
131,6.419,0.902679324150085
132,6.468,0.801007390022278
133,6.517,0.689343690872192
134,6.566,0.740410566329956
135,6.615,0.744174778461456
136,6.664,0.934620797634125
137,6.713,0.737464427947998
138,6.762,0.783843636512756
139,6.811,0.830552458763123
140,6.86,0.773943483829498
141,6.909,0.775556206703186
142,6.958,0.637850224971771
143,7.007,0.724400818347931
144,7.056,0.647680580615997
145,7.105,0.76278954744339
146,7.154,0.62796813249588
147,7.203,0.689717352390289
148,7.252,0.634743630886078
149,7.301,0.577900528907776
150,7.35,0.58183217048645
151,7.399,0.712456464767456
152,7.448,0.674673020839691
153,7.497,0.66544371843338
154,7.546,0.672953903675079
155,7.595,0.840429663658142
156,7.644,0.891527235507965
157,7.693,0.810687124729156
158,7.742,0.945150136947632
159,7.791,0.669481515884399
160,7.84,0.777466595172882
161,7.889,0.783182859420776
162,7.938,0.912738740444183
163,7.987,0.907516062259674
164,8.036,0.902411937713623
165,8.085,0.994718074798584
166,8.134,1.02888655662537
167,8.183,0.884946703910828
168,8.232,1.02187669277191
169,8.281,0.906538128852844
170,8.33,0.837333202362061
171,8.379,0.77919328212738
172,8.428,0.825971364974976
173,8.477,0.778105139732361
174,8.526,0.730619132518768
175,8.575,0.660797536373138
176,8.624,0.60374790430069
177,8.673,0.706761717796326
178,8.722,0.685764789581299
179,8.771,0.721379041671753
180,8.82,0.682664811611176
181,8.869,0.800291061401367
182,8.918,0.824642360210419
183,8.967,0.775270521640778
184,9.016,0.752853333950043
185,9.065,0.673401594161987
186,9.114,0.898498833179474
187,9.163,0.884701430797577
188,9.212,0.751914262771606
189,9.261,0.60085666179657
190,9.31,0.618906676769257
191,9.359,0.683891236782074
192,9.408,0.822926759719849
193,9.457,0.858234941959381
194,9.506,0.783682942390442
195,9.555,0.70865786075592
196,9.604,0.637048661708832
197,9.653,0.797110855579376
198,9.702,0.804437220096588
199,9.751,0.85144704580307
200,9.8,0.968079209327698
201,9.849,0.906759440898895
202,9.898,0.931069195270538
203,9.947,1.06313002109528
204,9.996,0.941261053085327
205,10.045,0.807574450969696
206,10.094,0.9504154920578
207,10.143,1.00803565979004
208,10.192,0.909557521343231
209,10.241,1.01405608654022
210,10.29,0.871881306171417
211,10.339,1.04641997814178
212,10.388,0.953945934772491
213,10.437,1.00756072998047
214,10.486,1.04508674144745
215,10.535,1.07609367370605
216,10.584,0.979948699474335
217,10.633,0.938252329826355
218,10.682,0.99700140953064
219,10.731,0.96753716468811
220,10.78,1.03878164291382
221,10.829,0.98381233215332
222,10.878,0.991307556629181
223,10.927,0.94778710603714
224,10.976,0.919606685638428
225,11.025,0.795297503471375
226,11.074,0.925481975078583
227,11.123,0.828955292701721
228,11.172,0.942636251449585
229,11.221,0.78377765417099
230,11.27,0.783907234668732
231,11.319,0.878768384456635
232,11.368,0.745845556259155
233,11.417,0.824418962001801
234,11.466,0.784293949604034
235,11.515,0.817254364490509
236,11.564,0.799060463905334
237,11.613,0.749637424945831
238,11.662,0.72721391916275
239,11.711,0.7495436668396
240,11.76,0.71849113702774
241,11.809,0.678059101104736
242,11.858,0.671516716480255
243,11.907,0.730266511440277
244,11.956,0.758911848068237
245,12.005,0.702764213085175
246,12.054,0.712979674339294
247,12.103,0.875015020370483
248,12.152,0.880062997341156
249,12.201,0.71924352645874
250,12.25,0.750492453575134
251,12.299,0.820260167121887
252,12.348,0.937543570995331
253,12.397,0.734822452068329
254,12.446,0.790278553962708
255,12.495,0.774894714355469
256,12.544,0.74179869890213
257,12.593,0.75814563035965
258,12.642,0.721605539321899
259,12.691,0.771188974380493
260,12.74,0.71153998374939
261,12.789,0.718035280704498
262,12.838,0.786496639251709
263,12.887,0.908526957035065
264,12.936,0.662022352218628
265,12.985,0.86686897277832
266,13.034,0.777574896812439
267,13.083,0.850799202919006
268,13.132,0.727727651596069
269,13.181,0.766014873981476
270,13.23,0.82222306728363
271,13.279,0.766416072845459
272,13.328,0.691471874713898
273,13.377,0.802378237247467
274,13.426,0.820831000804901
275,13.475,0.756090104579926
276,13.524,0.669896423816681
277,13.573,0.836752474308014
278,13.622,0.77704256772995
279,13.671,0.791277408599854
280,13.72,0.727434039115906
281,13.769,0.808376431465149
282,13.818,0.866335570812225
283,13.867,0.887941241264343
284,13.916,0.93389767408371
285,13.965,0.875592529773712
286,14.014,0.783021032810211
287,14.063,0.657733261585236
288,14.112,0.693977534770966
289,14.161,0.790000259876251
290,14.21,0.724037170410156
291,14.259,0.834196090698242
292,14.308,0.794691741466522
293,14.357,0.838782548904419
294,14.406,0.706340491771698
295,14.455,0.798285365104675
296,14.504,0.724617183208466
297,14.553,0.828827440738678
298,14.602,0.786245107650757
299,14.651,0.827276706695557
300,14.7,0.784737944602966
301,14.749,0.672092318534851
302,14.798,0.738094091415405
303,14.847,0.750716745853424
304,14.896,0.826021432876587
305,14.945,0.83802318572998
306,14.994,0.901435196399689
307,15.043,0.81667023897171
308,15.092,0.809570014476776
309,15.141,0.853606641292572
310,15.19,0.763369500637054
311,15.239,0.801337242126465
312,15.288,0.837432384490967
313,15.337,0.849056363105774
314,15.386,0.836255669593811
315,15.435,0.801880359649658
316,15.484,0.893850684165955
317,15.533,0.875767648220062
318,15.582,0.984533846378326
319,15.631,0.929894685745239
320,15.68,0.980612397193909
321,15.729,0.863969445228577
322,15.778,0.83093786239624
323,15.827,0.783777177333832
324,15.876,0.83174729347229
325,15.925,0.782507479190826
326,15.974,0.850174069404602
327,16.023,0.844960629940033
328,16.072,1.01362097263336
329,16.121,0.886842429637909
330,16.17,0.739335656166077
331,16.219,0.781356394290924
332,16.268,0.740966498851776
333,16.317,0.90062540769577
334,16.366,0.906411707401276
335,16.415,0.87700492143631
336,16.464,0.707846641540527
337,16.513,0.788277387619019
338,16.562,0.937156975269318
339,16.611,0.840700924396515
340,16.66,0.795881807804108
341,16.709,0.925020158290863
342,16.758,0.736125528812408
343,16.807,0.738274276256561
344,16.856,0.898635625839233
345,16.905,0.835489094257355
346,16.954,0.965618908405304
347,17.003,0.893935918807983
348,17.052,0.969338357448578
349,17.101,0.884401798248291
350,17.15,0.981497287750244
351,17.199,0.962031722068787
352,17.248,0.888690829277039
353,17.297,1.03060615062714
354,17.346,0.967516124248505
355,17.395,1.01394879817963
356,17.444,1.034423828125
357,17.493,1.07561862468719
358,17.542,1.09204876422882
359,17.591,1.30447912216187
360,17.64,1.24184226989746
361,17.689,1.35613083839417
362,17.738,1.29819297790527
363,17.787,1.09845983982086
364,17.836,1.17130625247955
365,17.885,1.10362219810486
366,17.934,1.03629529476166
367,17.983,1.00405752658844
368,18.032,1.09339094161987
369,18.081,1.16722536087036
370,18.13,1.27063190937042
371,18.179,1.22700071334839
372,18.228,1.24831700325012
373,18.277,1.24488627910614
374,18.326,1.03076016902924
375,18.375,1.01836144924164
376,18.424,1.1300243139267
377,18.473,1.06852149963379
378,18.522,1.18518364429474
379,18.571,1.28909206390381
380,18.62,1.27541077136993
381,18.669,1.20024788379669
382,18.718,1.22699093818665
383,18.767,1.29519689083099
384,18.816,1.51368796825409
385,18.865,1.4518975019455
386,18.914,1.38448488712311
387,18.963,1.26648008823395
388,19.012,1.31338429450989
389,19.061,1.34247732162476
390,19.11,1.36441540718079
391,19.159,1.1829400062561
392,19.208,1.38090372085571
393,19.257,1.36152756214142
394,19.306,1.29311347007751
395,19.355,1.32084226608276
396,19.404,1.34119892120361
397,19.453,1.43962109088898
398,19.502,1.3106529712677
399,19.551,1.36383605003357
400,19.6,1.37780463695526
401,19.649,1.22027790546417
402,19.698,1.33352446556091
403,19.747,1.1509565114975
404,19.796,1.03992414474487
405,19.845,1.24780857563019
406,19.894,1.18047642707825
407,19.943,1.12262058258057
408,19.992,1.13352465629578
409,20.041,1.12722754478455
410,20.09,0.969014406204224
411,20.139,0.985378563404083
412,20.188,0.934676229953766
413,20.237,0.918810844421387
414,20.286,1.02446103096008
415,20.335,1.18359196186066
416,20.384,1.21046757698059
417,20.433,1.1181389093399
418,20.482,1.0309864282608
419,20.531,1.01858007907867
420,20.58,1.06924998760223
421,20.629,0.984153866767883
422,20.678,0.975590586662292
423,20.727,0.999481618404388
424,20.776,0.864242732524872
425,20.825,0.877157092094421
426,20.874,0.830604434013367
427,20.923,0.836977601051331
428,20.972,0.885188221931458
429,21.021,0.967334985733032
430,21.07,1.09228622913361
431,21.119,0.979994356632233
432,21.168,1.02224636077881
433,21.217,0.950206935405731
434,21.266,1.05749607086182
435,21.315,0.927221059799194
436,21.364,1.00715327262878
437,21.413,0.986710131168365
438,21.462,0.997794926166534
439,21.511,1.16329085826874
440,21.56,1.06843602657318
441,21.609,0.997576653957367
442,21.658,0.996552348136902
443,21.707,0.900746762752533
444,21.756,0.903484702110291
445,21.805,0.891120910644531
446,21.854,0.893439710140228
447,21.903,0.925395727157593
448,21.952,0.879513740539551
449,22.001,1.0142525434494
450,22.05,0.868881642818451
451,22.099,1.04192852973938
452,22.148,0.996105790138245
453,22.197,0.964018523693085
454,22.246,0.826063811779022
455,22.295,0.849877715110779
456,22.344,0.726684808731079
457,22.393,0.855687320232391
458,22.442,0.879706501960754
459,22.491,0.85740464925766
460,22.54,0.814521551132202
461,22.589,0.776918113231659
462,22.638,0.845063865184784
463,22.687,0.985705435276031
464,22.736,0.843553304672241
465,22.785,0.823700308799744
466,22.834,0.691943168640137
467,22.883,0.760310530662537
468,22.932,0.91364049911499
469,22.981,0.95027619600296
470,23.03,1.08109652996063
471,23.079,1.10130023956299
472,23.128,1.17152857780457
473,23.177,1.21652007102966
474,23.226,1.1713000535965
475,23.275,1.09029829502106
476,23.324,1.04989504814148
477,23.373,1.03094291687012
478,23.422,1.18709278106689
479,23.471,1.11604154109955
480,23.52,1.01578009128571
481,23.569,1.03471314907074
482,23.618,1.03271126747131
483,23.667,1.01011157035828
484,23.716,1.01079189777374
485,23.765,1.12624764442444
486,23.814,0.996056199073792
487,23.863,1.09985375404358
488,23.912,1.16734385490417
489,23.961,1.20150697231293
490,24.01,1.29141843318939
491,24.059,1.1297013759613
492,24.108,1.09046232700348
493,24.157,1.06896770000458
494,24.206,1.02624940872192
495,24.255,1.15463209152222
496,24.304,1.1957573890686
497,24.353,1.15922904014587
498,24.402,1.16292941570282
499,24.451,1.20788848400116
500,24.5,1.10800385475159
501,24.549,1.31161320209503
502,24.598,1.19995820522308
503,24.647,1.44699060916901
504,24.696,1.05247211456299
505,24.745,1.26490831375122
506,24.794,1.35698878765106
507,24.843,1.40529656410217
508,24.892,1.20454788208008
509,24.941,1.15391802787781
510,24.99,1.1631281375885
511,25.039,1.1027055978775
512,25.088,1.15113806724548
513,25.137,1.15606009960175
514,25.186,1.21139371395111
515,25.235,1.22292804718018
516,25.284,1.21697402000427
517,25.333,1.31480526924133
518,25.382,1.30008780956268
519,25.431,1.20528852939606
520,25.48,1.08852505683899
521,25.529,1.22222173213959
522,25.578,1.13905704021454
523,25.627,1.25925278663635
524,25.676,1.27185761928558
525,25.725,1.24925911426544
526,25.774,1.36198651790619
527,25.823,1.23733818531036
528,25.872,1.24956083297729
529,25.921,1.28112077713013
530,25.97,1.21927976608276
531,26.019,1.20692300796509
532,26.068,1.20198261737823
533,26.117,1.17207968235016
534,26.166,1.23647022247314
535,26.215,1.25077533721924
536,26.264,1.35445713996887
537,26.313,1.3408408164978
538,26.362,1.3829745054245
539,26.411,1.26260507106781
540,26.46,1.41383922100067
541,26.509,1.40104031562805
542,26.558,1.33314061164856
543,26.607,1.21972012519836
544,26.656,1.18230009078979
545,26.705,1.36380767822266
546,26.754,1.3830441236496
547,26.803,1.28885912895203
548,26.852,1.28538930416107
549,26.901,1.15505135059357
550,26.95,1.26456069946289
551,26.999,1.27866399288177
552,27.048,1.19436454772949
553,27.097,1.30692064762115
554,27.146,1.15133142471313
555,27.195,1.10421395301819
556,27.244,1.20574879646301
557,27.293,1.1924455165863
558,27.342,1.15986120700836
559,27.391,1.226194024086
560,27.44,1.31504535675049
561,27.489,1.1355220079422
562,27.538,1.28135681152344
563,27.587,1.03487980365753
564,27.636,1.08762228488922
565,27.685,1.13822591304779
566,27.734,1.02449977397919
567,27.783,1.28337144851685
568,27.832,1.13713014125824
569,27.881,1.00727689266205
570,27.93,0.997283935546875
571,27.979,1.07722997665405
572,28.028,1.0912116765976
573,28.077,1.15387618541718
574,28.126,1.03924071788788
575,28.175,1.09134924411774
576,28.224,1.13433420658112
577,28.273,1.122922539711
578,28.322,1.18327379226685
579,28.371,1.15558505058289
580,28.42,1.14275646209717
581,28.469,1.15813302993774
582,28.518,1.08696901798248
583,28.567,1.15501606464386
584,28.616,1.08389937877655
585,28.665,1.03396272659302
586,28.714,1.16624045372009
587,28.763,1.12480330467224
588,28.812,1.25745368003845
589,28.861,1.2755343914032
590,28.91,1.11154282093048
591,28.959,1.11417829990387
592,29.008,1.21903550624847
593,29.057,1.10515224933624
594,29.106,1.11047089099884
595,29.155,1.24217522144318
596,29.204,1.2498744726181
597,29.253,1.24082040786743
598,29.302,1.2069901227951
599,29.351,1.2625048160553
600,29.4,1.35046350955963
601,29.449,1.30427730083466
602,29.498,1.3458343744278
603,29.547,1.14732432365417
604,29.596,1.24135053157806
605,29.645,1.24405264854431
606,29.694,1.12735056877136
607,29.743,1.14153122901917
608,29.792,1.24968433380127
609,29.841,1.2806202173233
610,29.89,1.24452042579651
611,29.939,1.25996601581573
612,29.988,1.18214297294617
613,30.037,1.2195291519165
614,30.086,1.19571876525879
615,30.135,1.30001163482666
616,30.184,1.19887673854828
617,30.233,1.24666142463684
618,30.282,1.31385958194733
619,30.331,1.25872480869293
620,30.38,1.22494721412659
621,30.429,1.29421281814575
622,30.478,1.28756141662598
623,30.527,1.1283985376358
624,30.576,0.99939227104187
625,30.625,1.18982148170471
626,30.674,1.1055508852005
627,30.723,1.19382476806641
628,30.772,1.1720712184906
629,30.821,1.04982268810272
630,30.87,1.12108635902405
631,30.919,1.10550427436829
632,30.968,1.11139380931854
633,31.017,1.14365744590759
634,31.066,1.22757470607758
635,31.115,1.24529433250427
636,31.164,1.31694173812866
637,31.213,1.28617537021637
638,31.262,1.28315699100494
639,31.311,1.22690951824188
640,31.36,1.27076578140259
641,31.409,1.25889587402344
642,31.458,1.36053013801575
643,31.507,1.29192566871643
644,31.556,1.23605728149414
645,31.605,1.1977823972702
646,31.654,1.09638237953186
647,31.703,1.09470725059509
648,31.752,1.0395679473877
649,31.801,1.17792403697968
650,31.85,1.14985179901123
651,31.899,1.19094133377075
652,31.948,1.17363607883453
653,31.997,1.12245345115662
654,32.046,1.11628925800323
655,32.095,1.10755240917206
656,32.144,1.1488299369812
657,32.193,1.38043487071991
658,32.242,1.29072213172913
659,32.291,1.15461528301239
660,32.34,1.40551507472992
661,32.389,1.16451978683472
662,32.438,1.21575582027435
663,32.487,1.23214876651764
664,32.536,1.27917349338531
665,32.585,1.10128200054169
666,32.634,1.14582133293152
667,32.683,1.27628862857819
668,32.732,1.20818793773651
669,32.781,1.30523884296417
670,32.83,1.23236274719238
671,32.879,1.29881262779236
672,32.928,1.32125329971313
673,32.977,1.28051602840424
674,33.026,1.1887047290802
675,33.075,1.13888573646545
676,33.124,1.10868668556213
677,33.173,1.11454999446869
678,33.222,1.19863057136536
679,33.271,1.08292162418365
680,33.32,0.940717160701752
681,33.369,1.19785618782043
682,33.418,1.18031787872314
683,33.467,1.11199009418488
684,33.516,1.14820206165314
685,33.565,1.20898258686066
686,33.614,1.28862524032593
687,33.663,1.25893020629883
688,33.712,1.28850555419922
689,33.761,1.43682217597961
690,33.81,1.2737797498703
691,33.859,1.24904096126556
692,33.908,1.32237958908081
693,33.957,1.26826989650726
694,34.006,1.30354607105255
695,34.055,1.25456988811493
696,34.104,1.34786224365234
697,34.153,1.34091699123383
698,34.202,1.23711585998535
699,34.251,1.23542428016663
700,34.3,1.09733664989471
701,34.349,1.20791876316071
702,34.398,1.24937641620636
703,34.447,1.31624114513397
704,34.496,1.09962856769562
705,34.545,1.35738611221313
706,34.594,1.25818264484406
707,34.643,1.2478643655777
708,34.692,1.18814074993134
709,34.741,1.2095787525177
710,34.79,1.14517855644226
711,34.839,1.15153813362122
712,34.888,1.18828058242798
713,34.937,1.23034918308258
714,34.986,1.2151186466217
715,35.035,1.25234031677246
716,35.084,1.18832123279572
717,35.133,1.18037438392639
718,35.182,1.24723291397095
719,35.231,1.13735032081604
720,35.28,1.14363873004913
721,35.329,1.06866550445557
722,35.378,1.06892895698547
723,35.427,1.1625360250473
724,35.476,1.24608874320984
725,35.525,1.28060281276703
726,35.574,1.13935208320618
727,35.623,1.18555021286011
728,35.672,1.16007781028748
729,35.721,1.17451393604279
730,35.77,1.26728129386902
731,35.819,1.28379762172699
732,35.868,1.29716563224792
733,35.917,1.26298475265503
734,35.966,1.28124380111694
735,36.015,1.17801141738892
736,36.064,1.16678547859192
737,36.113,1.14386689662933
738,36.162,1.18160045146942
739,36.211,1.12977290153503
740,36.26,1.25999248027802
741,36.309,1.32010388374329
742,36.358,1.21139121055603
743,36.407,1.29796135425568
744,36.456,1.25253248214722
745,36.505,1.35834240913391
746,36.554,1.20795559883118
747,36.603,1.26359021663666
748,36.652,1.29062819480896
749,36.701,1.23673045635223
750,36.75,1.265833735466
751,36.799,1.23064947128296
752,36.848,1.27540409564972
753,36.897,1.3083211183548
754,36.946,1.32541716098785
755,36.995,1.17518651485443
756,37.044,1.28665792942047
757,37.093,1.3510730266571
758,37.142,1.28846347332001
759,37.191,1.29807865619659
760,37.24,1.22709882259369
761,37.289,1.24284911155701
762,37.338,1.30888712406158
763,37.387,1.31830167770386
764,37.436,1.26201701164246
765,37.485,1.30905830860138
766,37.534,1.24983763694763
767,37.583,1.27574932575226
768,37.632,1.32130336761475
769,37.681,1.30879747867584
770,37.73,1.38973152637482
771,37.779,1.28370237350464
772,37.828,1.35722517967224
773,37.877,1.3196108341217
774,37.926,1.30991625785828
775,37.975,1.33426606655121
776,38.024,1.36449265480042
777,38.073,1.35671889781952
778,38.122,1.31747210025787
779,38.171,1.30416810512543
780,38.22,1.28161406517029
781,38.269,1.32905030250549
782,38.318,1.2705979347229
783,38.367,1.2079815864563
784,38.416,1.24444556236267
785,38.465,1.22223424911499
786,38.514,1.26265239715576
787,38.563,1.33445870876312
788,38.612,1.42991948127747
789,38.661,1.38445031642914
790,38.71,1.40423452854156
791,38.759,1.43530774116516
792,38.808,1.56920790672302
793,38.857,1.40022277832031
794,38.906,1.42157924175262
795,38.955,1.32029449939728
796,39.004,1.39406883716583
797,39.053,1.20596039295197
798,39.102,1.41585266590118
799,39.151,1.39262163639069
800,39.2,1.44266414642334
801,39.249,1.3834673166275
802,39.298,1.49695932865143
803,39.347,1.35321199893951
804,39.396,1.09686410427094
805,39.445,1.33934593200684
806,39.494,1.21330797672272
807,39.543,1.23976731300354
808,39.592,1.1774640083313
809,39.641,1.15426504611969
810,39.69,1.10546207427979
811,39.739,1.07516467571259
812,39.788,1.17633807659149
813,39.837,1.14044332504272
814,39.886,1.07142245769501
815,39.935,1.13193082809448
816,39.984,1.17185270786285
817,40.033,1.32198894023895
818,40.082,1.40427649021149
819,40.131,1.35558068752289
820,40.18,1.46307456493378
821,40.229,1.36825704574585
822,40.278,1.38730990886688
823,40.327,1.45219624042511
824,40.376,1.22431755065918
825,40.425,1.20625269412994
826,40.474,1.21498000621796
827,40.523,1.29018843173981
828,40.572,1.15470278263092
829,40.621,1.24626362323761
830,40.67,1.25978922843933
831,40.719,1.40468060970306
832,40.768,1.35251200199127
833,40.817,1.30083012580872
834,40.866,1.32649898529053
835,40.915,1.41200244426727
836,40.964,1.4045318365097
837,41.013,1.37187683582306
838,41.062,1.28628742694855
839,41.111,1.33070230484009
840,41.16,1.50157380104065
841,41.209,1.29106605052948
842,41.258,1.24958109855652
843,41.307,1.17167639732361
844,41.356,1.20913362503052
845,41.405,1.21908926963806
846,41.454,1.22401642799377
847,41.503,1.2761447429657
848,41.552,1.2127697467804
849,41.601,1.16802549362183
850,41.65,1.1985319852829
851,41.699,1.126624584198
852,41.748,1.18762111663818
853,41.797,1.11106729507446
854,41.846,1.11962485313416
855,41.895,1.16287899017334
856,41.944,1.23207294940948
857,41.993,1.14044260978699
858,42.042,1.16457843780518
859,42.091,1.21643388271332
860,42.14,1.15743911266327
861,42.189,1.22270286083221
862,42.238,1.17817008495331
863,42.287,1.05913186073303
864,42.336,1.08911800384521
865,42.385,1.13630831241608
866,42.434,1.19749069213867
867,42.483,1.19625902175903
868,42.532,1.25717163085938
869,42.581,1.20864117145538
870,42.63,1.1695808172226
871,42.679,1.19979846477509
872,42.728,1.14084446430206
873,42.777,1.15393626689911
874,42.826,1.07146561145782
875,42.875,1.1077789068222
876,42.924,1.1679208278656
877,42.973,1.19055664539337
878,43.022,1.07880473136902
879,43.071,1.03448534011841
880,43.12,1.04478204250336
881,43.169,1.28032386302948
882,43.218,1.19598293304443
883,43.267,1.17831015586853
884,43.316,1.1503986120224
885,43.365,1.02029466629028
886,43.414,1.00044310092926
887,43.463,0.953646540641785
888,43.512,0.96007114648819
889,43.561,0.985244631767273
890,43.61,1.04745483398438
891,43.659,1.02887392044067
892,43.708,1.29432797431946
893,43.757,1.2399640083313
894,43.806,1.15443003177643
895,43.855,1.07133615016937
896,43.904,1.09290993213654
897,43.953,1.2095353603363
898,44.002,1.13355207443237
899,44.051,1.07082557678223
900,44.1,1.02722692489624
901,44.149,1.0880560874939
902,44.198,1.20157992839813
903,44.247,1.10597515106201
904,44.296,1.2156046628952
905,44.345,1.47297811508179
906,44.394,1.36171078681946
907,44.443,1.38135623931885
908,44.492,1.44236433506012
909,44.541,1.44408619403839
910,44.59,1.44064819812775
911,44.639,1.48832404613495
912,44.688,1.47150182723999
913,44.737,1.33092641830444
914,44.786,1.38978910446167
915,44.835,1.41951596736908
916,44.884,1.45738768577576
917,44.933,1.50207352638245
918,44.982,1.41124927997589
919,45.031,1.37837600708008
920,45.08,1.49525713920593
921,45.129,1.46916389465332
922,45.178,1.5719245672226
923,45.227,1.44088065624237
924,45.276,1.41242825984955
925,45.325,1.30080783367157
926,45.374,1.17214751243591
927,45.423,1.17783617973328
928,45.472,1.30815899372101
929,45.521,1.12959778308868
930,45.57,1.19826447963715
931,45.619,1.23896670341492
932,45.668,1.25987875461578
933,45.717,1.20185017585754
934,45.766,1.0968005657196
935,45.815,1.14273881912231
936,45.864,1.13433766365051
937,45.913,1.02443063259125
938,45.962,1.10132956504822
939,46.011,1.13142716884613
940,46.06,1.07689666748047
941,46.109,0.985177516937256
942,46.158,1.16758847236633
943,46.207,1.1280277967453
944,46.256,1.04562067985535
945,46.305,1.12683963775635
946,46.354,1.08322763442993
947,46.403,1.25270891189575
948,46.452,1.16161549091339
949,46.501,1.08624255657196
950,46.55,1.24459147453308
951,46.599,1.17968904972076
952,46.648,1.23168277740479
953,46.697,1.0098625421524
954,46.746,1.12131381034851
955,46.795,1.20524430274963
956,46.844,1.27695941925049
957,46.893,1.30940783023834
958,46.942,1.30299437046051
959,46.991,1.25399649143219
960,47.04,1.251828789711
961,47.089,1.26938819885254
962,47.138,1.3909022808075
963,47.187,1.38422584533691
964,47.236,1.31879138946533
965,47.285,1.35948383808136
966,47.334,1.27590918540955
967,47.383,1.34127819538116
968,47.432,1.38679814338684
969,47.481,1.36882328987122
970,47.53,1.29662990570068
971,47.579,1.3598735332489
972,47.628,1.43970704078674
973,47.677,1.37950325012207
974,47.726,1.21331393718719
975,47.775,1.15968883037567
976,47.824,1.21826136112213
977,47.873,1.1372584104538
978,47.922,1.1471254825592
979,47.971,1.27292847633362
980,48.02,1.35418951511383
981,48.069,1.34282350540161
982,48.118,1.22911894321442
983,48.167,1.19735479354858
984,48.216,1.24674808979034
985,48.265,1.24720740318298
986,48.314,1.24531018733978
987,48.363,1.20517158508301
988,48.412,1.3093364238739
989,48.461,1.23786318302155
990,48.51,1.29270017147064
991,48.559,1.18492221832275
992,48.608,1.26697158813477
993,48.657,1.32149171829224
994,48.706,1.37116849422455
995,48.755,1.17348968982697
996,48.804,1.17252385616302
997,48.853,1.07940399646759
998,48.902,1.08029615879059
999,48.951,1.03124821186066
1000,49,1.21796250343323
1001,49.049,1.25402283668518
1002,49.098,1.37653613090515
1003,49.147,1.3305549621582
1004,49.196,1.40913116931915
1005,49.245,1.32503271102905
1006,49.294,1.38631892204285
1007,49.343,1.33074688911438
1008,49.392,1.28979730606079
1009,49.441,1.24198663234711
1010,49.49,1.39362895488739
1011,49.539,1.38406550884247
1012,49.588,1.28993022441864
1013,49.637,1.33593487739563
1014,49.686,1.29220700263977
1015,49.735,1.24833691120148
1016,49.784,1.40016996860504
1017,49.833,1.50079011917114
1018,49.882,1.33978641033173
1019,49.931,1.50045049190521
1020,49.98,1.30609893798828
1021,50.029,1.33711159229279
1022,50.078,1.24455726146698
1023,50.127,1.1849457025528
1024,50.176,1.30292451381683
1025,50.225,1.20422339439392
1026,50.274,1.174360871315
1027,50.323,1.36274588108063
1028,50.372,1.29655277729034
1029,50.421,1.27771615982056
1030,50.47,1.33188116550446
1031,50.519,1.17569947242737
1032,50.568,1.29586660861969
1033,50.617,1.23552775382996
1034,50.666,1.12057983875275
1035,50.715,1.23171555995941
1036,50.764,1.13439667224884
1037,50.813,1.16617405414581
1038,50.862,1.04040598869324
1039,50.911,1.11532926559448
1040,50.96,1.16323590278625
1041,51.009,1.14606058597565
1042,51.058,1.20551562309265
1043,51.107,1.2452689409256
1044,51.156,1.25378394126892
1045,51.205,1.30782496929169
1046,51.254,1.16957998275757
1047,51.303,1.27060651779175
1048,51.352,1.22178971767426
1049,51.401,1.19163239002228
1050,51.45,1.22070372104645
1051,51.499,1.14127707481384
1052,51.548,1.17686975002289
1053,51.597,1.0954133272171
1054,51.646,1.23244071006775
1055,51.695,1.15832197666168
1056,51.744,1.14017057418823
1057,51.793,1.15449607372284
1058,51.842,1.13548266887665
1059,51.891,1.22904634475708
1060,51.94,1.17169594764709
1061,51.989,1.23790276050568
1062,52.038,1.1862086057663
1063,52.087,1.27359962463379
1064,52.136,1.22951245307922
1065,52.185,1.30629217624664
1066,52.234,1.31241834163666
1067,52.283,1.14581954479218
1068,52.332,1.09500586986542
1069,52.381,1.06087589263916
1070,52.43,1.04390573501587
1071,52.479,1.23857080936432
1072,52.528,1.3007892370224
1073,52.577,1.30327427387238
1074,52.626,1.24454820156097
1075,52.675,1.20991361141205
1076,52.724,1.1339670419693
1077,52.773,1.12798237800598
1078,52.822,1.16524600982666
1079,52.871,1.21053040027618
1080,52.92,1.08738231658936
1081,52.969,1.17063128948212
1082,53.018,1.10355806350708
1083,53.067,1.10016322135925
1084,53.116,1.11073982715607
1085,53.165,1.04816436767578
1086,53.214,1.10733127593994
1087,53.263,0.958662927150726
1088,53.312,0.93132495880127
1089,53.361,0.947709381580353
1090,53.41,0.843354403972626
1091,53.459,0.928229510784149
1092,53.508,0.948473393917084
1093,53.557,0.886741816997528
1094,53.606,0.963177919387817
1095,53.655,0.977071106433868
1096,53.704,0.850654900074005
1097,53.753,1.0048451423645
1098,53.802,1.10864520072937
1099,53.851,1.0947961807251
1100,53.9,1.07197165489197
1101,53.949,1.04968059062958
1102,53.998,1.02400290966034
1103,54.047,1.003666639328
1104,54.096,0.990565001964569
1105,54.145,0.933236837387085
1106,54.194,0.892172574996948
1107,54.243,0.914533317089081
1108,54.292,0.94792765378952
1109,54.341,0.892272591590881
1110,54.39,0.953173637390137
1111,54.439,0.971759855747223
1112,54.488,1.0327376127243
1113,54.537,0.881468176841736
1114,54.586,0.994211971759796
1115,54.635,0.893823981285095
1116,54.684,1.01793837547302
1117,54.733,0.981563448905945
1118,54.782,0.822667121887207
1119,54.831,0.899695634841919
1120,54.88,0.969636797904968
1121,54.929,0.942442715167999
1122,54.978,0.984403848648071
1123,55.027,1.18107998371124
1124,55.076,1.10907351970673
1125,55.125,1.02673137187958
1126,55.174,0.849732518196106
1127,55.223,0.879036724567413
1128,55.272,1.07315289974213
1129,55.321,1.08383691310883
1130,55.37,1.00182700157166
1131,55.419,1.03347706794739
1132,55.468,1.06008672714233
1133,55.517,1.0205272436142
1134,55.566,1.20689833164215
1135,55.615,1.14126265048981
1136,55.664,1.11598145961761
1137,55.713,1.17763793468475
1138,55.762,1.16817021369934
1139,55.811,1.12340688705444
1140,55.86,1.13083899021149
1141,55.909,1.12281012535095
1142,55.958,1.10299801826477
1143,56.007,1.19112229347229
1144,56.056,1.14870309829712
1145,56.105,1.09444856643677
1146,56.154,1.11912131309509
1147,56.203,1.17554259300232
1148,56.252,1.20815110206604
1149,56.301,1.15377700328827
1150,56.35,0.973344027996063
1151,56.399,1.02143347263336
1152,56.448,0.906163513660431
1153,56.497,1.04653799533844
1154,56.546,1.10128390789032
1155,56.595,1.14976096153259
1156,56.644,1.05453944206238
1157,56.693,1.18687665462494
1158,56.742,1.01995098590851
1159,56.791,0.997800052165985
1160,56.84,1.00332868099213
1161,56.889,1.12230885028839
1162,56.938,0.907672166824341
1163,56.987,1.13605570793152
1164,57.036,1.16493558883667
1165,57.085,1.20629370212555
1166,57.134,1.11219227313995
1167,57.183,1.09749341011047
1168,57.232,1.01130044460297
1169,57.281,0.981745600700378
1170,57.33,0.99352365732193
1171,57.379,1.10230362415314
1172,57.428,1.008873462677
1173,57.477,0.973048746585846
1174,57.526,0.997511923313141
1175,57.575,0.944992303848267
1176,57.624,0.945752382278442
1177,57.673,0.968977570533752
1178,57.722,0.890158534049988
1179,57.771,0.945972263813019
1180,57.82,0.957071006298065
1181,57.869,1.07622790336609
1182,57.918,1.02861618995667
1183,57.967,0.978783428668976
1184,58.016,1.04765462875366
1185,58.065,1.0978696346283
1186,58.114,1.04508793354034
1187,58.163,1.04530048370361
1188,58.212,0.998129665851593
1189,58.261,1.00506818294525
1190,58.31,1.11466956138611
1191,58.359,1.2444669008255
1192,58.408,0.893224358558655
1193,58.457,1.03313386440277
1194,58.506,1.05908167362213
1195,58.555,1.0342470407486
1196,58.604,0.989379584789276
1197,58.653,0.948687016963959
1198,58.702,1.02333927154541
1199,58.751,0.965011358261108
1200,58.8,1.08971858024597
1201,58.849,1.07877099514008
1202,58.898,1.02834844589233
1203,58.947,1.11364793777466
1204,58.996,1.12373471260071
1205,59.045,1.11995768547058
1206,59.094,1.11047613620758
1207,59.143,1.01050615310669
1208,59.192,1.04887115955353
1209,59.241,1.09226787090302
1210,59.29,1.07416522502899
1211,59.339,1.15599012374878
1212,59.388,1.10832893848419
1213,59.437,1.1015213727951
1214,59.486,1.10456120967865
1215,59.535,1.28045535087585
1216,59.584,1.17745912075043
1217,59.633,1.19321179389954
1218,59.682,1.11889517307281
1219,59.731,1.23119020462036
1220,59.78,1.00422525405884
1221,59.829,1.13790059089661
1222,59.878,1.11988377571106
1223,59.927,1.04267966747284
1224,59.976,0.935966610908508
1225,60.025,1.01154983043671
1226,60.074,0.897477149963379
1227,60.123,1.13767552375793
1228,60.172,1.14490604400635
1229,60.221,1.08423483371735
1230,60.27,1.22533369064331
1231,60.319,1.17777299880981
1232,60.368,1.0124546289444
1233,60.417,0.990005731582642
1234,60.466,0.969568192958832
1235,60.515,0.914125084877014
1236,60.564,1.03224897384644
1237,60.613,1.04459989070892
1238,60.662,1.11489140987396
1239,60.711,0.990006983280182
1240,60.76,0.94108259677887
1241,60.809,0.917641699314117
1242,60.858,0.82444703578949
1243,60.907,0.927557826042175
1244,60.956,0.769252836704254
1245,61.005,0.871047258377075
1246,61.054,0.919449150562286
1247,61.103,0.975977540016174
1248,61.152,0.930535078048706
1249,61.201,1.01643347740173
1250,61.25,1.05106580257416
1251,61.299,0.899737358093262
1252,61.348,1.00835776329041
1253,61.397,1.10599040985107
1254,61.446,1.11462295055389
1255,61.495,1.03077411651611
1256,61.544,0.971967995166779
1257,61.593,1.03490579128265
1258,61.642,1.12256395816803
1259,61.691,1.02685582637787
1260,61.74,1.05840075016022
1261,61.789,1.07330727577209
1262,61.838,1.07065773010254
1263,61.887,1.16046619415283
1264,61.936,1.17615067958832
1265,61.985,1.09432029724121
1266,62.034,1.08311414718628
1267,62.083,1.08982026576996
1268,62.132,1.09666514396667
1269,62.181,0.963873744010925
1270,62.23,1.00810766220093
1271,62.279,1.02550208568573
1272,62.328,1.08272111415863
1273,62.377,1.03350925445557
1274,62.426,0.935673415660858
1275,62.475,1.1865998506546
1276,62.524,1.14427495002747
1277,62.573,0.999083757400513
1278,62.622,0.910653054714203
1279,62.671,1.05250644683838
1280,62.72,0.988555788993835
1281,62.769,0.926374673843384
1282,62.818,0.843298077583313
1283,62.867,0.964058637619019
1284,62.916,1.13126051425934
1285,62.965,1.08856618404388
1286,63.014,1.03092932701111
1287,63.063,0.964325249195099
1288,63.112,1.03533506393433
1289,63.161,1.09303951263428
1290,63.21,1.16494476795197
1291,63.259,1.09084904193878
1292,63.308,1.07501244544983
1293,63.357,1.08547484874725
1294,63.406,1.10375118255615
1295,63.455,0.983940660953522
1296,63.504,1.08634793758392
1297,63.553,0.983391582965851
1298,63.602,1.03180181980133
1299,63.651,1.17412221431732
1300,63.7,1.1511207818985
1301,63.749,1.21536564826965
1302,63.798,1.08137333393097
1303,63.847,1.22065258026123
1304,63.896,1.36709189414978
1305,63.945,1.18051159381866
1306,63.994,1.13067638874054
1307,64.043,1.13035094738007
1308,64.092,1.23116648197174
1309,64.141,1.22182404994965
1310,64.19,1.10254180431366
1311,64.239,1.08154535293579
1312,64.288,1.09606218338013
1313,64.337,1.06466865539551
1314,64.386,0.932599663734436
1315,64.435,0.962306380271912
1316,64.484,0.973213136196136
1317,64.533,0.91833770275116
1318,64.582,0.927869260311127
1319,64.631,0.864957690238953
1320,64.68,0.800173580646515
1321,64.729,0.88890665769577
1322,64.778,0.97017103433609
1323,64.827,0.903743982315063
1324,64.876,0.836933195590973
1325,64.925,0.839876651763916
1326,64.974,0.889789819717407
1327,65.023,0.888943433761597
1328,65.072,0.925909519195557
1329,65.121,1.02971231937408
1330,65.17,0.822848856449127
1331,65.219,0.885833919048309
1332,65.268,0.901494145393372
1333,65.317,0.915405988693237
1334,65.366,0.929347813129425
1335,65.415,1.00402009487152
1336,65.464,0.999363243579865
1337,65.513,0.937816739082336
1338,65.562,0.986589074134827
1339,65.611,0.91531503200531
1340,65.66,0.956030488014221
1341,65.709,0.949650287628174
1342,65.758,0.918950736522675
1343,65.807,1.05522656440735
1344,65.856,1.14462649822235
1345,65.905,1.13229238986969
1346,65.954,1.14817309379578
1347,66.003,1.16108727455139
1348,66.052,1.093914270401
1349,66.101,1.23722636699677
1350,66.15,1.11246836185455
1351,66.199,0.946178734302521
1352,66.248,0.998118996620178
1353,66.297,0.889889597892761
1354,66.346,0.806164979934692
1355,66.395,0.774313271045685
1356,66.444,0.909500181674957
1357,66.493,0.970547139644623
1358,66.542,1.09814941883087
1359,66.591,0.917474448680878
1360,66.64,0.98333740234375
1361,66.689,1.05259132385254
1362,66.738,0.972565770149231
1363,66.787,1.049196600914
1364,66.836,0.960519969463348
1365,66.885,1.06979012489319
1366,66.934,0.89269232749939
1367,66.983,0.972933232784271
1368,67.032,0.7754927277565
1369,67.081,0.786542654037476
1370,67.13,0.801501393318176
1371,67.179,0.780444085597992
1372,67.228,0.858405470848083
1373,67.277,0.922840118408203
1374,67.326,1.03758132457733
1375,67.375,0.837387979030609
1376,67.424,0.894154727458954
1377,67.473,0.913773357868195
1378,67.522,0.883855044841766
1379,67.571,0.964728772640228
1380,67.62,0.78587281703949
1381,67.669,0.813779830932617
1382,67.718,0.909872591495514
1383,67.767,0.876614928245544
1384,67.816,1.05817723274231
1385,67.865,0.918661952018738
1386,67.914,1.00757360458374
1387,67.963,0.88260817527771
1388,68.012,0.922455430030823
1389,68.061,0.933507800102234
1390,68.11,0.748173773288727
1391,68.159,0.987597584724426
1392,68.208,1.09620082378387
1393,68.257,1.08026695251465
1394,68.306,1.16464567184448
1395,68.355,1.13891494274139
1396,68.404,1.16911005973816
1397,68.453,1.03205931186676
1398,68.502,0.95494669675827
1399,68.551,1.07837331295013
1400,68.6,1.07593595981598
1401,68.649,1.17857909202576
1402,68.698,1.04812169075012
1403,68.747,1.17460227012634
1404,68.796,1.07849490642548
1405,68.845,1.01927292346954
1406,68.894,1.02737212181091
1407,68.943,1.18513441085815
1408,68.992,1.26074361801147
1409,69.041,1.09580719470978
1410,69.09,1.04745197296143
1411,69.139,0.994285523891449
1412,69.188,1.06806790828705
1413,69.237,1.00868403911591
1414,69.286,1.01099896430969
1415,69.335,0.923831760883331
1416,69.384,1.12221622467041
1417,69.433,0.902818381786346
1418,69.482,0.906136035919189
1419,69.531,0.954540431499481
1420,69.58,1.07986259460449
1421,69.629,0.998043060302734
1422,69.678,0.942396879196167
1423,69.727,0.897528648376465
1424,69.776,0.984725534915924
1425,69.825,1.01714968681335
1426,69.874,0.878136456012726
1427,69.923,0.91881388425827
1428,69.972,0.902660548686981
1429,70.021,0.973826944828033
1430,70.07,0.976935267448425
1431,70.119,0.967760145664215
1432,70.168,0.880487382411957
1433,70.217,0.827737152576447
1434,70.266,0.930663526058197
1435,70.315,0.947067320346832
1436,70.364,1.06423401832581
1437,70.413,1.06411826610565
1438,70.462,1.02171492576599
1439,70.511,1.04747796058655
1440,70.56,0.925241589546204
1441,70.609,0.992104053497314
1442,70.658,0.965226531028748
1443,70.707,0.973551452159882
1444,70.756,1.02788758277893
1445,70.805,1.01820063591003
1446,70.854,0.941969871520996
1447,70.903,0.999882578849792
1448,70.952,0.937116026878357
1449,71.001,0.958744883537292
1450,71.05,0.997997224330902
1451,71.099,0.956684172153473
1452,71.148,0.884278059005737
1453,71.197,0.838521063327789
1454,71.246,1.07282960414886
1455,71.295,0.973882079124451
1456,71.344,0.973446488380432
1457,71.393,0.897910237312317
1458,71.442,0.857684016227722
1459,71.491,0.880348682403564
1460,71.54,0.812542378902435
1461,71.589,0.89394599199295
1462,71.638,0.884153366088867
1463,71.687,0.943824350833893
1464,71.736,0.899051547050476
1465,71.785,1.03486549854279
1466,71.834,1.04239594936371
1467,71.883,1.17862010002136
1468,71.932,1.16738414764404
1469,71.981,1.03896069526672
1470,72.03,0.976805984973907
1471,72.079,0.95975136756897
1472,72.128,0.978188753128052
1473,72.177,1.02959048748016
1474,72.226,1.09281039237976
1475,72.275,1.05050206184387
1476,72.324,0.968917608261108
1477,72.373,1.01174700260162
1478,72.422,1.09497129917145
1479,72.471,0.972676813602448
1480,72.52,0.880982160568237
1481,72.569,1.01090037822723
1482,72.618,0.915761172771454
1483,72.667,0.923843622207642
1484,72.716,1.02609741687775
1485,72.765,0.952288568019867
1486,72.814,0.865986049175262
1487,72.863,0.927264869213104
1488,72.912,0.939854502677917
1489,72.961,0.82890921831131
1490,73.01,0.928853571414948
1491,73.059,0.936241805553436
1492,73.108,0.889447748661041
1493,73.157,0.878792405128479
1494,73.206,0.830282807350159
1495,73.255,0.89445686340332
1496,73.304,0.900736331939697
1497,73.353,1.06283783912659
1498,73.402,1.15160441398621
1499,73.451,1.02605438232422
1500,73.5,1.00159537792206
1501,73.549,0.986810803413391
1502,73.598,1.05360662937164
1503,73.647,1.06416511535645
1504,73.696,1.05634343624115
1505,73.745,1.21778607368469
1506,73.794,1.12328147888184
1507,73.843,0.938803195953369
1508,73.892,1.07802617549896
1509,73.941,1.03178143501282
1510,73.99,0.991326034069061
1511,74.039,1.0115612745285
1512,74.088,0.858300268650055
1513,74.137,0.998353779315948
1514,74.186,0.886826574802399
1515,74.235,0.827722787857056
1516,74.284,0.868517875671387
1517,74.333,0.820392549037933
1518,74.382,0.841208398342133
1519,74.431,0.907176554203033
1520,74.48,0.817586839199066
1521,74.529,0.836152851581573
1522,74.578,0.89787745475769
1523,74.627,1.07818448543549
1524,74.676,0.930044412612915
1525,74.725,0.99446964263916
1526,74.774,0.965835630893707
1527,74.823,0.828723967075348
1528,74.872,0.811824023723602
1529,74.921,0.800542116165161
1530,74.97,0.852756977081299
1531,75.019,0.826932847499847
1532,75.068,0.916920721530914
1533,75.117,0.860737264156342
1534,75.166,0.942088842391968
1535,75.215,0.931167960166931
1536,75.264,0.871568202972412
1537,75.313,0.958236634731293
1538,75.362,0.97387820482254
1539,75.411,1.03306353092194
1540,75.46,0.974560976028442
1541,75.509,0.929646074771881
1542,75.558,0.872877359390259
1543,75.607,0.890674352645874
1544,75.656,0.886146247386932
1545,75.705,1.03945696353912
1546,75.754,0.950724363327026
1547,75.803,1.05611801147461
1548,75.852,1.09368014335632
1549,75.901,1.08977735042572
1550,75.95,1.06536185741425
1551,75.999,1.12150228023529
1552,76.048,1.03740322589874
1553,76.097,1.09099078178406
1554,76.146,1.16378355026245
1555,76.195,1.07167100906372
1556,76.244,1.08585357666016
1557,76.293,1.15129435062408
1558,76.342,1.1213743686676
1559,76.391,1.01118910312653
1560,76.44,1.03365814685822
1561,76.489,0.956103920936584
1562,76.538,0.9787437915802
1563,76.587,1.04448688030243
1564,76.636,0.834398031234741
1565,76.685,0.929232776165009
1566,76.734,1.01184153556824
1567,76.783,1.07997488975525
1568,76.832,1.09523355960846
1569,76.881,0.920406401157379
1570,76.93,0.964599370956421
1571,76.979,0.954683840274811
1572,77.028,0.963801801204681
1573,77.077,1.01738941669464
1574,77.126,0.890323996543884
1575,77.175,0.959573686122894
1576,77.224,0.913036704063416
1577,77.273,1.02607548236847
1578,77.322,0.95599776506424
1579,77.371,0.990885138511658
1580,77.42,0.994113266468048
1581,77.469,0.912807703018188
1582,77.518,1.04693102836609
1583,77.567,0.908561587333679
1584,77.616,0.99625289440155
1585,77.665,0.873685300350189
1586,77.714,0.862647354602814
1587,77.763,0.762045741081238
1588,77.812,0.946146488189697
1589,77.861,0.915079951286316
1590,77.91,0.902657806873322
1591,77.959,0.842831492424011
1592,78.008,0.832389116287231
1593,78.057,0.976800739765167
1594,78.106,1.01284348964691
1595,78.155,0.984895288944244
1596,78.204,0.882224321365356
1597,78.253,1.04585003852844
1598,78.302,0.974691331386566
1599,78.351,0.954845130443573
1600,78.4,1.03648853302002
1601,78.449,0.925073742866516
1602,78.498,0.886865556240082
1603,78.547,0.948365867137909
1604,78.596,0.932812690734863
1605,78.645,0.857932150363922
1606,78.694,0.866153657436371
1607,78.743,0.961961269378662
1608,78.792,0.967268049716949
1609,78.841,0.977161228656769
1610,78.89,0.947404980659485
1611,78.939,1.02597630023956
1612,78.988,1.00296425819397
1613,79.037,0.941246151924133
1614,79.086,1.04233479499817
1615,79.135,1.08113777637482
1616,79.184,1.03664708137512
1617,79.233,1.05847346782684
1618,79.282,1.1097651720047
1619,79.331,1.04853177070618
1620,79.38,0.984203577041626
1621,79.429,0.932425141334534
1622,79.478,1.0071542263031
1623,79.527,1.07452535629272
1624,79.576,1.03160178661346
1625,79.625,1.08953857421875
1626,79.674,1.03067123889923
1627,79.723,1.24289107322693
1628,79.772,1.09850573539734
1629,79.821,1.06516623497009
1630,79.87,1.13520872592926
1631,79.919,1.05348610877991
1632,79.968,1.02398610115051
1633,80.017,1.14671492576599
1634,80.066,1.04028034210205
1635,80.115,1.05145251750946
1636,80.164,1.24640548229218
1637,80.213,1.1914963722229
1638,80.262,1.28146171569824
1639,80.311,1.15338170528412
1640,80.36,1.151034116745
1641,80.409,1.11380505561829
1642,80.458,1.18442571163177
1643,80.507,1.09682214260101
1644,80.556,1.02367663383484
1645,80.605,0.967418432235718
1646,80.654,0.947037756443024
1647,80.703,0.871748924255371
1648,80.752,0.963175773620605
1649,80.801,0.955125987529755
1650,80.85,1.080153465271
1651,80.899,1.04701268672943
1652,80.948,1.04109632968903
1653,80.997,0.941306710243225
1654,81.046,1.01208472251892
1655,81.095,1.10389244556427
1656,81.144,1.05582594871521
1657,81.193,0.970549345016479
1658,81.242,0.982209324836731
1659,81.291,0.979737877845764
1660,81.34,1.20970320701599
1661,81.389,1.11408317089081
1662,81.438,1.1609799861908
1663,81.487,1.11102640628815
1664,81.536,0.986352741718292
1665,81.585,0.992431998252869
1666,81.634,0.987909495830536
1667,81.683,1.07576668262482
1668,81.732,1.02289164066315
1669,81.781,1.05707144737244
1670,81.83,1.19986069202423
1671,81.879,1.10737574100494
1672,81.928,1.17169773578644
1673,81.977,1.04890811443329
1674,82.026,0.996075332164764
1675,82.075,0.975677847862244
1676,82.124,0.948537647724152
1677,82.173,1.09574449062347
1678,82.222,1.17989206314087
1679,82.271,1.04372644424438
1680,82.32,1.09110522270203
1681,82.369,1.01896166801453
1682,82.418,0.973426997661591
1683,82.467,1.11975824832916
1684,82.516,1.05957686901093
1685,82.565,1.10882878303528
1686,82.614,1.07195734977722
1687,82.663,1.00827145576477
1688,82.712,0.961931109428406
1689,82.761,1.04000568389893
1690,82.81,1.03162622451782
1691,82.859,1.03153538703918
1692,82.908,0.99190366268158
1693,82.957,0.956257045269012
1694,83.006,1.03359496593475
1695,83.055,1.06335556507111
1696,83.104,1.03215432167053
1697,83.153,1.03591191768646
1698,83.202,1.08533728122711
1699,83.251,1.03627145290375
1700,83.3,1.02756726741791
1701,83.349,0.977619051933289
1702,83.398,1.14243125915527
1703,83.447,1.08985865116119
1704,83.496,1.050985455513
1705,83.545,1.18643772602081
1706,83.594,0.984003007411957
1707,83.643,1.10025179386139
1708,83.692,1.06773364543915
1709,83.741,1.19504642486572
1710,83.79,0.973348736763
1711,83.839,0.972229897975922
1712,83.888,0.930772066116333
1713,83.937,0.855151653289795
1714,83.986,0.981284439563751
1715,84.035,0.955946028232574
1716,84.084,0.981423854827881
1717,84.133,1.06746184825897
1718,84.182,1.01028263568878
1719,84.231,1.00641453266144
1720,84.28,1.07593369483948
1721,84.329,1.11217141151428
1722,84.378,0.977494657039642
1723,84.427,1.01088953018188
1724,84.476,1.17890787124634
1725,84.525,1.00428903102875
1726,84.574,1.0450474023819
1727,84.623,1.0591379404068
1728,84.672,0.999557137489319
1729,84.721,1.04467260837555
1730,84.77,0.996153295040131
1731,84.819,1.14651083946228
1732,84.868,1.07977640628815
1733,84.917,1.21084582805634
1734,84.966,1.1430948972702
1735,85.015,1.20304179191589
1736,85.064,1.22429013252258
1737,85.113,1.09208118915558
1738,85.162,1.35062777996063
1739,85.211,1.3593248128891
1740,85.26,1.25474488735199
1741,85.309,1.20713210105896
1742,85.358,1.17029118537903
1743,85.407,1.14454102516174
1744,85.456,1.13325977325439
1745,85.505,1.23501455783844
1746,85.554,1.18274772167206
1747,85.603,1.19342994689941
1748,85.652,1.10502648353577
1749,85.701,1.14815211296082
1750,85.75,1.04571723937988
1751,85.799,0.949007153511047
1752,85.848,1.05247855186462
1753,85.897,1.02258837223053
1754,85.946,1.02122724056244
1755,85.995,1.00174248218536
1756,86.044,1.13592171669006
1757,86.093,0.947500228881836
1758,86.142,0.959381341934204
1759,86.191,1.11236500740051
1760,86.24,1.17575073242188
1761,86.289,1.0868421792984
1762,86.338,1.12609660625458
1763,86.387,0.997320830821991
1764,86.436,1.0185090303421
1765,86.485,1.10464560985565
1766,86.534,1.11332535743713
1767,86.583,1.09274446964264
1768,86.632,1.13319826126099
1769,86.681,1.0636979341507
1770,86.73,0.981875061988831
1771,86.779,1.04182469844818
1772,86.828,1.04027223587036
1773,86.877,1.02821063995361
1774,86.926,1.01003611087799
1775,86.975,0.938167452812195
1776,87.024,1.08668720722198
1777,87.073,1.05541360378265
1778,87.122,1.02207541465759
1779,87.171,0.971012771129608
1780,87.22,1.01395678520203
1781,87.269,0.910801827907562
1782,87.318,1.12722718715668
1783,87.367,1.0848845243454
1784,87.416,1.11436975002289
1785,87.465,0.975175738334656
1786,87.514,0.899743139743805
1787,87.563,1.03590428829193
1788,87.612,0.932842671871185
1789,87.661,0.904624998569489
1790,87.71,1.02429664134979
1791,87.759,0.869255423545837
1792,87.808,1.04487669467926
1793,87.857,0.933398187160492
1794,87.906,1.03367376327515
1795,87.955,0.992316007614136
1796,88.004,1.02229583263397
1797,88.053,1.08640587329865
1798,88.102,1.00537014007568
1799,88.151,0.945219695568085
1800,88.2,1.04268658161163
1801,88.249,1.06113529205322
1802,88.298,1.03926062583923
1803,88.347,0.869228661060333
1804,88.396,0.93066930770874
1805,88.445,0.912056148052216
1806,88.494,0.98136579990387
1807,88.543,1.07988154888153
1808,88.592,1.14767527580261
1809,88.641,1.11752092838287
1810,88.69,1.01886653900146
1811,88.739,1.01038181781769
1812,88.788,0.989214777946472
1813,88.837,1.12980723381042
1814,88.886,1.14850497245789
1815,88.935,1.09879612922668
1816,88.984,1.03152775764465
1817,89.033,0.821420967578888
1818,89.082,1.01691663265228
1819,89.131,0.976875126361847
1820,89.18,0.931077659130096
1821,89.229,0.97264963388443
1822,89.278,1.03298568725586
1823,89.327,1.08032703399658
1824,89.376,1.02966916561127
1825,89.425,1.06047630310059
1826,89.474,1.03304731845856
1827,89.523,0.886105477809906
1828,89.572,1.02043962478638
1829,89.621,0.943466305732727
1830,89.67,1.01310384273529
1831,89.719,0.87696099281311
1832,89.768,1.02899765968323
1833,89.817,0.966954529285431
1834,89.866,0.866250932216644
1835,89.915,0.955661356449127
1836,89.964,0.883150339126587
1837,90.013,0.892010390758514
1838,90.062,1.01362502574921
1839,90.111,0.843712151050568
1840,90.16,0.895845711231232
1841,90.209,0.986275374889374
1842,90.258,1.08251333236694
1843,90.307,1.03375422954559
1844,90.356,1.13301050662994
1845,90.405,0.851541101932526
1846,90.454,0.875567138195038
1847,90.503,0.808742642402649
1848,90.552,0.865921854972839
1849,90.601,0.847434222698212
1850,90.65,0.781172394752502
1851,90.699,0.852610886096954
1852,90.748,0.787746667861938
1853,90.797,0.842041373252869
1854,90.846,0.797006905078888
1855,90.895,0.807478427886963
1856,90.944,0.874561905860901
1857,90.993,0.897828221321106
1858,91.042,0.925642073154449
1859,91.091,0.84650844335556
1860,91.14,0.812586843967438
1861,91.189,0.891457498073578
1862,91.238,0.890994429588318
1863,91.287,0.924002230167389
1864,91.336,0.756510078907013
1865,91.385,0.873022377490997
1866,91.434,0.935463666915894
1867,91.483,0.896572411060333
1868,91.532,0.798248589038849
1869,91.581,1.00216698646545
1870,91.63,0.93368935585022
1871,91.679,1.02807319164276
1872,91.728,0.932407736778259
1873,91.777,0.855487763881683
1874,91.826,0.874615907669067
1875,91.875,0.903558194637299
1876,91.924,0.902764022350311
1877,91.973,0.979938447475433
1878,92.022,0.848928153514862
1879,92.071,1.05825626850128
1880,92.12,0.901683151721954
1881,92.169,1.01352822780609
1882,92.218,0.824040710926056
1883,92.267,0.889170169830322
1884,92.316,0.839398980140686
1885,92.365,0.898627102375031
1886,92.414,0.873771548271179
1887,92.463,0.907798707485199
1888,92.512,0.927143692970276
1889,92.561,0.874553859233856
1890,92.61,0.917010843753815
1891,92.659,1.0829826593399
1892,92.708,0.970790863037109
1893,92.757,0.891147553920746
1894,92.806,0.956477463245392
1895,92.855,0.930278420448303
1896,92.904,1.00293505191803
1897,92.953,0.944276094436646
1898,93.002,1.11517810821533
1899,93.051,1.0001825094223
1900,93.1,0.931432783603668
1901,93.149,0.950487196445465
1902,93.198,0.969459652900696
1903,93.247,0.94040846824646
1904,93.296,0.904864966869354
1905,93.345,0.947922050952911
1906,93.394,0.928377330303192
1907,93.443,0.902633011341095
1908,93.492,0.918126344680786
1909,93.541,0.940241098403931
1910,93.59,0.932508587837219
1911,93.639,0.95564204454422
1912,93.688,0.896166443824768
1913,93.737,0.990077614784241
1914,93.786,0.99559885263443
1915,93.835,0.853760838508606
1916,93.884,0.904596745967865
1917,93.933,0.86484706401825
1918,93.982,0.95210063457489
1919,94.031,0.960273683071136
1920,94.08,0.904205322265625
1921,94.129,0.884873449802399
1922,94.178,0.893154382705688
1923,94.227,1.01207602024078
1924,94.276,0.964604437351227
1925,94.325,0.891993582248688
1926,94.374,0.890165030956268
1927,94.423,0.907831907272339
1928,94.472,0.968457162380219
1929,94.521,1.04786515235901
1930,94.57,0.912917613983154
1931,94.619,0.859401226043701
1932,94.668,0.935678958892822
1933,94.717,0.911295711994171
1934,94.766,1.00305724143982
1935,94.815,0.983843982219696
1936,94.864,0.937935590744019
1937,94.913,0.919869184494019
1938,94.962,0.927681982517242
1939,95.011,1.06055307388306
1940,95.06,1.04760301113129
1941,95.109,0.970957338809967
1942,95.158,0.935403764247894
1943,95.207,0.872270882129669
1944,95.256,1.00579977035522
1945,95.305,0.871261298656464
1946,95.354,0.955058038234711
1947,95.403,0.970680713653564
1948,95.452,0.871025025844574
1949,95.501,0.970652043819427
1950,95.55,1.04323923587799
1951,95.599,1.06803703308105
1952,95.648,0.992459416389465
1953,95.697,0.987105369567871
1954,95.746,0.966902434825897
1955,95.795,1.04972279071808
1956,95.844,0.926024436950684
1957,95.893,1.00328207015991
1958,95.942,1.15458607673645
1959,95.991,1.07444894313812
1960,96.04,0.976639568805695
1961,96.089,0.970587253570557
1962,96.138,0.982876718044281
1963,96.187,1.10748827457428
1964,96.236,1.18298077583313
1965,96.285,1.16354095935822
1966,96.334,1.16989290714264
1967,96.383,1.09838366508484
1968,96.432,1.03880655765533
1969,96.481,1.21108627319336
1970,96.53,1.24511659145355
1971,96.579,1.17785120010376
1972,96.628,1.16654670238495
1973,96.677,1.07384812831879
1974,96.726,1.09868466854095
1975,96.775,1.10959768295288
1976,96.824,1.09528756141663
1977,96.873,1.0625696182251
1978,96.922,0.943703413009644
1979,96.971,0.984760820865631
1980,97.02,0.973494529724121
1981,97.069,1.13307023048401
1982,97.118,0.997874915599823
1983,97.167,1.06709444522858
1984,97.216,0.943693339824677
1985,97.265,0.925303876399994
1986,97.314,1.03712105751038
1987,97.363,0.946201205253601
1988,97.412,0.871502637863159
1989,97.461,0.940243422985077
1990,97.51,0.896756768226624
1991,97.559,0.976468086242676
1992,97.608,0.956984400749207
1993,97.657,0.940026581287384
1994,97.706,0.959488749504089
1995,97.755,0.928684890270233
1996,97.804,1.05018103122711
1997,97.853,0.969264984130859
1998,97.902,0.892480850219727
1999,97.951,0.93358588218689
2000,98,0.946333408355713
2001,98.049,0.873728036880493
2002,98.098,0.886096179485321
2003,98.147,0.875212788581848
2004,98.196,0.965401649475098
2005,98.245,0.903049767017365
2006,98.294,0.955161273479462
2007,98.343,1.00232899188995
2008,98.392,0.981217861175537
2009,98.441,0.963042378425598
2010,98.49,0.9830242395401
2011,98.539,0.823618292808533
2012,98.588,0.936424076557159
2013,98.637,1.06247520446777
2014,98.686,1.06463861465454
2015,98.735,1.04960954189301
2016,98.784,1.04080247879028
2017,98.833,1.00808656215668
2018,98.882,0.939584016799927
2019,98.931,0.996231198310852
2020,98.98,0.994041740894318
2021,99.029,1.05117726325989
2022,99.078,1.06684386730194
2023,99.127,1.10507309436798
2024,99.176,1.01643097400665
2025,99.225,0.959843337535858
2026,99.274,0.932651042938232
2027,99.323,1.16926074028015
2028,99.372,1.09438693523407
2029,99.421,0.999648451805115
2030,99.47,1.02760779857635
2031,99.519,1.2309752702713
2032,99.568,1.1673070192337
2033,99.617,1.09659600257874
2034,99.666,1.18165004253387
2035,99.715,1.41413962841034
2036,99.764,1.24302637577057
2037,99.813,1.10614037513733
2038,99.862,0.977001190185547
2039,99.911,0.960906565189362
2040,99.96,0.885769486427307
2041,100.009,0.908745884895325
2042,100.058,1.07816135883331
2043,100.107,1.05688750743866
2044,100.156,0.983599662780762
2045,100.205,0.957782030105591
2046,100.254,0.972585678100586
2047,100.303,1.01023280620575
2048,100.352,1.09266757965088
2049,100.401,1.17590820789337
2050,100.45,1.03924345970154
2051,100.499,1.01752805709839
2052,100.548,0.904622912406921
2053,100.597,0.848193287849426
2054,100.646,0.858577311038971
2055,100.695,0.805633664131165
2056,100.744,0.870869815349579
2057,100.793,0.884601652622223
2058,100.842,0.974574863910675
2059,100.891,0.971183776855469
2060,100.94,0.955110728740692
2061,100.989,0.998613297939301
2062,101.038,0.99711400270462
2063,101.087,1.07768702507019
2064,101.136,0.896190404891968
2065,101.185,0.999779880046844
2066,101.234,0.985167622566223
2067,101.283,0.970891952514648
2068,101.332,0.896566331386566
2069,101.381,0.908241868019104
2070,101.43,0.824848651885986
2071,101.479,1.12833118438721
2072,101.528,1.10663497447968
2073,101.577,0.950880825519562
2074,101.626,1.0625786781311
2075,101.675,1.11496937274933
2076,101.724,1.21149659156799
2077,101.773,1.07119703292847
2078,101.822,1.15020716190338
2079,101.871,1.08703184127808
2080,101.92,1.30245387554169
2081,101.969,1.11364507675171
2082,102.018,1.04380571842194
2083,102.067,1.21396148204803
2084,102.116,1.0099858045578
2085,102.165,0.90467381477356
2086,102.214,0.991231918334961
2087,102.263,0.954837679862976
2088,102.312,1.05549693107605
2089,102.361,1.11223065853119
2090,102.41,1.13875293731689
2091,102.459,1.07926464080811
2092,102.508,1.1433447599411
2093,102.557,1.01340615749359
2094,102.606,1.08223271369934
2095,102.655,1.11633229255676
2096,102.704,1.11396634578705
2097,102.753,1.2634608745575
2098,102.802,1.08156096935272
2099,102.851,1.13659763336182
2100,102.9,1.22673714160919
2101,102.949,1.09689855575562
2102,102.998,1.16759788990021
2103,103.047,1.05566954612732
2104,103.096,1.15129506587982
2105,103.145,1.22275710105896
2106,103.194,1.09565615653992
2107,103.243,1.02649366855621
2108,103.292,0.852448701858521
2109,103.341,0.935636043548584
2110,103.39,0.863010823726654
2111,103.439,1.0084547996521
2112,103.488,0.986563861370087
2113,103.537,1.00415301322937
2114,103.586,0.989987730979919
2115,103.635,0.950905680656433
2116,103.684,1.03406846523285
2117,103.733,1.05277168750763
2118,103.782,1.07901692390442
2119,103.831,1.12234568595886
2120,103.88,1.13316917419434
2121,103.929,1.0177538394928
2122,103.978,1.05492746829987
2123,104.027,1.12585127353668
2124,104.076,1.08876156806946
2125,104.125,1.03815448284149
2126,104.174,1.03874790668488
2127,104.223,0.933965265750885
2128,104.272,0.916287064552307
2129,104.321,0.873485147953033
2130,104.37,0.8707395195961
2131,104.419,0.862042307853699
2132,104.468,0.793634116649628
2133,104.517,1.00828051567078
2134,104.566,0.895926594734192
2135,104.615,0.853059887886047
2136,104.664,0.825784981250763
2137,104.713,0.923576056957245
2138,104.762,0.900112688541412
2139,104.811,0.885265529155731
2140,104.86,0.976538300514221
2141,104.909,0.92857563495636
2142,104.958,0.94488137960434
2143,105.007,1.04146862030029
2144,105.056,1.15239262580872
2145,105.105,1.18457996845245
2146,105.154,1.24863874912262
2147,105.203,1.07644867897034
2148,105.252,1.1738086938858
2149,105.301,1.01421701908112
2150,105.35,0.986698925495148
2151,105.399,0.99428403377533
2152,105.448,1.11109101772308
2153,105.497,1.30118882656097
2154,105.546,1.19931316375732
2155,105.595,1.03590106964111
2156,105.644,1.10099220275879
2157,105.693,1.01143765449524
2158,105.742,0.93410849571228
2159,105.791,0.891424477100372
2160,105.84,0.923242390155792
2161,105.889,1.01600480079651
2162,105.938,0.932612836360931
2163,105.987,1.08423018455505
2164,106.036,1.09090209007263
2165,106.085,1.08443880081177
2166,106.134,0.955779254436493
2167,106.183,1.03117430210114
2168,106.232,1.07224500179291
2169,106.281,1.13432013988495
2170,106.33,1.12416470050812
2171,106.379,1.28079295158386
2172,106.428,1.22798192501068
2173,106.477,1.27941656112671
2174,106.526,1.1806960105896
2175,106.575,1.2947301864624
2176,106.624,1.20600533485413
2177,106.673,1.28261125087738
2178,106.722,1.29289758205414
2179,106.771,1.1744122505188
2180,106.82,1.17554581165314
2181,106.869,1.18365967273712
2182,106.918,1.16532385349274
2183,106.967,1.14704036712646
2184,107.016,1.05271053314209
2185,107.065,1.1433721780777
2186,107.114,1.20260739326477
2187,107.163,1.18979835510254
2188,107.212,1.30903244018555
2189,107.261,1.25971162319183
2190,107.31,1.13316655158997
2191,107.359,1.04539918899536
2192,107.408,1.01254975795746
2193,107.457,1.07839930057526
2194,107.506,1.02656733989716
2195,107.555,1.04855918884277
2196,107.604,0.953042805194855
2197,107.653,0.902218520641327
2198,107.702,0.943264424800873
2199,107.751,0.997672498226166
2200,107.8,1.05364954471588
2201,107.849,1.13190758228302
2202,107.898,1.01439237594604
2203,107.947,0.947144329547882
2204,107.996,1.07518863677979
2205,108.045,0.968904197216034
2206,108.094,1.06123757362366
2207,108.143,1.11411488056183
2208,108.192,1.13822722434998
2209,108.241,1.17792773246765
2210,108.29,1.06105303764343
2211,108.339,1.05915498733521
2212,108.388,0.91734254360199
2213,108.437,1.08929741382599
2214,108.486,1.28084921836853
2215,108.535,1.21728801727295
2216,108.584,1.34796667098999
2217,108.633,1.24370157718658
2218,108.682,1.24295747280121
2219,108.731,1.11488211154938
2220,108.78,1.14475917816162
2221,108.829,1.20690727233887
2222,108.878,1.21071231365204
2223,108.927,1.23494601249695
2224,108.976,1.21431529521942
2225,109.025,1.28208231925964
2226,109.074,1.3953001499176
2227,109.123,1.40553569793701
2228,109.172,1.04959416389465
2229,109.221,1.14675748348236
2230,109.27,1.15062963962555
2231,109.319,1.18752384185791
2232,109.368,1.29796433448792
2233,109.417,1.14330852031708
2234,109.466,1.03821277618408
2235,109.515,0.977072238922119
2236,109.564,0.879450082778931
2237,109.613,0.990483999252319
2238,109.662,0.949443995952606
2239,109.711,1.03166961669922
2240,109.76,1.08625340461731
2241,109.809,1.06241512298584
2242,109.858,1.04925763607025
2243,109.907,1.064528465271
2244,109.956,1.15111184120178
2245,110.005,0.963618636131287
2246,110.054,1.03498387336731
2247,110.103,1.0458642244339
2248,110.152,0.954804062843323
2249,110.201,1.13570284843445
2250,110.25,1.14965212345123
2251,110.299,0.955004334449768
2252,110.348,1.16690766811371
2253,110.397,1.15687131881714
2254,110.446,1.1656813621521
2255,110.495,1.02819049358368
2256,110.544,1.05288326740265
2257,110.593,1.01147365570068
2258,110.642,1.0936998128891
2259,110.691,1.17233276367188
2260,110.74,1.13409328460693
2261,110.789,1.17728996276855
2262,110.838,1.20764791965485
2263,110.887,1.15379273891449
2264,110.936,1.06797814369202
2265,110.985,0.949355006217957
2266,111.034,1.05971431732178
2267,111.083,0.967565715312958
2268,111.132,1.00039172172546
2269,111.181,1.00787997245789
2270,111.23,1.03109991550446
2271,111.279,1.11117160320282
2272,111.328,0.948367536067963
2273,111.377,0.98054027557373
2274,111.426,0.995418906211853
2275,111.475,1.11315631866455
2276,111.524,1.23071360588074
2277,111.573,1.25512897968292
2278,111.622,1.3146311044693
2279,111.671,1.04893720149994
2280,111.72,1.2140417098999
2281,111.769,1.28494775295258
2282,111.818,1.17085039615631
2283,111.867,1.19167351722717
2284,111.916,1.27621424198151
2285,111.965,1.26510214805603
2286,112.014,1.40266799926758
2287,112.063,1.23083806037903
2288,112.112,1.28048491477966
2289,112.161,1.34623897075653
2290,112.21,1.35101187229156
2291,112.259,1.4040355682373
2292,112.308,1.38203871250153
2293,112.357,1.34440588951111
2294,112.406,1.31289827823639
2295,112.455,1.32362103462219
2296,112.504,1.22535693645477
2297,112.553,1.33746147155762
2298,112.602,1.38560891151428
2299,112.651,1.26169502735138
2300,112.7,1.15599977970123
2301,112.749,1.09974884986877
2302,112.798,1.15227615833282
2303,112.847,1.23878395557404
2304,112.896,1.34972679615021
2305,112.945,1.38880813121796
2306,112.994,1.26050078868866
2307,113.043,1.21222460269928
2308,113.092,1.13398802280426
2309,113.141,1.23315131664276
2310,113.19,1.13670337200165
2311,113.239,1.24790167808533
2312,113.288,1.25062787532806
2313,113.337,1.15011048316956
2314,113.386,1.28656554222107
2315,113.435,1.2692699432373
2316,113.484,1.36993873119354
2317,113.533,1.40361428260803
2318,113.582,1.39499926567078
2319,113.631,1.36575102806091
2320,113.68,1.2759393453598
2321,113.729,1.16494393348694
2322,113.778,1.03047871589661
2323,113.827,1.10338807106018
2324,113.876,1.06846296787262
2325,113.925,1.10191178321838
2326,113.974,1.20076608657837
2327,114.023,1.26472055912018
2328,114.072,1.2589054107666
2329,114.121,1.10921251773834
2330,114.17,1.02732849121094
2331,114.219,1.04363334178925
2332,114.268,1.16276609897614
2333,114.317,1.22832584381104
2334,114.366,1.22404265403748
2335,114.415,1.17758166790009
2336,114.464,1.1905677318573
2337,114.513,1.20712792873383
2338,114.562,1.33742642402649
2339,114.611,1.38776850700378
2340,114.66,1.33970606327057
2341,114.709,1.48146998882294
2342,114.758,1.45123279094696
2343,114.807,1.52670037746429
2344,114.856,1.47391200065613
2345,114.905,1.273064494133
2346,114.954,1.26550769805908
2347,115.003,1.17891347408295
2348,115.052,1.24983024597168
2349,115.101,1.11575675010681
2350,115.15,0.942349791526794
2351,115.199,1.16582942008972
2352,115.248,1.06642007827759
2353,115.297,1.17009508609772
2354,115.346,1.14833807945251
2355,115.395,1.33619141578674
2356,115.444,1.17365753650665
2357,115.493,1.1396324634552
2358,115.542,1.08441352844238
2359,115.591,1.06347393989563
2360,115.64,1.09605312347412
2361,115.689,1.18282163143158
2362,115.738,1.20520162582397
2363,115.787,1.16206967830658
2364,115.836,1.39529287815094
2365,115.885,1.34412622451782
2366,115.934,1.39904499053955
2367,115.983,1.27749729156494
2368,116.032,1.41457235813141
2369,116.081,1.34155476093292
2370,116.13,1.2995719909668
2371,116.179,1.3471999168396
2372,116.228,1.45062744617462
2373,116.277,1.46747303009033
2374,116.326,1.49977695941925
2375,116.375,1.46252000331879
2376,116.424,1.26215636730194
2377,116.473,1.34871625900269
2378,116.522,1.23716950416565
2379,116.571,1.16156435012817
2380,116.62,1.05012500286102
2381,116.669,0.993744313716888
2382,116.718,0.935352861881256
2383,116.767,0.880863308906555
2384,116.816,0.776581346988678
2385,116.865,0.852172791957855
2386,116.914,0.919428884983063
2387,116.963,0.910257935523987
2388,117.012,1.06927812099457
2389,117.061,1.0270026922226
2390,117.11,1.01126658916473
2391,117.159,0.953002631664276
2392,117.208,0.936704158782959
2393,117.257,0.962745249271393
2394,117.306,1.02666461467743
2395,117.355,1.06044173240662
2396,117.404,1.04752898216248
2397,117.453,1.01022410392761
2398,117.502,0.955270171165466
2399,117.551,1.02058947086334
2400,117.6,1.11830270290375
2401,117.649,1.03402554988861
2402,117.698,1.05476331710815
2403,117.747,0.992140412330627
2404,117.796,1.02075517177582
2405,117.845,1.01751708984375
2406,117.894,1.05509543418884
2407,117.943,0.975614666938782
2408,117.992,0.837379038333893
2409,118.041,0.837087035179138
2410,118.09,0.909345924854279
2411,118.139,0.812467336654663
2412,118.188,0.928885638713837
2413,118.237,0.949251234531403
2414,118.286,0.877703189849854
2415,118.335,0.990517973899841
2416,118.384,1.01633048057556
2417,118.433,1.00052618980408
2418,118.482,1.02159488201141
2419,118.531,1.03504741191864
2420,118.58,1.10422503948212
2421,118.629,1.0029102563858
2422,118.678,1.05455315113068
2423,118.727,1.10435342788696
2424,118.776,1.10587453842163
2425,118.825,1.06358754634857
2426,118.874,1.24445569515228
2427,118.923,1.17558920383453
2428,118.972,1.19137108325958
2429,119.021,0.981812357902527
2430,119.07,1.00497579574585
2431,119.119,0.915067076683044
2432,119.168,0.959954619407654
2433,119.217,1.00562119483948
2434,119.266,1.12842082977295
2435,119.315,1.03869152069092
2436,119.364,0.942463517189026
2437,119.413,1.10878705978394
2438,119.462,1.06513011455536
2439,119.511,1.03275740146637
2440,119.56,0.987535893917084
2441,119.609,1.1665700674057
2442,119.658,1.10183155536652
2443,119.707,1.07547867298126
2444,119.756,1.14244592189789
2445,119.805,1.20157718658447
2446,119.854,1.05609512329102
2447,119.903,1.0424131155014
2448,119.952,1.024338722229
2449,120.001,0.972649455070496
2450,120.05,0.888987481594086
2451,120.099,0.962225556373596
2452,120.148,1.00908482074738
2453,120.197,0.962690770626068
2454,120.246,0.921891748905182
2455,120.295,0.96578186750412
2456,120.344,1.20144081115723
2457,120.393,1.2382048368454
2458,120.442,1.2571507692337
2459,120.491,1.27505540847778
2460,120.54,1.14359903335571
2461,120.589,1.12915003299713
2462,120.638,1.17981374263763
2463,120.687,1.14186549186707
2464,120.736,1.23718583583832
2465,120.785,1.31088268756866
2466,120.834,1.27790510654449
2467,120.883,1.31578326225281
2468,120.932,1.38607382774353
2469,120.981,1.48167276382446
2470,121.03,1.35124087333679
2471,121.079,1.30733609199524
2472,121.128,1.40758609771729
2473,121.177,1.2315673828125
2474,121.226,1.50407671928406
2475,121.275,1.20742273330688
2476,121.324,1.34745371341705
2477,121.373,1.22454452514648
2478,121.422,1.28892862796783
2479,121.471,1.02229535579681
2480,121.52,1.10372841358185
2481,121.569,1.26710593700409
2482,121.618,1.2006322145462
2483,121.667,1.11077606678009
2484,121.716,1.10287773609161
2485,121.765,1.1026862859726
2486,121.814,1.15209019184113
2487,121.863,1.14030456542969
2488,121.912,1.193678855896
2489,121.961,1.16220366954803
2490,122.01,1.17761242389679
2491,122.059,1.13740217685699
2492,122.108,1.23554086685181
2493,122.157,1.1909304857254
2494,122.206,1.13333773612976
2495,122.255,1.14755010604858
2496,122.304,1.08413994312286
2497,122.353,1.05915415287018
2498,122.402,1.03745472431183
2499,122.451,1.00076162815094
2500,122.5,0.943113267421722
2501,122.549,1.06383121013641
2502,122.598,1.17721676826477
2503,122.647,1.08515691757202
2504,122.696,1.13446485996246
2505,122.745,1.14737033843994
2506,122.794,1.27222561836243
2507,122.843,1.20090281963348
2508,122.892,1.34279692173004
2509,122.941,1.25651681423187
2510,122.99,1.24794363975525
2511,123.039,1.03817200660706
2512,123.088,1.16168713569641
2513,123.137,1.24217975139618
2514,123.186,1.27979362010956
2515,123.235,1.21707534790039
2516,123.284,1.46651768684387
2517,123.333,1.26033532619476
2518,123.382,1.14513790607452
2519,123.431,1.26131343841553
2520,123.48,1.23977339267731
2521,123.529,1.30461823940277
2522,123.578,1.15673220157623
2523,123.627,1.00540769100189
2524,123.676,1.1911473274231
2525,123.725,1.11464905738831
2526,123.774,1.01839697360992
2527,123.823,1.02778732776642
2528,123.872,1.00295007228851
2529,123.921,1.090775847435
2530,123.97,1.15259492397308
2531,124.019,0.94527542591095
2532,124.068,1.01624047756195
2533,124.117,1.07641279697418
2534,124.166,1.1182781457901
2535,124.215,1.20436036586761
2536,124.264,1.08689153194427
2537,124.313,0.960703909397125
2538,124.362,1.03893220424652
2539,124.411,1.09708261489868
2540,124.46,1.2303854227066
2541,124.509,1.21076023578644
2542,124.558,1.20893156528473
2543,124.607,1.2162367105484
2544,124.656,1.21970617771149
2545,124.705,1.33815240859985
2546,124.754,1.11517250537872
2547,124.803,1.31281805038452
2548,124.852,1.30996894836426
2549,124.901,1.36976146697998
2550,124.95,1.11382710933685
2551,124.999,1.06835436820984
2552,125.048,1.16233551502228
2553,125.097,1.01058113574982
2554,125.146,1.0583860874176
2555,125.195,1.19107365608215
2556,125.244,1.19805932044983
2557,125.293,1.20970666408539
2558,125.342,1.21878826618195
2559,125.391,1.34624576568604
2560,125.44,1.26327240467072
2561,125.489,1.04298400878906
2562,125.538,1.0081113576889
2563,125.587,0.948628723621368
2564,125.636,1.07963228225708
2565,125.685,1.11102688312531
2566,125.734,1.08976912498474
2567,125.783,1.00080466270447
2568,125.832,1.00086307525635
2569,125.881,0.993359208106995
2570,125.93,1.01698136329651
2571,125.979,1.031134724617
2572,126.028,1.00372898578644
2573,126.077,1.04830741882324
2574,126.126,1.04872488975525
2575,126.175,1.2103658914566
2576,126.224,1.04835021495819
2577,126.273,1.27330553531647
2578,126.322,1.15608704090118
2579,126.371,1.04972660541534
2580,126.42,1.19000458717346
2581,126.469,1.08386564254761
2582,126.518,1.16929256916046
2583,126.567,1.09340023994446
2584,126.616,1.27438569068909
2585,126.665,1.20792090892792
2586,126.714,1.11652517318726
2587,126.763,0.98684173822403
2588,126.812,1.08284091949463
2589,126.861,0.977117002010345
2590,126.91,1.12262463569641
2591,126.959,1.29703521728516
2592,127.008,1.10809063911438
2593,127.057,1.15657210350037
2594,127.106,1.07944595813751
2595,127.155,1.10967862606049
2596,127.204,1.10361015796661
2597,127.253,1.08116567134857
2598,127.302,1.0273015499115
2599,127.351,1.06035017967224
2600,127.4,1.18768465518951
2601,127.449,1.09302365779877
2602,127.498,1.01966845989227
2603,127.547,1.15322625637054
2604,127.596,1.12933850288391
2605,127.645,1.10190463066101
2606,127.694,1.02891790866852
2607,127.743,1.02097678184509
2608,127.792,1.05136156082153
2609,127.841,0.989962339401245
2610,127.89,0.853563487529755
2611,127.939,0.818434000015259
2612,127.988,0.969981133937836
2613,128.037,0.965912401676178
2614,128.086,0.865150034427643
2615,128.135,0.878388524055481
2616,128.184,0.91853404045105
2617,128.233,0.864991128444672
2618,128.282,1.0270824432373
2619,128.331,1.04671406745911
2620,128.38,1.02085494995117
2621,128.429,0.993989825248718
2622,128.478,1.15956604480743
2623,128.527,1.02819156646729
2624,128.576,0.99134373664856
2625,128.625,0.994413077831268
2626,128.674,1.03544187545776
2627,128.723,1.03770637512207
2628,128.772,1.07405352592468
2629,128.821,1.13674056529999
2630,128.87,1.13255250453949
2631,128.919,1.10328722000122
2632,128.968,1.06746709346771
2633,129.017,1.17297148704529
2634,129.066,1.22269010543823
2635,129.115,0.939677238464355
2636,129.164,0.948958098888397
2637,129.213,1.0587021112442
2638,129.262,1.08876848220825
2639,129.311,1.34536290168762
2640,129.36,1.15613412857056
2641,129.409,1.06156313419342
2642,129.458,1.09353947639465
2643,129.507,1.18808305263519
2644,129.556,1.17382967472076
2645,129.605,1.09412252902985
2646,129.654,1.12435746192932
2647,129.703,1.08137929439545
2648,129.752,1.03780496120453
2649,129.801,1.05637109279633
2650,129.85,1.11740410327911
2651,129.899,1.14266276359558
2652,129.948,0.950465679168701
2653,129.997,1.04056680202484
2654,130.046,0.962203562259674
2655,130.095,0.926252245903015
2656,130.144,0.953978836536407
2657,130.193,0.884079873561859
2658,130.242,1.02532064914703
2659,130.291,0.966898262500763
2660,130.34,1.0882910490036
2661,130.389,1.07032346725464
2662,130.438,1.17115366458893
2663,130.487,1.06160759925842
2664,130.536,0.991530120372772
2665,130.585,0.871507823467255
2666,130.634,0.860909938812256
2667,130.683,1.09929609298706
2668,130.732,0.93329131603241
2669,130.781,0.954298257827759
2670,130.83,0.904700875282288
2671,130.879,0.96718829870224
2672,130.928,1.16823351383209
2673,130.977,1.15303885936737
2674,131.026,1.10304582118988
2675,131.075,1.01956450939178
2676,131.124,1.14954900741577
2677,131.173,1.11555516719818
2678,131.222,1.02170407772064
2679,131.271,1.11939084529877
2680,131.32,1.07061266899109
2681,131.369,1.07740962505341
2682,131.418,1.05809390544891
2683,131.467,1.12267518043518
2684,131.516,1.0575065612793
2685,131.565,1.0748096704483
2686,131.614,0.921018600463867
2687,131.663,1.00374615192413
2688,131.712,1.09131324291229
2689,131.761,1.18296468257904
2690,131.81,1.08169758319855
2691,131.859,1.014399766922
2692,131.908,0.973046898841858
2693,131.957,0.984271228313446
2694,132.006,1.04742455482483
2695,132.055,1.03631269931793
2696,132.104,1.0346919298172
2697,132.153,0.955501854419708
2698,132.202,0.942255318164825
2699,132.251,0.928582787513733
2700,132.3,1.01734364032745
2701,132.349,1.09263300895691
2702,132.398,1.04873216152191
2703,132.447,1.16309106349945
2704,132.496,1.27714717388153
2705,132.545,1.0174685716629
2706,132.594,1.08824217319489
2707,132.643,1.05055069923401
2708,132.692,1.12346827983856
2709,132.741,1.11918365955353
2710,132.79,1.18202412128448
2711,132.839,1.17167150974274
2712,132.888,1.06345391273499
2713,132.937,1.1597900390625
2714,132.986,1.1514585018158
2715,133.035,0.970086097717285
2716,133.084,1.16576898097992
2717,133.133,1.04892456531525
2718,133.182,1.05127692222595
2719,133.231,0.924793243408203
2720,133.28,1.00105953216553
2721,133.329,0.877955973148346
2722,133.378,0.964423418045044
2723,133.427,1.03088939189911
2724,133.476,1.01326489448547
2725,133.525,0.966835081577301
2726,133.574,0.944020807743073
2727,133.623,1.05632638931274
2728,133.672,0.939951002597809
2729,133.721,1.01801085472107
2730,133.77,0.95740818977356
2731,133.819,0.957841157913208
2732,133.868,0.846395671367645
2733,133.917,0.992404103279114
2734,133.966,1.04738175868988
2735,134.015,0.857281446456909
2736,134.064,0.873722493648529
2737,134.113,0.96953558921814
2738,134.162,0.867599844932556
2739,134.211,0.958960890769958
2740,134.26,1.01510810852051
2741,134.309,0.949616730213165
2742,134.358,0.909824013710022
2743,134.407,0.895990192890167
2744,134.456,0.805000364780426
2745,134.505,0.818808138370514
2746,134.554,0.8162482380867
2747,134.603,0.846582412719727
2748,134.652,0.822156369686127
2749,134.701,0.822957217693329
2750,134.75,0.868840992450714
2751,134.799,0.96756112575531
2752,134.848,0.863661289215088
2753,134.897,0.994654774665833
2754,134.946,1.03404545783997
2755,134.995,1.14693784713745
2756,135.044,0.980547726154327
2757,135.093,1.02222442626953
2758,135.142,1.09376060962677
2759,135.191,0.998616576194763
2760,135.24,1.0742084980011
2761,135.289,1.00884687900543
2762,135.338,0.952053308486938
2763,135.387,0.944773018360138
2764,135.436,0.965716481208801
2765,135.485,0.893761873245239
2766,135.534,0.90469354391098
2767,135.583,0.872425258159637
2768,135.632,0.830599427223206
2769,135.681,1.02329897880554
2770,135.73,1.13273274898529
2771,135.779,1.06925487518311
2772,135.828,0.798945426940918
2773,135.877,0.845824003219604
2774,135.926,0.934511721134186
2775,135.975,0.983704268932343
2776,136.024,0.950393974781036
2777,136.073,1.02535998821259
2778,136.122,0.978143036365509
2779,136.171,0.98148250579834
2780,136.22,0.918022096157074
2781,136.269,1.07135879993439
2782,136.318,0.918566107749939
2783,136.367,0.926077485084534
2784,136.416,0.852890253067017
2785,136.465,0.748442649841309
2786,136.514,0.919920444488525
2787,136.563,0.917604267597198
2788,136.612,0.837929129600525
2789,136.661,0.965207457542419
2790,136.71,0.932035684585571
2791,136.759,1.03203022480011
2792,136.808,0.916286170482635
2793,136.857,0.970115840435028
2794,136.906,0.970257937908173
2795,136.955,0.925930440425873
2796,137.004,1.07483470439911
2797,137.053,1.00076282024384
2798,137.102,1.01881456375122
2799,137.151,1.02133119106293
2800,137.2,1.0375634431839
2801,137.249,0.870438098907471
2802,137.298,0.959637403488159
2803,137.347,0.993596971035004
2804,137.396,0.886130332946777
2805,137.445,0.868247985839844
2806,137.494,0.898674130439758
2807,137.543,0.88912570476532
2808,137.592,0.878204762935638
2809,137.641,0.944179058074951
2810,137.69,0.990807712078094
2811,137.739,0.985119938850403
2812,137.788,0.872006475925446
2813,137.837,0.953060865402222
2814,137.886,0.947260081768036
2815,137.935,0.973924398422241
2816,137.984,0.906461834907532
2817,138.033,0.870411813259125
2818,138.082,0.879889130592346
2819,138.131,0.904217302799225
2820,138.18,0.9564288854599
2821,138.229,0.879159092903137
2822,138.278,0.873236060142517
2823,138.327,0.906882286071777
2824,138.376,0.957508623600006
2825,138.425,1.04756963253021
2826,138.474,1.02284014225006
2827,138.523,0.838216483592987
2828,138.572,0.933649361133575
2829,138.621,0.83907014131546
2830,138.67,0.935428380966187
2831,138.719,0.950086355209351
2832,138.768,0.99771249294281
2833,138.817,0.92104560136795
2834,138.866,1.04592823982239
2835,138.915,0.967648863792419
2836,138.964,1.06964480876923
2837,139.013,1.07484555244446
2838,139.062,1.00648963451385
2839,139.111,1.11736309528351
2840,139.16,0.97532594203949
2841,139.209,0.990509331226349
2842,139.258,0.947123885154724
2843,139.307,0.876561284065247
2844,139.356,0.953513264656067
2845,139.405,0.912683367729187
2846,139.454,0.928250193595886
2847,139.503,0.816364347934723
2848,139.552,0.846931278705597
2849,139.601,0.857909858226776
2850,139.65,0.912007689476013
2851,139.699,0.868925988674164
2852,139.748,0.885721385478973
2853,139.797,0.940775632858276
2854,139.846,0.891005456447601
2855,139.895,0.886063635349274
2856,139.944,0.81598949432373
2857,139.993,0.854823231697083
2858,140.042,0.791163384914398
2859,140.091,0.80281662940979
2860,140.14,0.802000820636749
2861,140.189,0.880942344665527
2862,140.238,0.876899778842926
2863,140.287,0.878805696964264
2864,140.336,0.866178810596466
2865,140.385,0.975734174251556
2866,140.434,0.847010672092438
2867,140.483,0.840485751628876
2868,140.532,0.928942024707794
2869,140.581,0.950154781341553
2870,140.63,0.872161746025085
2871,140.679,0.956199765205383
2872,140.728,0.835810661315918
2873,140.777,0.871160209178925
2874,140.826,0.876766800880432
2875,140.875,0.842099070549011
2876,140.924,0.939187407493591
2877,140.973,0.91342556476593
2878,141.022,0.902125954627991
2879,141.071,0.898003935813904
2880,141.12,0.892980337142944
2881,141.169,0.994226515293121
2882,141.218,1.00469148159027
2883,141.267,1.04336285591125
2884,141.316,0.924312829971313
2885,141.365,0.967689275741577
2886,141.414,1.03624975681305
2887,141.463,1.00365722179413
2888,141.512,0.885054349899292
2889,141.561,0.96834409236908
2890,141.61,0.929372668266296
2891,141.659,0.962964594364166
2892,141.708,0.871642589569092
2893,141.757,0.999854028224945
2894,141.806,0.919241309165955
2895,141.855,0.835243105888367
2896,141.904,0.997038185596466
2897,141.953,0.849131166934967
2898,142.002,0.920577347278595
2899,142.051,1.04627346992493
2900,142.1,1.00925230979919
2901,142.149,1.0133068561554
2902,142.198,0.970041155815125
2903,142.247,1.00698745250702
2904,142.296,0.967523515224457
2905,142.345,0.931468486785889
2906,142.394,1.00985932350159
2907,142.443,0.938630163669586
2908,142.492,0.913675963878632
2909,142.541,1.01106142997742
2910,142.59,0.996263921260834
2911,142.639,0.928886353969574
2912,142.688,0.948978126049042
2913,142.737,0.921549320220947
2914,142.786,0.902127981185913
2915,142.835,0.94845312833786
2916,142.884,0.865776240825653
2917,142.933,1.01005399227142
2918,142.982,0.969427287578583
2919,143.031,0.871222496032715
2920,143.08,0.917101621627808
2921,143.129,0.900831818580627
2922,143.178,0.996652722358704
2923,143.227,0.889304339885712
2924,143.276,0.93168568611145
2925,143.325,0.981261968612671
2926,143.374,0.960142016410828
2927,143.423,0.936425805091858
2928,143.472,1.07173752784729
2929,143.521,1.05731785297394
2930,143.57,1.08046519756317
2931,143.619,1.03157043457031
2932,143.668,0.941087305545807
2933,143.717,1.07206380367279
2934,143.766,1.0489639043808
2935,143.815,1.144615650177
2936,143.864,1.19296002388
2937,143.913,1.10182881355286
2938,143.962,1.07695198059082
2939,144.011,1.0693701505661
2940,144.06,1.00369620323181
2941,144.109,1.08978235721588
2942,144.158,1.03939151763916
2943,144.207,1.06046032905579
2944,144.256,1.11859285831451
2945,144.305,1.05736398696899
2946,144.354,1.07679390907288
2947,144.403,1.06423044204712
2948,144.452,0.917855978012085
2949,144.501,0.919185400009155
2950,144.55,0.891959369182587
2951,144.599,0.989237248897552
2952,144.648,1.00150811672211
2953,144.697,1.0588401556015
2954,144.746,1.0968337059021
2955,144.795,1.13586211204529
2956,144.844,1.11790835857391
2957,144.893,1.09030079841614
2958,144.942,1.07533740997314
2959,144.991,1.05472493171692
2960,145.04,1.2041107416153
2961,145.089,1.18960690498352
2962,145.138,1.04896259307861
2963,145.187,1.13382792472839
2964,145.236,0.998447418212891
2965,145.285,1.13676190376282
2966,145.334,1.108842253685
2967,145.383,1.15812706947327
2968,145.432,1.19551813602448
2969,145.481,1.04423344135284
2970,145.53,1.09888660907745
2971,145.579,1.15517568588257
2972,145.628,1.08354949951172
2973,145.677,1.0799355506897
2974,145.726,1.04837143421173
2975,145.775,1.16056060791016
2976,145.824,1.23614513874054
2977,145.873,1.21463930606842
2978,145.922,1.24011504650116
2979,145.971,1.04265332221985
2980,146.02,1.16610288619995
2981,146.069,1.09693884849548
2982,146.118,1.23007953166962
2983,146.167,1.16611754894257
2984,146.216,1.09160435199738
2985,146.265,1.12091791629791
2986,146.314,1.05759012699127
2987,146.363,1.07743144035339
2988,146.412,1.06873822212219
2989,146.461,1.09023916721344
2990,146.51,1.09814095497131
2991,146.559,1.22212171554565
2992,146.608,1.23517310619354
2993,146.657,1.22541117668152
2994,146.706,1.11559152603149
2995,146.755,1.04895269870758
2996,146.804,0.941242575645447
2997,146.853,0.985459089279175
2998,146.902,1.02651596069336
2999,146.951,1.01009321212769
3000,147,0.986377596855164
3001,147.049,1.02397048473358
3002,147.098,1.08522701263428
3003,147.147,1.06948709487915
3004,147.196,1.27954030036926
3005,147.245,1.21587264537811
3006,147.294,1.10931515693665
3007,147.343,1.09076285362244
3008,147.392,1.19309520721436
3009,147.441,1.21725428104401
3010,147.49,1.11004185676575
3011,147.539,1.13826549053192
3012,147.588,1.24831736087799
3013,147.637,1.35019469261169
3014,147.686,1.33415830135345
3015,147.735,1.25872778892517
3016,147.784,1.26419842243195
3017,147.833,1.05944204330444
3018,147.882,0.920694947242737
3019,147.931,1.12591159343719
3020,147.98,0.992721676826477
3021,148.029,1.04957759380341
3022,148.078,1.14307916164398
3023,148.127,1.040247797966
3024,148.176,1.04266703128815
3025,148.225,1.0764547586441
3026,148.274,1.23698115348816
3027,148.323,1.25097596645355
3028,148.372,1.32117700576782
3029,148.421,1.27528154850006
3030,148.47,1.31182730197906
3031,148.519,1.23311471939087
3032,148.568,1.22195255756378
3033,148.617,1.09428262710571
3034,148.666,1.19439351558685
3035,148.715,1.06313049793243
3036,148.764,1.07521843910217
3037,148.813,1.1491926908493
3038,148.862,1.04905366897583
3039,148.911,1.0612256526947
3040,148.96,1.07904803752899
3041,149.009,0.994595885276794
3042,149.058,1.07056248188019
3043,149.107,1.1060893535614
3044,149.156,1.17989110946655
3045,149.205,1.01957452297211
3046,149.254,1.02077543735504
3047,149.303,0.981619417667389
3048,149.352,0.965751230716705
3049,149.401,0.898122668266296
3050,149.45,0.905024766921997
3051,149.499,0.945635378360748
3052,149.548,0.981183528900146
3053,149.597,1.16881513595581
3054,149.646,1.14943826198578
3055,149.695,1.07428574562073
3056,149.744,0.985388398170471
3057,149.793,1.06909811496735
3058,149.842,1.05772078037262
3059,149.891,1.06566977500916
3060,149.94,1.2568027973175
3061,149.989,0.948706984519958
3062,150.038,0.951474189758301
3063,150.087,1.07767045497894
3064,150.136,1.00914645195007
3065,150.185,0.994027853012085
3066,150.234,1.00746810436249
3067,150.283,1.15450608730316
3068,150.332,1.12353658676147
3069,150.381,0.988887369632721
3070,150.43,0.946162462234497
3071,150.479,0.917318880558014
3072,150.528,0.919013440608978
3073,150.577,0.901395738124847
3074,150.626,1.01640689373016
3075,150.675,1.05422949790955
3076,150.724,0.96165531873703
3077,150.773,1.00129759311676
3078,150.822,0.834974408149719
3079,150.871,0.943424880504608
3080,150.92,0.902176797389984
3081,150.969,0.92904144525528
3082,151.018,0.992426574230194
3083,151.067,1.03009760379791
3084,151.116,1.08837604522705
3085,151.165,1.14828979969025
3086,151.214,1.05989289283752
3087,151.263,0.99444854259491
3088,151.312,1.06305134296417
3089,151.361,0.988402187824249
3090,151.41,0.988328814506531
3091,151.459,1.06365156173706
3092,151.508,1.07111012935638
3093,151.557,1.06064879894257
3094,151.606,1.10940313339233
3095,151.655,1.06915462017059
3096,151.704,1.14893734455109
3097,151.753,1.16664099693298
3098,151.802,1.03824949264526
3099,151.851,1.23315024375916
3100,151.9,1.30169200897217
3101,151.949,1.19943702220917
3102,151.998,1.33708727359772
3103,152.047,1.33993589878082
3104,152.096,1.19274795055389
3105,152.145,0.946179151535034
3106,152.194,1.08119404315948
3107,152.243,1.06834650039673
3108,152.292,1.06106996536255
3109,152.341,1.11683070659637
3110,152.39,1.18271994590759
3111,152.439,1.17245554924011
3112,152.488,1.11263394355774
3113,152.537,1.11788928508759
3114,152.586,1.05277168750763
3115,152.635,0.969282627105713
3116,152.684,0.965610861778259
3117,152.733,1.03614151477814
3118,152.782,0.990325808525085
3119,152.831,1.05805993080139
3120,152.88,1.11944222450256
3121,152.929,1.03932189941406
3122,152.978,1.07997167110443
3123,153.027,1.08032929897308
3124,153.076,1.03050589561462
3125,153.125,1.08283007144928
3126,153.174,1.15589237213135
3127,153.223,1.1899254322052
3128,153.272,1.13781630992889
3129,153.321,1.22912406921387
3130,153.37,0.94010055065155
3131,153.419,0.883551359176636
3132,153.468,1.01173901557922
3133,153.517,1.10770642757416
3134,153.566,0.962998807430267
3135,153.615,0.963073670864105
3136,153.664,1.04291713237762
3137,153.713,1.15969181060791
3138,153.762,1.08026015758514
3139,153.811,1.18167972564697
3140,153.86,1.08042466640472
3141,153.909,1.02607774734497
3142,153.958,1.02890062332153
3143,154.007,1.17048096656799
3144,154.056,1.18141567707062
3145,154.105,1.25692403316498
3146,154.154,1.08141052722931
3147,154.203,1.13377821445465
3148,154.252,1.19866240024567
3149,154.301,1.04752552509308
3150,154.35,1.05009925365448
3151,154.399,1.15741360187531
3152,154.448,1.20195817947388
3153,154.497,1.13704264163971
3154,154.546,1.23476159572601
3155,154.595,1.2267427444458
3156,154.644,1.2916716337204
3157,154.693,1.24035656452179
3158,154.742,1.21012008190155
3159,154.791,1.34877800941467
3160,154.84,1.28542983531952
3161,154.889,1.2538388967514
3162,154.938,1.2346156835556
3163,154.987,1.35089242458344
3164,155.036,1.16332602500916
3165,155.085,1.1665780544281
3166,155.134,0.951736271381378
3167,155.183,1.1522159576416
3168,155.232,1.12511157989502
3169,155.281,1.09230959415436
3170,155.33,1.21519112586975
3171,155.379,1.1973397731781
3172,155.428,1.25601708889008
3173,155.477,1.34195303916931
3174,155.526,1.19976687431335
3175,155.575,1.2801570892334
3176,155.624,1.12645161151886
3177,155.673,0.997018098831177
3178,155.722,0.967137455940247
3179,155.771,0.956323206424713
3180,155.82,1.02066588401794
3181,155.869,0.997998595237732
3182,155.918,1.01664352416992
3183,155.967,0.958082735538483
3184,156.016,1.02733600139618
3185,156.065,0.975986242294312
3186,156.114,0.943314135074615
3187,156.163,0.954350292682648
3188,156.212,1.07832157611847
3189,156.261,1.19598364830017
3190,156.31,1.13486897945404
3191,156.359,1.06555759906769
3192,156.408,1.08039021492004
3193,156.457,1.12225556373596
3194,156.506,1.09227097034454
3195,156.555,1.14162802696228
3196,156.604,1.12289202213287
3197,156.653,1.06383216381073
3198,156.702,1.23250448703766
3199,156.751,1.19376492500305
3200,156.8,1.19992387294769
3201,156.849,1.20542001724243
3202,156.898,1.22308552265167
3203,156.947,1.15913248062134
3204,156.996,1.17505276203156
3205,157.045,1.31304109096527
3206,157.094,1.17924439907074
3207,157.143,1.17837738990784
3208,157.192,1.14109802246094
3209,157.241,1.21203434467316
3210,157.29,1.17496514320374
3211,157.339,1.10542464256287
3212,157.388,1.0257123708725
3213,157.437,1.09369444847107
3214,157.486,1.07373929023743
3215,157.535,1.20458161830902
3216,157.584,1.19751060009003
3217,157.633,1.26585447788239
3218,157.682,1.25249946117401
3219,157.731,1.29211032390594
3220,157.78,1.17704045772552
3221,157.829,1.2473828792572
3222,157.878,1.22410941123962
3223,157.927,1.36114943027496
3224,157.976,1.23300957679749
3225,158.025,1.34388506412506
3226,158.074,1.30840635299683
3227,158.123,1.37557744979858
3228,158.172,1.34854543209076
3229,158.221,1.20448338985443
3230,158.27,1.15499365329742
3231,158.319,1.19288218021393
3232,158.368,1.21555924415588
3233,158.417,1.21690404415131
3234,158.466,1.22042429447174
3235,158.515,1.2028249502182
3236,158.564,1.22417223453522
3237,158.613,1.14132261276245
3238,158.662,1.25187397003174
3239,158.711,1.22387874126434
3240,158.76,1.22099268436432
3241,158.809,1.35613358020782
3242,158.858,1.48658752441406
3243,158.907,1.3764591217041
3244,158.956,1.32653391361237
3245,159.005,1.39752101898193
3246,159.054,1.58221566677094
3247,159.103,1.27595329284668
3248,159.152,1.27255690097809
3249,159.201,1.34497618675232
3250,159.25,1.33315134048462
3251,159.299,1.30681383609772
3252,159.348,1.42305839061737
3253,159.397,1.37799608707428
3254,159.446,1.38732624053955
3255,159.495,1.38507747650146
3256,159.544,1.29909563064575
3257,159.593,1.37418830394745
3258,159.642,1.38898468017578
3259,159.691,1.27309024333954
3260,159.74,1.1803674697876
3261,159.789,1.18238985538483
3262,159.838,1.40120494365692
3263,159.887,1.25994002819061
3264,159.936,1.4478155374527
3265,159.985,1.35135817527771
3266,160.034,1.29459881782532
3267,160.083,1.24194002151489
3268,160.132,1.02866673469543
3269,160.181,1.0333160161972
3270,160.23,1.18011283874512
3271,160.279,1.22523331642151
3272,160.328,1.21162593364716
3273,160.377,1.31835269927979
3274,160.426,1.17259156703949
3275,160.475,1.09085929393768
3276,160.524,1.07835066318512
3277,160.573,1.15992319583893
3278,160.622,1.31435739994049
3279,160.671,1.25286173820496
3280,160.72,1.37307417392731
3281,160.769,1.31094110012054
3282,160.818,1.24558699131012
3283,160.867,1.24377870559692
3284,160.916,1.29873657226562
3285,160.965,1.36608719825745
3286,161.014,1.47335410118103
3287,161.063,1.26494169235229
3288,161.112,1.37560284137726
3289,161.161,1.26678323745728
3290,161.21,1.33554363250732
3291,161.259,1.23549473285675
3292,161.308,1.20687794685364
3293,161.357,1.30548298358917
3294,161.406,1.18054974079132
3295,161.455,1.07395339012146
3296,161.504,1.19675242900848
3297,161.553,1.26063287258148
3298,161.602,1.51563429832458
3299,161.651,1.44370114803314
3300,161.7,1.4921727180481
3301,161.749,1.41411244869232
3302,161.798,1.28630352020264
3303,161.847,1.27118301391602
3304,161.896,1.31547439098358
3305,161.945,1.33063507080078
3306,161.994,1.43027949333191
3307,162.043,1.49143505096436
3308,162.092,1.41803848743439
3309,162.141,1.3651682138443
3310,162.19,1.26854705810547
3311,162.239,1.3929899930954
3312,162.288,1.37852931022644
3313,162.337,1.33355522155762
3314,162.386,1.26503229141235
3315,162.435,1.31389725208282
3316,162.484,1.34924876689911
3317,162.533,1.37678837776184
3318,162.582,1.33305561542511
3319,162.631,1.40072202682495
3320,162.68,1.30828607082367
3321,162.729,1.17828023433685
3322,162.778,1.20775210857391
3323,162.827,1.22037065029144
3324,162.876,1.37741351127625
3325,162.925,1.25399327278137
3326,162.974,1.37325811386108
3327,163.023,1.21103954315186
3328,163.072,1.20142388343811
3329,163.121,1.15332686901093
3330,163.17,1.19652771949768
3331,163.219,1.11089396476746
3332,163.268,1.13607895374298
3333,163.317,1.11947429180145
3334,163.366,1.07946813106537
3335,163.415,0.94813483953476
3336,163.464,0.964143812656403
3337,163.513,1.04094111919403
3338,163.562,1.04648816585541
3339,163.611,1.06035876274109
3340,163.66,1.16648638248444
3341,163.709,1.12033343315125
3342,163.758,0.942674279212952
3343,163.807,1.01681017875671
3344,163.856,1.12737762928009
3345,163.905,1.15141689777374
3346,163.954,1.04603207111359
3347,164.003,1.12006461620331
3348,164.052,1.2225341796875
3349,164.101,1.26073443889618
3350,164.15,1.23956167697906
3351,164.199,1.3664003610611
3352,164.248,1.23912858963013
3353,164.297,1.40848290920258
3354,164.346,1.42820727825165
3355,164.395,1.520667552948
3356,164.444,1.46093499660492
3357,164.493,1.49628984928131
3358,164.542,1.48370814323425
3359,164.591,1.55255687236786
3360,164.64,1.6216744184494
3361,164.689,1.7455735206604
3362,164.738,1.60428750514984
3363,164.787,1.56032407283783
3364,164.836,1.48538601398468
3365,164.885,1.47614967823029
3366,164.934,1.43216812610626
3367,164.983,1.42386102676392
3368,165.032,1.45350193977356
3369,165.081,1.4935564994812
3370,165.13,1.30162715911865
3371,165.179,1.20804870128632
3372,165.228,1.17798459529877
3373,165.277,1.29728353023529
3374,165.326,1.23749208450317
3375,165.375,1.31320118904114
3376,165.424,1.28306591510773
3377,165.473,1.07260501384735
3378,165.522,1.16467952728271
3379,165.571,1.17025935649872
3380,165.62,1.05549693107605
3381,165.669,1.25991368293762
3382,165.718,1.2661954164505
3383,165.767,1.16113781929016
3384,165.816,1.09467482566833
3385,165.865,0.948554992675781
3386,165.914,0.9344322681427
3387,165.963,0.851079165935516
3388,166.012,0.862961947917938
3389,166.061,1.04179155826569
3390,166.11,1.23387968540192
3391,166.159,1.14135730266571
3392,166.208,1.04781782627106
3393,166.257,1.10131454467773
3394,166.306,1.12544798851013
3395,166.355,1.1815197467804
3396,166.404,1.24327111244202
3397,166.453,1.2682718038559
3398,166.502,1.21160387992859
3399,166.551,1.2430135011673
3400,166.6,1.12607884407043
3401,166.649,1.34981048107147
3402,166.698,1.27150678634644
3403,166.747,1.2062896490097
3404,166.796,1.08461081981659
3405,166.845,1.22006189823151
3406,166.894,1.23091733455658
3407,166.943,1.20641803741455
3408,166.992,1.19168937206268
3409,167.041,1.09121513366699
3410,167.09,1.25241351127625
3411,167.139,1.13966417312622
3412,167.188,1.22304999828339
3413,167.237,1.03542351722717
3414,167.286,1.25334215164185
3415,167.335,1.16562068462372
3416,167.384,1.13232398033142
3417,167.433,1.18914699554443
3418,167.482,1.24962019920349
3419,167.531,1.2374039888382
3420,167.58,1.33778119087219
3421,167.629,1.1160329580307
3422,167.678,1.10045790672302
3423,167.727,1.10203087329865
3424,167.776,1.01281070709229
3425,167.825,1.14072167873383
3426,167.874,1.17346739768982
3427,167.923,1.11696648597717
3428,167.972,1.19732224941254
3429,168.021,1.05632209777832
3430,168.07,1.15813994407654
3431,168.119,1.20122253894806
3432,168.168,1.16641736030579
3433,168.217,1.11333549022675
3434,168.266,1.0773766040802
3435,168.315,1.19267249107361
3436,168.364,1.13089084625244
3437,168.413,1.01318299770355
3438,168.462,1.04617500305176
3439,168.511,1.11526608467102
3440,168.56,1.14799702167511
3441,168.609,1.1033878326416
3442,168.658,1.2418817281723
3443,168.707,1.28294038772583
3444,168.756,1.32737052440643
3445,168.805,1.22351253032684
3446,168.854,1.26309716701508
3447,168.903,1.4725706577301
3448,168.952,1.30975067615509
3449,169.001,1.30059969425201
3450,169.05,1.1742023229599
3451,169.099,1.20759069919586
3452,169.148,1.23018884658813
3453,169.197,1.27843987941742
3454,169.246,1.32167398929596
3455,169.295,1.28618264198303
3456,169.344,1.35998809337616
3457,169.393,1.40871572494507
3458,169.442,1.3611855506897
3459,169.491,1.22159838676453
3460,169.54,1.29090774059296
3461,169.589,1.11789321899414
3462,169.638,1.27738904953003
3463,169.687,1.25080811977386
3464,169.736,1.40477561950684
3465,169.785,1.39128077030182
3466,169.834,1.32798171043396
3467,169.883,1.24667918682098
3468,169.932,1.38148248195648
3469,169.981,1.31378519535065
3470,170.03,1.28074991703033
3471,170.079,1.35688483715057
3472,170.128,1.36244356632233
3473,170.177,1.33157050609589
3474,170.226,1.36365032196045
3475,170.275,1.34114503860474
3476,170.324,1.28181874752045
3477,170.373,1.34836208820343
3478,170.422,1.30349242687225
3479,170.471,1.32977712154388
3480,170.52,1.26052737236023
3481,170.569,1.27788126468658
3482,170.618,1.20968341827393
3483,170.667,1.25981450080872
3484,170.716,1.19121217727661
3485,170.765,1.17398107051849
3486,170.814,1.25893998146057
3487,170.863,1.11708641052246
3488,170.912,1.25914001464844
3489,170.961,1.23700273036957
3490,171.01,1.22029948234558
3491,171.059,1.24104475975037
3492,171.108,1.14119350910187
3493,171.157,1.24405980110168
3494,171.206,1.12218296527863
3495,171.255,1.24151492118835
3496,171.304,1.24579071998596
3497,171.353,1.25994920730591
3498,171.402,1.32617998123169
3499,171.451,1.28486299514771
3500,171.5,1.34676992893219
3501,171.549,1.36052334308624
3502,171.598,1.35707294940948
3503,171.647,1.36007523536682
3504,171.696,1.28838765621185
3505,171.745,1.26534461975098
3506,171.794,1.32123363018036
3507,171.843,1.36234271526337
3508,171.892,1.39344489574432
3509,171.941,1.3019608259201
3510,171.99,1.19099414348602
3511,172.039,1.15982806682587
3512,172.088,1.23630058765411
3513,172.137,1.3974574804306
3514,172.186,1.35719549655914
3515,172.235,1.38361263275146
3516,172.284,1.46373558044434
3517,172.333,1.45878887176514
3518,172.382,1.34936857223511
3519,172.431,1.25816690921783
3520,172.48,1.13863837718964
3521,172.529,1.20354044437408
3522,172.578,1.28829276561737
3523,172.627,1.4194563627243
3524,172.676,1.37766826152802
3525,172.725,1.35620176792145
3526,172.774,1.45146834850311
3527,172.823,1.33606660366058
3528,172.872,1.33163034915924
3529,172.921,1.36142683029175
3530,172.97,1.44805991649628
3531,173.019,1.46031260490417
3532,173.068,1.49996364116669
3533,173.117,1.3839362859726
3534,173.166,1.26237952709198
3535,173.215,1.26782441139221
3536,173.264,1.34670734405518
3537,173.313,1.22341084480286
3538,173.362,1.21633338928223
3539,173.411,1.10099756717682
3540,173.46,1.13489818572998
3541,173.509,1.25452744960785
3542,173.558,1.36367166042328
3543,173.607,1.27599442005157
3544,173.656,1.36408817768097
3545,173.705,1.24132347106934
3546,173.754,1.144660115242
3547,173.803,1.16045022010803
3548,173.852,1.36320447921753
3549,173.901,1.27355301380157
3550,173.95,1.23706388473511
3551,173.999,1.05654966831207
3552,174.048,1.06756842136383
3553,174.097,1.04107642173767
3554,174.146,1.12092864513397
3555,174.195,1.1824814081192
3556,174.244,1.03226912021637
3557,174.293,1.12902617454529
3558,174.342,1.16756236553192
3559,174.391,1.02142453193665
3560,174.44,1.01932013034821
3561,174.489,1.15155613422394
3562,174.538,1.15964818000793
3563,174.587,1.13279986381531
3564,174.636,0.989427745342255
3565,174.685,1.02679479122162
3566,174.734,0.917287349700928
3567,174.783,0.970049798488617
3568,174.832,1.01107716560364
3569,174.881,1.12838852405548
3570,174.93,0.979334592819214
3571,174.979,1.17125570774078
3572,175.028,0.968681275844574
3573,175.077,0.889212250709534
3574,175.126,0.939716696739197
3575,175.175,1.17420876026154
3576,175.224,1.1965399980545
3577,175.273,1.13625729084015
3578,175.322,1.07076644897461
3579,175.371,0.987783193588257
3580,175.42,1.02122521400452
3581,175.469,0.989218354225159
3582,175.518,1.06885075569153
3583,175.567,0.953664779663086
3584,175.616,1.13069176673889
3585,175.665,1.13694179058075
3586,175.714,1.10236465930939
3587,175.763,1.07567977905273
3588,175.812,1.0151983499527
3589,175.861,0.999862909317017
3590,175.91,0.960998058319092
3591,175.959,1.02532696723938
3592,176.008,0.943747878074646
3593,176.057,1.10082566738129
3594,176.106,1.04502713680267
3595,176.155,0.963180184364319
3596,176.204,1.03512585163116
3597,176.253,1.01464974880219
3598,176.302,0.9847172498703
3599,176.351,1.00808906555176
3600,176.4,0.98175460100174
3601,176.449,0.886665105819702
3602,176.498,0.943380773067474
3603,176.547,0.942714869976044
3604,176.596,1.02580404281616
3605,176.645,0.937699913978577
3606,176.694,0.89986115694046
3607,176.743,1.05090069770813
3608,176.792,0.990488767623901
3609,176.841,1.07319509983063
3610,176.89,1.21473777294159
3611,176.939,1.09740781784058
3612,176.988,0.906443059444427
3613,177.037,0.977192044258118
3614,177.086,0.92303454875946
3615,177.135,0.8463454246521
3616,177.184,0.959576308727264
3617,177.233,1.0146256685257
3618,177.282,1.0158839225769
3619,177.331,1.00880336761475
3620,177.38,0.918841302394867
3621,177.429,0.990067720413208
3622,177.478,0.991849482059479
3623,177.527,0.973536670207977
3624,177.576,1.03128111362457
3625,177.625,0.962179660797119
3626,177.674,0.977181613445282
3627,177.723,0.866235136985779
3628,177.772,0.982934594154358
3629,177.821,1.07490742206573
3630,177.87,1.05809199810028
3631,177.919,0.973799705505371
3632,177.968,1.03289783000946
3633,178.017,1.01084661483765
3634,178.066,0.926953256130219
3635,178.115,0.894382476806641
3636,178.164,0.930508136749268
3637,178.213,0.821619272232056
3638,178.262,0.785275518894196
3639,178.311,0.902250647544861
3640,178.36,0.846121668815613
3641,178.409,0.869383156299591
3642,178.458,0.843500673770905
3643,178.507,0.765854477882385
3644,178.556,0.825348734855652
3645,178.605,0.861444473266602
3646,178.654,0.895030677318573
3647,178.703,0.997169196605682
3648,178.752,0.845917999744415
3649,178.801,1.07786738872528
3650,178.85,1.00000166893005
3651,178.899,0.854732096195221
3652,178.948,0.875730514526367
3653,178.997,0.828449845314026
3654,179.046,0.939186811447144
3655,179.095,0.969034492969513
3656,179.144,0.889946937561035
3657,179.193,0.911013960838318
3658,179.242,1.02792298793793
3659,179.291,1.02085852622986
3660,179.34,0.997154653072357
3661,179.389,1.12845373153687
3662,179.438,1.09821808338165
3663,179.487,1.08638191223145
3664,179.536,1.05213463306427
3665,179.585,1.12670910358429
3666,179.634,0.953624606132507
3667,179.683,0.897924900054932
3668,179.732,0.991504371166229
3669,179.781,0.98990523815155
3670,179.83,1.05438661575317
3671,179.879,0.945405423641205
3672,179.928,1.13683784008026
3673,179.977,1.09268176555634
3674,180.026,0.975192487239838
3675,180.075,0.97198760509491
3676,180.124,0.901838302612305
3677,180.173,0.991182625293732
3678,180.222,1.01088082790375
3679,180.271,1.00431597232819
3680,180.32,1.07828414440155
3681,180.369,1.13654172420502
3682,180.418,0.99057799577713
3683,180.467,0.966485917568207
3684,180.516,0.994358956813812
3685,180.565,0.872142195701599
3686,180.614,0.976352870464325
3687,180.663,0.926874756813049
3688,180.712,0.866992294788361
3689,180.761,0.951842308044434
3690,180.81,1.08659422397614
3691,180.859,1.05941987037659
3692,180.908,1.2875075340271
3693,180.957,1.10693383216858
3694,181.006,1.04332518577576
3695,181.055,1.09635317325592
3696,181.104,1.04380786418915
3697,181.153,0.942951261997223
3698,181.202,1.00191426277161
3699,181.251,0.982180655002594
3700,181.3,1.05148530006409
3701,181.349,1.14865934848785
3702,181.398,0.975909411907196
3703,181.447,1.12817752361298
3704,181.496,1.13446152210236
3705,181.545,0.951775252819061
3706,181.594,1.11528384685516
3707,181.643,1.15812575817108
3708,181.692,1.03771376609802
3709,181.741,0.990799188613892
3710,181.79,0.878210842609406
3711,181.839,1.08867979049683
3712,181.888,0.860976278781891
3713,181.937,0.873680472373962
3714,181.986,1.00607430934906
3715,182.035,1.05100131034851
3716,182.084,0.985933184623718
3717,182.133,1.03687918186188
3718,182.182,1.05816555023193
3719,182.231,1.08240509033203
3720,182.28,1.13357937335968
3721,182.329,1.11403346061707
3722,182.378,1.03178322315216
3723,182.427,1.13831377029419
3724,182.476,1.25342738628387
3725,182.525,1.22065258026123
3726,182.574,1.08275842666626
3727,182.623,1.07468557357788
3728,182.672,1.12636721134186
3729,182.721,1.15199720859528
3730,182.77,1.07565712928772
3731,182.819,0.995135366916656
3732,182.868,1.00461006164551
3733,182.917,0.953263700008392
3734,182.966,0.910219132900238
3735,183.015,0.885392844676971
3736,183.064,0.876999199390411
3737,183.113,0.890099346637726
3738,183.162,0.805729746818542
3739,183.211,0.917061984539032
3740,183.26,1.0399135351181
3741,183.309,0.888687610626221
3742,183.358,0.837499737739563
3743,183.407,0.884706139564514
3744,183.456,0.928194522857666
3745,183.505,0.79729163646698
3746,183.554,0.901690900325775
3747,183.603,0.867487728595734
3748,183.652,0.962424218654633
3749,183.701,0.989023864269257
3750,183.75,0.909798920154572
3751,183.799,0.92365700006485
3752,183.848,0.971726477146149
3753,183.897,0.875969767570496
3754,183.946,0.913137912750244
3755,183.995,0.955887913703918
3756,184.044,0.936949253082275
3757,184.093,0.993742883205414
3758,184.142,0.868611574172974
3759,184.191,0.913649916648865
3760,184.24,1.02835822105408
3761,184.289,1.01010096073151
3762,184.338,0.98323929309845
3763,184.387,0.969906091690063
3764,184.436,1.07687449455261
3765,184.485,1.01319992542267
3766,184.534,1.07399427890778
3767,184.583,0.958731472492218
3768,184.632,1.20638763904572
3769,184.681,1.15995740890503
3770,184.73,1.0226594209671
3771,184.779,0.932006776332855
3772,184.828,0.803967356681824
3773,184.877,0.854959189891815
3774,184.926,1.03115153312683
3775,184.975,0.916468322277069
3776,185.024,0.896077215671539
3777,185.073,0.897379696369171
3778,185.122,0.892034292221069
3779,185.171,0.776013553142548
3780,185.22,0.854098558425903
3781,185.269,0.790379464626312
3782,185.318,0.769664287567139
3783,185.367,0.859516680240631
3784,185.416,0.760082900524139
3785,185.465,0.897027194499969
3786,185.514,0.925515353679657
3787,185.563,0.901724874973297
3788,185.612,0.892937123775482
3789,185.661,1.09160387516022
3790,185.71,1.10018062591553
3791,185.759,0.900883376598358
3792,185.808,0.90350615978241
3793,185.857,0.806222021579742
3794,185.906,0.745744109153748
3795,185.955,0.939410626888275
3796,186.004,0.943267405033112
3797,186.053,1.02686786651611
3798,186.102,0.945347607135773
3799,186.151,0.949021816253662
3800,186.2,0.958353102207184
3801,186.249,0.912329494953156
3802,186.298,0.739173054695129
3803,186.347,0.702467381954193
3804,186.396,0.773892760276794
3805,186.445,0.820986330509186
3806,186.494,0.864051282405853
3807,186.543,0.884509563446045
3808,186.592,0.869602799415588
3809,186.641,0.99931812286377
3810,186.69,0.859892308712006
3811,186.739,0.916893422603607
3812,186.788,0.993296027183533
3813,186.837,0.849488794803619
3814,186.886,0.905301511287689
3815,186.935,0.746707856655121
3816,186.984,0.902452766895294
3817,187.033,0.871046543121338
3818,187.082,0.932143032550812
3819,187.131,1.106116771698
3820,187.18,0.965159237384796
3821,187.229,1.05032217502594
3822,187.278,0.937981903553009
3823,187.327,0.888822197914124
3824,187.376,1.11085295677185
3825,187.425,1.01055240631104
3826,187.474,1.05706596374512
3827,187.523,0.853257298469543
3828,187.572,0.928251564502716
3829,187.621,0.94785350561142
3830,187.67,0.904945731163025
3831,187.719,0.881852209568024
3832,187.768,1.00242435932159
3833,187.817,0.877756595611572
3834,187.866,0.994446754455566
3835,187.915,0.901688396930695
3836,187.964,0.966128349304199
3837,188.013,0.945521831512451
3838,188.062,1.00717413425446
3839,188.111,1.01645338535309
3840,188.16,1.00256633758545
3841,188.209,0.940030157566071
3842,188.258,0.940680742263794
3843,188.307,0.964041590690613
3844,188.356,0.833913803100586
3845,188.405,0.969683349132538
3846,188.454,0.894445776939392
3847,188.503,0.918550133705139
3848,188.552,0.905676543712616
3849,188.601,0.88187563419342
3850,188.65,0.870547950267792
3851,188.699,0.815071880817413
3852,188.748,0.822719097137451
3853,188.797,0.828128099441528
3854,188.846,0.811062216758728
3855,188.895,0.809887588024139
3856,188.944,0.787859618663788
3857,188.993,0.791950881481171
3858,189.042,0.789263188838959
3859,189.091,0.895862817764282
3860,189.14,0.926164448261261
3861,189.189,0.739036619663239
3862,189.238,0.824823260307312
3863,189.287,0.828487813472748
3864,189.336,0.901787638664246
3865,189.385,0.963891923427582
3866,189.434,0.994760811328888
3867,189.483,0.884379088878632
3868,189.532,0.824420034885406
3869,189.581,0.777154207229614
3870,189.63,0.703615307807922
3871,189.679,0.753968834877014
3872,189.728,0.903923034667969
3873,189.777,0.839966952800751
3874,189.826,0.823388338088989
3875,189.875,0.894208133220673
3876,189.924,0.937505602836609
3877,189.973,0.947421073913574
3878,190.022,0.898484110832214
3879,190.071,0.863588333129883
3880,190.12,1.00821471214294
3881,190.169,0.943528652191162
3882,190.218,0.792568922042847
3883,190.267,0.843734860420227
3884,190.316,0.805145978927612
3885,190.365,0.764920592308044
3886,190.414,0.823908865451813
3887,190.463,0.79609477519989
3888,190.512,0.753318130970001
3889,190.561,0.918433904647827
3890,190.61,0.980928719043732
3891,190.659,0.931287884712219
3892,190.708,0.929469466209412
3893,190.757,0.9549760222435
3894,190.806,0.890902400016785
3895,190.855,1.13466536998749
3896,190.904,1.11692929267883
3897,190.953,0.946344196796417
3898,191.002,1.17074227333069
3899,191.051,1.12532866001129
3900,191.1,1.18804669380188
3901,191.149,1.02188432216644
3902,191.198,1.07737684249878
3903,191.247,0.971108078956604
3904,191.296,1.01285469532013
3905,191.345,0.977181434631348
3906,191.394,0.903303980827332
3907,191.443,0.979720234870911
3908,191.492,0.987367928028107
3909,191.541,1.04177832603455
3910,191.59,1.05667972564697
3911,191.639,0.974282801151276
3912,191.688,1.0064389705658
3913,191.737,0.964917302131653
3914,191.786,1.06668984889984
3915,191.835,1.26853215694427
3916,191.884,1.14632964134216
3917,191.933,1.12327992916107
3918,191.982,1.04690074920654
3919,192.031,1.11260163784027
3920,192.08,1.11087906360626
3921,192.129,1.05531561374664
3922,192.178,1.01215541362762
3923,192.227,1.02619802951813
3924,192.276,1.01549053192139
3925,192.325,0.984696328639984
3926,192.374,1.00851082801819
3927,192.423,1.01840436458588
3928,192.472,1.06745338439941
3929,192.521,1.13488388061523
3930,192.57,1.02825677394867
3931,192.619,0.999693870544434
3932,192.668,1.09260869026184
3933,192.717,1.08091998100281
3934,192.766,1.01690256595612
3935,192.815,0.940640211105347
3936,192.864,0.991717457771301
3937,192.913,0.938308537006378
3938,192.962,0.955270886421204
3939,193.011,1.00837206840515
3940,193.06,0.991268038749695
3941,193.109,0.950047671794891
3942,193.158,1.01652324199677
3943,193.207,1.08782684803009
3944,193.256,1.10142886638641
3945,193.305,1.05467879772186
3946,193.354,1.09104382991791
3947,193.403,1.10385143756866
3948,193.452,1.072469830513
3949,193.501,1.10805022716522
3950,193.55,1.1044989824295
3951,193.599,1.00966775417328
3952,193.648,0.948321878910065
3953,193.697,1.09030902385712
3954,193.746,0.992723405361176
3955,193.795,1.03179597854614
3956,193.844,1.06300818920135
3957,193.893,1.03091990947723
3958,193.942,0.928134799003601
3959,193.991,1.03989481925964
3960,194.04,0.973848462104797
3961,194.089,0.892552375793457
3962,194.138,0.81703644990921
3963,194.187,0.817012012004852
3964,194.236,0.975161552429199
3965,194.285,0.919234573841095
3966,194.334,0.890396237373352
3967,194.383,0.928789734840393
3968,194.432,1.0045952796936
3969,194.481,1.08664500713348
3970,194.53,1.0294326543808
3971,194.579,0.94214254617691
3972,194.628,0.937594532966614
3973,194.677,1.0136581659317
3974,194.726,0.958566844463348
3975,194.775,1.08948254585266
3976,194.824,1.17648983001709
3977,194.873,1.27257394790649
3978,194.922,1.12183547019958
3979,194.971,1.18141973018646
3980,195.02,1.12869203090668
3981,195.069,1.16373372077942
3982,195.118,0.99186897277832
3983,195.167,1.09619772434235
3984,195.216,1.06924903392792
3985,195.265,1.02291214466095
3986,195.314,1.1607973575592
3987,195.363,1.05424249172211
3988,195.412,0.999274671077728
3989,195.461,1.07177901268005
3990,195.51,1.03502357006073
3991,195.559,1.10419499874115
3992,195.608,1.11537289619446
3993,195.657,1.00881135463715
3994,195.706,1.12365901470184
3995,195.755,1.02247095108032
3996,195.804,1.13148093223572
3997,195.853,1.13202571868896
3998,195.902,1.05123221874237
3999,195.951,0.926344931125641
4000,196,0.892631530761719
4001,196.049,0.875177681446075
4002,196.098,0.985914945602417
4003,196.147,1.04335856437683
4004,196.196,1.02341330051422
4005,196.245,1.05752599239349
4006,196.294,0.949708521366119
4007,196.343,0.972730576992035
4008,196.392,0.907647371292114
4009,196.441,1.14108204841614
4010,196.49,1.06638431549072
4011,196.539,0.964692056179047
4012,196.588,1.08139944076538
4013,196.637,1.00780212879181
4014,196.686,1.11927938461304
4015,196.735,1.10986196994781
4016,196.784,1.18910503387451
4017,196.833,0.921117842197418
4018,196.882,0.899726808071136
4019,196.931,0.945558369159698
4020,196.98,1.11299061775208
4021,197.029,1.13798439502716
4022,197.078,1.1066335439682
4023,197.127,1.12413311004639
4024,197.176,0.998160243034363
4025,197.225,1.09979236125946
4026,197.274,0.980055868625641
4027,197.323,1.05851674079895
4028,197.372,1.11635184288025
4029,197.421,1.05456411838531
4030,197.47,1.12049627304077
4031,197.519,1.18174946308136
4032,197.568,1.19294500350952
4033,197.617,1.05601727962494
4034,197.666,1.03194713592529
4035,197.715,1.13035607337952
4036,197.764,0.952145516872406
4037,197.813,1.03203320503235
4038,197.862,1.03088438510895
4039,197.911,0.970424056053162
4040,197.96,1.11159646511078
4041,198.009,1.01886737346649
4042,198.058,1.04875075817108
4043,198.107,1.06182825565338
4044,198.156,1.03271758556366
4045,198.205,1.02517533302307
4046,198.254,1.06155335903168
4047,198.303,1.15115249156952
4048,198.352,1.15991747379303
4049,198.401,1.1238819360733
4050,198.45,1.14073741436005
4051,198.499,1.27393925189972
4052,198.548,1.20878446102142
4053,198.597,1.20673012733459
4054,198.646,1.23287963867188
4055,198.695,1.15357375144958
4056,198.744,1.07390773296356
4057,198.793,1.00040209293365
4058,198.842,1.08246767520905
4059,198.891,1.07793366909027
4060,198.94,1.0912276506424
4061,198.989,1.11988115310669
4062,199.038,1.04640793800354
4063,199.087,1.11280393600464
4064,199.136,0.946099162101746
4065,199.185,1.15680885314941
4066,199.234,1.14413130283356
4067,199.283,1.19613003730774
4068,199.332,1.02733719348907
4069,199.381,1.17590272426605
4070,199.43,1.23448741436005
4071,199.479,1.24817192554474
4072,199.528,1.20145499706268
4073,199.577,1.30680990219116
4074,199.626,1.05833745002747
4075,199.675,1.02109253406525
4076,199.724,1.1530784368515
4077,199.773,1.10942566394806
4078,199.822,1.08490252494812
4079,199.871,1.08346343040466
4080,199.92,1.03299176692963
4081,199.969,1.13723945617676
4082,200.018,1.1167311668396
4083,200.067,1.23724484443665
4084,200.116,1.25677871704102
4085,200.165,1.25139451026917
4086,200.214,1.18096077442169
4087,200.263,1.23856770992279
4088,200.312,1.23034739494324
4089,200.361,1.15409123897552
4090,200.41,1.21765577793121
4091,200.459,1.26270198822021
4092,200.508,1.2233579158783
4093,200.557,1.06969225406647
4094,200.606,1.09932029247284
4095,200.655,1.03995990753174
4096,200.704,1.23901915550232
4097,200.753,1.16396915912628
4098,200.802,1.16346526145935
4099,200.851,1.08786237239838
4100,200.9,1.14241218566895
4101,200.949,1.14610755443573
4102,200.998,1.15931951999664
4103,201.047,1.02952492237091
4104,201.096,1.05903375148773
4105,201.145,1.04753029346466
4106,201.194,1.11675083637238
4107,201.243,1.18502020835876
4108,201.292,1.29675436019897
4109,201.341,1.27206516265869
4110,201.39,1.08254086971283
4111,201.439,0.925123035907745
4112,201.488,1.07767653465271
4113,201.537,1.24678409099579
4114,201.586,1.31986355781555
4115,201.635,1.30486679077148
4116,201.684,1.28283035755157
4117,201.733,1.21250200271606
4118,201.782,1.38572037220001
4119,201.831,1.38276827335358
4120,201.88,1.31284773349762
4121,201.929,1.3250584602356
4122,201.978,1.37330567836761
4123,202.027,1.42529678344727
4124,202.076,1.50243723392487
4125,202.125,1.46975743770599
4126,202.174,1.49189817905426
4127,202.223,1.51924216747284
4128,202.272,1.39686560630798
4129,202.321,1.41666460037231
4130,202.37,1.29056215286255
4131,202.419,1.46781861782074
4132,202.468,1.35953414440155
4133,202.517,1.32209610939026
4134,202.566,1.4469701051712
4135,202.615,1.53157389163971
4136,202.664,1.4915097951889
4137,202.713,1.4529367685318
4138,202.762,1.28890657424927
4139,202.811,1.34837937355042
4140,202.86,1.37213742733002
4141,202.909,1.39216494560242
4142,202.958,1.33005833625793
4143,203.007,1.32232892513275
4144,203.056,1.28266036510468
4145,203.105,1.33878135681152
4146,203.154,1.30858182907104
4147,203.203,1.42568588256836
4148,203.252,1.26069903373718
4149,203.301,1.28534758090973
4150,203.35,1.51425576210022
4151,203.399,1.32011651992798
4152,203.448,1.23165762424469
4153,203.497,1.39028716087341
4154,203.546,1.51051497459412
4155,203.595,1.38604187965393
4156,203.644,1.4069459438324
4157,203.693,1.41296470165253
4158,203.742,1.33629906177521
4159,203.791,1.22871816158295
4160,203.84,1.34832441806793
4161,203.889,1.36138129234314
4162,203.938,1.52891802787781
4163,203.987,1.43996024131775
4164,204.036,1.2928159236908
4165,204.085,1.27874505519867
4166,204.134,1.26565992832184
4167,204.183,1.26502811908722
4168,204.232,1.29039859771729
4169,204.281,1.32192718982697
4170,204.33,1.3497097492218
4171,204.379,1.37488901615143
4172,204.428,1.2844545841217
4173,204.477,1.24927639961243
4174,204.526,1.24609291553497
4175,204.575,1.12150740623474
4176,204.624,1.17288661003113
4177,204.673,1.37261307239532
4178,204.722,1.2660596370697
4179,204.771,1.26260459423065
4180,204.82,1.4301563501358
4181,204.869,1.34470450878143
4182,204.918,1.38593590259552
4183,204.967,1.31659090518951
4184,205.016,1.29128324985504
4185,205.065,1.45100891590118
4186,205.114,1.39542186260223
4187,205.163,1.39009821414948
4188,205.212,1.50114631652832
4189,205.261,1.5222407579422
4190,205.31,1.46270096302032
4191,205.359,1.50728356838226
4192,205.408,1.40643763542175
4193,205.457,1.45536494255066
4194,205.506,1.5114598274231
4195,205.555,1.41029417514801
4196,205.604,1.55736780166626
4197,205.653,1.35840404033661
4198,205.702,1.17682957649231
4199,205.751,1.25309252738953
4200,205.8,1.22558724880219
4201,205.849,1.31617319583893
4202,205.898,1.30099546909332
4203,205.947,1.24292254447937
4204,205.996,1.28470170497894
4205,206.045,1.4801059961319
4206,206.094,1.4330108165741
4207,206.143,1.26744508743286
4208,206.192,1.28570866584778
4209,206.241,1.21514737606049
4210,206.29,1.29943740367889
4211,206.339,1.45462143421173
4212,206.388,1.37458491325378
4213,206.437,1.24875223636627
4214,206.486,1.18668246269226
4215,206.535,1.35743021965027
4216,206.584,1.39366233348846
4217,206.633,1.49407339096069
4218,206.682,1.38208425045013
4219,206.731,1.52817010879517
4220,206.78,1.5043032169342
4221,206.829,1.50027990341187
4222,206.878,1.44918489456177
4223,206.927,1.34515714645386
4224,206.976,1.36223375797272
4225,207.025,1.32093942165375
4226,207.074,1.27210056781769
4227,207.123,1.28713631629944
4228,207.172,1.18811869621277
4229,207.221,1.33979570865631
4230,207.27,1.35075652599335
4231,207.319,1.23841595649719
4232,207.368,1.17248821258545
4233,207.417,1.16236877441406
4234,207.466,1.21316432952881
4235,207.515,1.25206243991852
4236,207.564,1.24210870265961
4237,207.613,1.19203448295593
4238,207.662,1.23025989532471
4239,207.711,1.16772413253784
4240,207.76,1.24808967113495
4241,207.809,1.22068083286285
4242,207.858,1.19994580745697
4243,207.907,1.25219130516052
4244,207.956,1.12357473373413
4245,208.005,1.2186826467514
4246,208.054,1.29640400409698
4247,208.103,1.2947723865509
4248,208.152,1.370361328125
4249,208.201,1.29248738288879
4250,208.25,1.12979817390442
4251,208.299,1.21466302871704
4252,208.348,1.35365319252014
4253,208.397,1.32585871219635
4254,208.446,1.09507429599762
4255,208.495,1.18961191177368
4256,208.544,1.25230634212494
4257,208.593,1.30154573917389
4258,208.642,1.44018971920013
4259,208.691,1.42443144321442
4260,208.74,1.33125460147858
4261,208.789,1.38891351222992
4262,208.838,1.46828675270081
4263,208.887,1.39664149284363
4264,208.936,1.34759140014648
4265,208.985,1.43668472766876
4266,209.034,1.44335222244263
4267,209.083,1.377760887146
4268,209.132,1.49630653858185
4269,209.181,1.47614967823029
4270,209.23,1.50489330291748
4271,209.279,1.44703388214111
4272,209.328,1.50636076927185
4273,209.377,1.54362535476685
4274,209.426,1.558145403862
4275,209.475,1.51583850383759
4276,209.524,1.56438684463501
4277,209.573,1.46521735191345
4278,209.622,1.43636584281921
4279,209.671,1.42947220802307
4280,209.72,1.515509724617
4281,209.769,1.39645397663116
4282,209.818,1.44298446178436
4283,209.867,1.45901954174042
4284,209.916,1.41635966300964
4285,209.965,1.32478737831116
4286,210.014,1.33179402351379
4287,210.063,1.46673572063446
4288,210.112,1.49796628952026
4289,210.161,1.38697326183319
4290,210.21,1.57484614849091
4291,210.259,1.59685027599335
4292,210.308,1.44057476520538
4293,210.357,1.51480042934418
4294,210.406,1.56790566444397
4295,210.455,1.44685530662537
4296,210.504,1.38130044937134
4297,210.553,1.20759916305542
4298,210.602,1.29180145263672
4299,210.651,1.25942409038544
4300,210.7,1.307501912117
4301,210.749,1.30061507225037
4302,210.798,1.21751248836517
4303,210.847,1.3025404214859
4304,210.896,1.23280465602875
4305,210.945,1.31543719768524
4306,210.994,1.31522464752197
4307,211.043,1.24358487129211
4308,211.092,1.35392534732819
4309,211.141,1.448690533638
4310,211.19,1.35669684410095
4311,211.239,1.419304728508
4312,211.288,1.37489902973175
4313,211.337,1.40096521377563
4314,211.386,1.39521920681
4315,211.435,1.39268791675568
4316,211.484,1.25294709205627
4317,211.533,1.36025643348694
4318,211.582,1.43192160129547
4319,211.631,1.39126217365265
4320,211.68,1.20411825180054
4321,211.729,1.14211642742157
4322,211.778,1.15934014320374
4323,211.827,1.19710516929626
4324,211.876,1.21658718585968
4325,211.925,1.21195292472839
4326,211.974,1.10934460163116
4327,212.023,1.26285922527313
4328,212.072,1.2052286863327
4329,212.121,1.01843202114105
4330,212.17,1.20621860027313
4331,212.219,1.18414795398712
4332,212.268,1.14109313488007
4333,212.317,1.22298467159271
4334,212.366,1.18712675571442
4335,212.415,1.10117673873901
4336,212.464,1.19438886642456
4337,212.513,1.17481815814972
4338,212.562,1.07914626598358
4339,212.611,1.12089312076569
4340,212.66,1.20105183124542
4341,212.709,1.01958727836609
4342,212.758,1.17368769645691
4343,212.807,1.1952965259552
4344,212.856,1.24596333503723
4345,212.905,1.12209391593933
4346,212.954,1.11182105541229
4347,213.003,1.19174575805664
4348,213.052,1.13884460926056
4349,213.101,1.19421863555908
4350,213.15,1.19833195209503
4351,213.199,1.19163811206818
4352,213.248,1.1785546541214
4353,213.297,1.28839075565338
4354,213.346,1.28460705280304
4355,213.395,1.37496423721313
4356,213.444,1.39967346191406
4357,213.493,1.32063698768616
4358,213.542,1.38084197044373
4359,213.591,1.46811497211456
4360,213.64,1.40789341926575
4361,213.689,1.39109408855438
4362,213.738,1.26434636116028
4363,213.787,1.41327953338623
4364,213.836,1.52608942985535
4365,213.885,1.3976024389267
4366,213.934,1.39785540103912
4367,213.983,1.35341465473175
4368,214.032,1.44537472724915
4369,214.081,1.27145409584045
4370,214.13,1.32540035247803
4371,214.179,1.25139772891998
4372,214.228,1.16670191287994
4373,214.277,1.1660315990448
4374,214.326,1.27326762676239
4375,214.375,1.19312644004822
4376,214.424,1.20686674118042
4377,214.473,1.29691648483276
4378,214.522,1.23724138736725
4379,214.571,1.2550083398819
4380,214.62,1.27374422550201
4381,214.669,1.19002282619476
4382,214.718,1.20556855201721
4383,214.767,1.06724274158478
4384,214.816,1.18238043785095
4385,214.865,1.2222808599472
4386,214.914,1.20483696460724
4387,214.963,1.14504313468933
4388,215.012,1.1649329662323
4389,215.061,1.11727821826935
4390,215.11,1.23481547832489
4391,215.159,1.19048285484314
4392,215.208,1.0959540605545
4393,215.257,1.06626427173615
4394,215.306,1.11491572856903
4395,215.355,1.02579307556152
4396,215.404,1.1814136505127
4397,215.453,1.20529532432556
4398,215.502,1.27808892726898
4399,215.551,1.22547662258148
4400,215.6,1.25425827503204
4401,215.649,1.39131009578705
4402,215.698,1.5038685798645
4403,215.747,1.38661730289459
4404,215.796,1.33981239795685
4405,215.845,1.48658657073975
4406,215.894,1.48786997795105
4407,215.943,1.42658019065857
4408,215.992,1.41592967510223
4409,216.041,1.43175482749939
4410,216.09,1.39433908462524
4411,216.139,1.41741836071014
4412,216.188,1.31662821769714
4413,216.237,1.39435863494873
4414,216.286,1.4236912727356
4415,216.335,1.36563885211945
4416,216.384,1.40273070335388
4417,216.433,1.48340725898743
4418,216.482,1.41678535938263
4419,216.531,1.34374248981476
4420,216.58,1.36659789085388
4421,216.629,1.36446416378021
4422,216.678,1.34563720226288
4423,216.727,1.34303033351898
4424,216.776,1.25877487659454
4425,216.825,1.39051818847656
4426,216.874,1.39301109313965
4427,216.923,1.34861540794373
4428,216.972,1.08006536960602
4429,217.021,1.19286596775055
4430,217.07,1.29410767555237
4431,217.119,1.2532867193222
4432,217.168,1.42814469337463
4433,217.217,1.28048312664032
4434,217.266,1.41165053844452
4435,217.315,1.52570700645447
4436,217.364,1.43332362174988
4437,217.413,1.5797266960144
4438,217.462,1.52613627910614
4439,217.511,1.64590859413147
4440,217.56,1.71977782249451
4441,217.609,1.58579695224762
4442,217.658,1.72762596607208
4443,217.707,1.49167966842651
4444,217.756,1.53801989555359
4445,217.805,1.45073556900024
4446,217.854,1.40240800380707
4447,217.903,1.39943289756775
4448,217.952,1.21979331970215
4449,218.001,1.33808481693268
4450,218.05,1.36772811412811
4451,218.099,1.33249282836914
4452,218.148,1.41176617145538
4453,218.197,1.38373279571533
4454,218.246,1.47417020797729
4455,218.295,1.27103877067566
4456,218.344,1.36957573890686
4457,218.393,1.26356792449951
4458,218.442,1.41404128074646
4459,218.491,1.45995306968689
4460,218.54,1.34317278862
4461,218.589,1.46724081039429
4462,218.638,1.27453899383545
4463,218.687,1.42632293701172
4464,218.736,1.47274136543274
4465,218.785,1.52063834667206
4466,218.834,1.218137383461
4467,218.883,1.31082117557526
4468,218.932,1.36265873908997
4469,218.981,1.37974154949188
4470,219.03,1.13131260871887
4471,219.079,1.21678507328033
4472,219.128,1.10451817512512
4473,219.177,1.10423803329468
4474,219.226,1.08575701713562
4475,219.275,1.26009571552277
4476,219.324,1.11232507228851
4477,219.373,1.15883028507233
4478,219.422,1.14497435092926
4479,219.471,1.06602835655212
4480,219.52,1.12107574939728
4481,219.569,1.21379470825195
4482,219.618,1.21910262107849
4483,219.667,1.20145881175995
4484,219.716,1.35071361064911
4485,219.765,1.20480155944824
4486,219.814,1.27516520023346
4487,219.863,1.19420158863068
4488,219.912,1.21180832386017
4489,219.961,1.29979193210602
4490,220.01,1.27497315406799
4491,220.059,1.21370887756348
4492,220.108,1.07674241065979
4493,220.157,1.10302066802979
4494,220.206,1.09375476837158
4495,220.255,1.11451804637909
4496,220.304,1.15640485286713
4497,220.353,1.19594395160675
4498,220.402,1.17345142364502
4499,220.451,1.09889650344849
4500,220.5,1.2306809425354
4501,220.549,1.35550665855408
4502,220.598,1.26894760131836
4503,220.647,1.35769033432007
4504,220.696,1.21421051025391
4505,220.745,1.27988946437836
4506,220.794,1.32705450057983
4507,220.843,1.30141854286194
4508,220.892,1.18652260303497
4509,220.941,1.192999958992
4510,220.99,1.24990010261536
4511,221.039,1.23425531387329
4512,221.088,1.19162654876709
4513,221.137,1.21527051925659
4514,221.186,1.16341853141785
4515,221.235,1.03159272670746
4516,221.284,1.21616446971893
4517,221.333,1.27652776241302
4518,221.382,1.33628749847412
4519,221.431,1.19228279590607
4520,221.48,1.12956297397614
4521,221.529,1.28364968299866
4522,221.578,1.2646062374115
4523,221.627,1.16167783737183
4524,221.676,1.2934695482254
4525,221.725,1.17264938354492
4526,221.774,1.27647411823273
4527,221.823,1.29902482032776
4528,221.872,1.2187557220459
4529,221.921,1.38999712467194
4530,221.97,1.2544424533844
4531,222.019,1.37264454364777
4532,222.068,1.40374743938446
4533,222.117,1.35294497013092
4534,222.166,1.27421748638153
4535,222.215,1.2702784538269
4536,222.264,1.38170051574707
4537,222.313,1.24919891357422
4538,222.362,1.27598607540131
4539,222.411,1.19006931781769
4540,222.46,1.13022029399872
4541,222.509,1.15203714370728
4542,222.558,1.15880441665649
4543,222.607,1.17467296123505
4544,222.656,1.2351781129837
4545,222.705,1.23297917842865
4546,222.754,1.16796505451202
4547,222.803,1.16822159290314
4548,222.852,1.09835290908813
4549,222.901,1.19816315174103
4550,222.95,1.26687824726105
4551,222.999,1.19110882282257
4552,223.048,1.1020895242691
4553,223.097,1.262002825737
4554,223.146,1.30965733528137
4555,223.195,1.21263265609741
4556,223.244,1.21486485004425
4557,223.293,1.3510274887085
4558,223.342,1.31588125228882
4559,223.391,1.21451807022095
4560,223.44,1.32175898551941
4561,223.489,1.46783852577209
4562,223.538,1.28836452960968
4563,223.587,1.40433466434479
4564,223.636,1.31445825099945
4565,223.685,1.17579638957977
4566,223.734,1.1933399438858
4567,223.783,1.38091647624969
4568,223.832,1.35981726646423
4569,223.881,1.28350043296814
4570,223.93,1.38314354419708
4571,223.979,1.3165727853775
4572,224.028,1.28190863132477
4573,224.077,1.2055412530899
4574,224.126,1.24775981903076
4575,224.175,1.2672107219696
4576,224.224,1.18094623088837
4577,224.273,1.2547070980072
4578,224.322,1.27391541004181
4579,224.371,1.10932528972626
4580,224.42,1.14364016056061
4581,224.469,1.05910933017731
4582,224.518,1.20786869525909
4583,224.567,1.20862531661987
4584,224.616,1.01950454711914
4585,224.665,1.04667925834656
4586,224.714,1.14232766628265
4587,224.763,1.24815392494202
4588,224.812,1.14625227451324
4589,224.861,1.10294055938721
4590,224.91,1.12801671028137
4591,224.959,0.904262542724609
4592,225.008,0.957988142967224
4593,225.057,0.91571831703186
4594,225.106,0.836584627628326
4595,225.155,0.913131058216095
4596,225.204,0.990534603595734
4597,225.253,1.12333738803864
4598,225.302,1.08621454238892
4599,225.351,1.15264546871185
4600,225.4,1.09993612766266
4601,225.449,1.17426431179047
4602,225.498,1.14168202877045
4603,225.547,1.2482578754425
4604,225.596,1.06481683254242
4605,225.645,1.06772637367249
4606,225.694,0.995066046714783
4607,225.743,1.14396059513092
4608,225.792,1.06947886943817
4609,225.841,1.06104302406311
4610,225.89,1.05967354774475
4611,225.939,1.16522562503815
4612,225.988,1.30359065532684
4613,226.037,1.1761382818222
4614,226.086,1.42527878284454
4615,226.135,1.40092945098877
4616,226.184,1.34902715682983
4617,226.233,1.11446213722229
4618,226.282,1.27420330047607
4619,226.331,1.30245852470398
4620,226.38,1.20952522754669
4621,226.429,1.24650907516479
4622,226.478,1.12426745891571
4623,226.527,1.21520256996155
4624,226.576,1.39440155029297
4625,226.625,1.18866527080536
4626,226.674,1.23802947998047
4627,226.723,1.1416562795639
4628,226.772,1.27629148960114
4629,226.821,1.26742100715637
4630,226.87,1.33839213848114
4631,226.919,1.52167117595673
4632,226.968,1.54448211193085
4633,227.017,1.38937330245972
4634,227.066,1.52728843688965
4635,227.115,1.55226361751556
4636,227.164,1.49052917957306
4637,227.213,1.44180965423584
4638,227.262,1.57965207099915
4639,227.311,1.53901374340057
4640,227.36,1.49929332733154
4641,227.409,1.44521260261536
4642,227.458,1.42740333080292
4643,227.507,1.29278540611267
4644,227.556,1.28878331184387
4645,227.605,1.32170855998993
4646,227.654,1.29320788383484
4647,227.703,1.56628096103668
4648,227.752,1.42520785331726
4649,227.801,1.44892466068268
4650,227.85,1.56652688980103
4651,227.899,1.61443197727203
4652,227.948,1.60618722438812
4653,227.997,1.61855912208557
4654,228.046,1.46940743923187
4655,228.095,1.63598453998566
4656,228.144,1.63077211380005
4657,228.193,1.5304936170578
4658,228.242,1.50066125392914
4659,228.291,1.53147375583649
4660,228.34,1.54323756694794
4661,228.389,1.56609606742859
4662,228.438,1.46754825115204
4663,228.487,1.53704535961151
4664,228.536,1.40297365188599
4665,228.585,1.57999408245087
4666,228.634,1.60415303707123
4667,228.683,1.5395827293396
4668,228.732,1.52238178253174
4669,228.781,1.40890789031982
4670,228.83,1.45179283618927
4671,228.879,1.59003841876984
4672,228.928,1.57777321338654
4673,228.977,1.49273633956909
4674,229.026,1.46035718917847
4675,229.075,1.53907811641693
4676,229.124,1.55756282806396
4677,229.173,1.62538528442383
4678,229.222,1.51775002479553
4679,229.271,1.5275661945343
4680,229.32,1.50624942779541
4681,229.369,1.32358038425446
4682,229.418,1.29133379459381
4683,229.467,1.21785604953766
4684,229.516,1.28513824939728
4685,229.565,1.10481941699982
4686,229.614,1.22478246688843
4687,229.663,1.2968430519104
4688,229.712,1.18817400932312
4689,229.761,1.33240568637848
4690,229.81,1.43197894096375
4691,229.859,1.33449375629425
4692,229.908,1.29846286773682
4693,229.957,1.29483020305634
4694,230.006,1.35917866230011
4695,230.055,1.32061421871185
4696,230.104,1.37124407291412
4697,230.153,1.46899616718292
4698,230.202,1.29422271251678
4699,230.251,1.44267594814301
4700,230.3,1.36975121498108
4701,230.349,1.37449705600739
4702,230.398,1.59449768066406
4703,230.447,1.5753607749939
4704,230.496,1.53963434696198
4705,230.545,1.41639375686646
4706,230.594,1.37373900413513
4707,230.643,1.28103530406952
4708,230.692,1.29499125480652
4709,230.741,1.38084483146667
4710,230.79,1.34051764011383
4711,230.839,1.36588287353516
4712,230.888,1.32170736789703
4713,230.937,1.17678344249725
4714,230.986,1.31684017181396
4715,231.035,1.31366717815399
4716,231.084,1.39807939529419
4717,231.133,1.21247136592865
4718,231.182,1.16922414302826
4719,231.231,0.956001222133636
4720,231.28,0.962058782577515
4721,231.329,1.10947632789612
4722,231.378,0.987026572227478
4723,231.427,0.973975598812103
4724,231.476,0.992406904697418
4725,231.525,1.05445623397827
4726,231.574,1.06787467002869
4727,231.623,1.1970374584198
4728,231.672,1.2131621837616
4729,231.721,1.24669253826141
4730,231.77,1.23184454441071
4731,231.819,1.15626358985901
4732,231.868,1.15912806987762
4733,231.917,1.12259566783905
4734,231.966,1.19877099990845
4735,232.015,1.45485353469849
4736,232.064,1.32711923122406
4737,232.113,1.32569599151611
4738,232.162,1.22426784038544
4739,232.211,1.26322627067566
4740,232.26,1.27073609828949
4741,232.309,1.11211454868317
4742,232.358,1.12136363983154
4743,232.407,1.23476195335388
4744,232.456,1.20114493370056
4745,232.505,1.2502920627594
4746,232.554,1.13875424861908
4747,232.603,1.26809108257294
4748,232.652,1.43657577037811
4749,232.701,1.3256858587265
4750,232.75,1.30733144283295
4751,232.799,1.30305063724518
4752,232.848,1.35802972316742
4753,232.897,1.37665224075317
4754,232.946,1.28528547286987
4755,232.995,1.13568079471588
4756,233.044,1.17402827739716
4757,233.093,1.35408961772919
4758,233.142,1.14958536624908
4759,233.191,1.18044137954712
4760,233.24,1.10316133499146
4761,233.289,1.21821177005768
4762,233.338,1.26262581348419
4763,233.387,1.23113715648651
4764,233.436,1.23314487934113
4765,233.485,1.10780215263367
4766,233.534,1.47922563552856
4767,233.583,1.20924592018127
4768,233.632,1.171750664711
4769,233.681,1.21071779727936
4770,233.73,1.1690765619278
4771,233.779,1.14625000953674
4772,233.828,1.15225672721863
4773,233.877,1.4276647567749
4774,233.926,1.31980276107788
4775,233.975,1.28417992591858
4776,234.024,1.23912942409515
4777,234.073,1.16341018676758
4778,234.122,1.16846573352814
4779,234.171,1.08289122581482
4780,234.22,1.33788669109344
4781,234.269,1.2521231174469
4782,234.318,1.31084978580475
4783,234.367,1.18031203746796
4784,234.416,1.21084749698639
4785,234.465,1.2027063369751
4786,234.514,1.26710987091064
4787,234.563,1.30896902084351
4788,234.612,1.36619794368744
4789,234.661,1.29236817359924
4790,234.71,1.4169750213623
4791,234.759,1.31855499744415
4792,234.808,1.24246406555176
4793,234.857,1.31640481948853
4794,234.906,1.16831529140472
4795,234.955,1.18839454650879
4796,235.004,1.34365916252136
4797,235.053,1.226114153862
4798,235.102,1.27351880073547
4799,235.151,1.24549984931946
4800,235.2,1.17132759094238
4801,235.249,1.26153409481049
4802,235.298,1.21415901184082
4803,235.347,1.0160186290741
4804,235.396,1.16186845302582
4805,235.445,1.18783724308014
4806,235.494,1.10672616958618
4807,235.543,1.12554967403412
4808,235.592,1.10244452953339
4809,235.641,1.24361169338226
4810,235.69,1.23392486572266
4811,235.739,1.17427551746368
4812,235.788,1.16327321529388
4813,235.837,1.13493084907532
4814,235.886,1.27919209003448
4815,235.935,1.2634162902832
4816,235.984,1.15904986858368
4817,236.033,1.38437104225159
4818,236.082,1.41790199279785
4819,236.131,1.22245240211487
4820,236.18,1.27803707122803
4821,236.229,1.37275981903076
4822,236.278,1.21678149700165
4823,236.327,1.34586894512177
4824,236.376,1.12916827201843
4825,236.425,1.11197948455811
4826,236.474,1.20887351036072
4827,236.523,1.31523609161377
4828,236.572,1.40584540367126
4829,236.621,1.34231674671173
4830,236.67,1.39117383956909
4831,236.719,1.47622907161713
4832,236.768,1.45884454250336
4833,236.817,1.41299724578857
4834,236.866,1.34114468097687
4835,236.915,1.37447226047516
4836,236.964,1.2670304775238
4837,237.013,1.30918169021606
4838,237.062,1.35862588882446
4839,237.111,1.3262003660202
4840,237.16,1.28025889396667
4841,237.209,1.35643899440765
4842,237.258,1.43359768390656
4843,237.307,1.44859790802002
4844,237.356,1.326003074646
4845,237.405,1.46997630596161
4846,237.454,1.40693533420563
4847,237.503,1.33781278133392
4848,237.552,1.29800546169281
4849,237.601,1.2974716424942
4850,237.65,1.2972195148468
4851,237.699,1.30051934719086
4852,237.748,1.2030907869339
4853,237.797,1.35431027412415
4854,237.846,1.30656385421753
4855,237.895,1.40148055553436
4856,237.944,1.38489806652069
4857,237.993,1.49458599090576
4858,238.042,1.37998747825623
4859,238.091,1.39555859565735
4860,238.14,1.26065254211426
4861,238.189,1.38899397850037
4862,238.238,1.27084791660309
4863,238.287,1.33425199985504
4864,238.336,1.40841329097748
4865,238.385,1.42118740081787
4866,238.434,1.31640315055847
4867,238.483,1.27189755439758
4868,238.532,1.29660534858704
4869,238.581,1.39139342308044
4870,238.63,1.47342503070831
4871,238.679,1.41828608512878
4872,238.728,1.36086761951447
4873,238.777,1.47220182418823
4874,238.826,1.46946597099304
4875,238.875,1.48831856250763
4876,238.924,1.34598171710968
4877,238.973,1.35067236423492
4878,239.022,1.43233633041382
4879,239.071,1.36199426651001
4880,239.12,1.30841040611267
4881,239.169,1.39732098579407
4882,239.218,1.66225361824036
4883,239.267,1.5777930021286
4884,239.316,1.54423129558563
4885,239.365,1.63909554481506
4886,239.414,1.62420094013214
4887,239.463,1.72967493534088
4888,239.512,1.5606392621994
4889,239.561,1.52603566646576
4890,239.61,1.48859202861786
4891,239.659,1.63963854312897
4892,239.708,1.56960213184357
4893,239.757,1.47736346721649
4894,239.806,1.54013228416443
4895,239.855,1.4315242767334
4896,239.904,1.46602785587311
4897,239.953,1.44661056995392
4898,240.002,1.32478737831116
4899,240.051,1.43569302558899
4900,240.1,1.2246778011322
4901,240.149,1.38137209415436
4902,240.198,1.17810440063477
4903,240.247,1.20932769775391
4904,240.296,1.31466448307037
4905,240.345,1.26828742027283
4906,240.394,1.30819070339203
4907,240.443,1.45226180553436
4908,240.492,1.53279376029968
4909,240.541,1.51640439033508
4910,240.59,1.51631116867065
4911,240.639,1.64339542388916
4912,240.688,1.557741522789
4913,240.737,1.55867254734039
4914,240.786,1.35354542732239
4915,240.835,1.38401067256927
4916,240.884,1.35860085487366
4917,240.933,1.40884864330292
4918,240.982,1.46998751163483
4919,241.031,1.47339522838593
4920,241.08,1.40372443199158
4921,241.129,1.35036778450012
4922,241.178,1.31283509731293
4923,241.227,1.31021046638489
4924,241.276,1.20501589775085
4925,241.325,1.1987487077713
4926,241.374,1.20594191551208
4927,241.423,1.40821933746338
4928,241.472,1.32145953178406
4929,241.521,1.33412086963654
4930,241.57,1.20026767253876
4931,241.619,1.28577244281769
4932,241.668,1.37297713756561
4933,241.717,1.36490702629089
4934,241.766,1.43388867378235
4935,241.815,1.38950109481812
4936,241.864,1.4331431388855
4937,241.913,1.48337543010712
4938,241.962,1.44882464408875
4939,242.011,1.63527166843414
4940,242.06,1.59483122825623
4941,242.109,1.68655180931091
4942,242.158,1.56537783145905
4943,242.207,1.71071398258209
4944,242.256,1.75794529914856
4945,242.305,1.70791709423065
4946,242.354,1.61519527435303
4947,242.403,1.54768240451813
4948,242.452,1.53300285339355
4949,242.501,1.58151090145111
4950,242.55,1.47444570064545
4951,242.599,1.73060810565948
4952,242.648,1.57441294193268
4953,242.697,1.44453144073486
4954,242.746,1.47747886180878
4955,242.795,1.46227049827576
4956,242.844,1.41442942619324
4957,242.893,1.38273739814758
4958,242.942,1.26625597476959
4959,242.991,1.39216291904449
4960,243.04,1.23817372322083
4961,243.089,1.32947683334351
4962,243.138,1.2557452917099
4963,243.187,1.30155515670776
4964,243.236,1.21348428726196
4965,243.285,1.31466722488403
4966,243.334,1.0322881937027
4967,243.383,1.12139678001404
4968,243.432,1.2061927318573
4969,243.481,1.18372547626495
4970,243.53,1.23930907249451
4971,243.579,1.22135770320892
4972,243.628,1.1597489118576
4973,243.677,1.22205471992493
4974,243.726,1.21125566959381
4975,243.775,1.28513324260712
4976,243.824,1.24195647239685
4977,243.873,1.20297193527222
4978,243.922,1.17144429683685
4979,243.971,1.23478865623474
4980,244.02,1.10965037345886
4981,244.069,1.23042035102844
4982,244.118,1.21919536590576
4983,244.167,1.16929697990417
4984,244.216,1.34092581272125
4985,244.265,1.28991496562958
4986,244.314,1.20815408229828
4987,244.363,1.32349956035614
4988,244.412,1.13813889026642
4989,244.461,1.4263436794281
4990,244.51,1.35534703731537
4991,244.559,1.1894383430481
4992,244.608,1.21280455589294
4993,244.657,1.20010673999786
4994,244.706,1.27506816387177
