ChainID,Frame,Time,RMSD
A,0,0,0
A,1,0.049,0.507051229476929
A,2,0.098,0.715063095092773
A,3,0.147,0.612992703914642
A,4,0.196,0.547251045703888
A,5,0.245,0.574453115463257
A,6,0.294,0.622486710548401
A,7,0.343,0.628820657730103
A,8,0.392,0.664076149463654
A,9,0.441,0.637844026088715
A,10,0.49,0.666504085063934
A,11,0.539,0.656874418258667
A,12,0.588,0.687888026237488
A,13,0.637,0.746577739715576
A,14,0.686,0.682722568511963
A,15,0.735,0.784874737262726
A,16,0.784,0.770800590515137
A,17,0.833,0.756493628025055
A,18,0.882,0.696808338165283
A,19,0.931,0.748021721839905
A,20,0.98,0.746627271175385
A,21,1.029,0.715477108955383
A,22,1.078,0.656196177005768
A,23,1.127,0.701320469379425
A,24,1.176,0.768612742424011
A,25,1.225,0.69617760181427
A,26,1.274,0.767878353595734
A,27,1.323,0.717740535736084
A,28,1.372,0.782955527305603
A,29,1.421,0.876253545284271
A,30,1.47,0.890107870101929
A,31,1.519,0.849791347980499
A,32,1.568,0.821858823299408
A,33,1.617,0.848796844482422
A,34,1.666,0.642653226852417
A,35,1.715,0.789164483547211
A,36,1.764,0.699406385421753
A,37,1.813,0.697723746299744
A,38,1.862,0.688752114772797
A,39,1.911,0.671583414077759
A,40,1.96,0.671766102313995
A,41,2.009,0.828249335289001
A,42,2.058,0.980451703071594
A,43,2.107,1.03032279014587
A,44,2.156,0.977802872657776
A,45,2.205,0.807595610618591
A,46,2.254,0.745318949222565
A,47,2.303,0.730809688568115
A,48,2.352,0.791887879371643
A,49,2.401,0.795781314373016
A,50,2.45,0.757547855377197
A,51,2.499,0.840347290039062
A,52,2.548,0.725851237773895
A,53,2.597,0.686151623725891
A,54,2.646,0.690466523170471
A,55,2.695,0.584713339805603
A,56,2.744,0.690929651260376
A,57,2.793,0.682593882083893
A,58,2.842,0.796223342418671
A,59,2.891,0.779575705528259
A,60,2.94,0.752666592597961
A,61,2.989,0.835795700550079
A,62,3.038,0.89818012714386
A,63,3.087,0.819390475749969
A,64,3.136,0.807593584060669
A,65,3.185,0.798425853252411
A,66,3.234,0.729546189308167
A,67,3.283,0.838268578052521
A,68,3.332,0.91562432050705
A,69,3.381,0.878093540668488
A,70,3.43,0.816450655460358
A,71,3.479,0.803713321685791
A,72,3.528,0.709919929504395
A,73,3.577,0.830522179603577
A,74,3.626,0.893647789955139
A,75,3.675,0.854388236999512
A,76,3.724,0.83860319852829
A,77,3.773,0.832637012004852
A,78,3.822,0.742120981216431
A,79,3.871,0.718013107776642
A,80,3.92,0.814192056655884
A,81,3.969,1.02311563491821
A,82,4.018,0.913589596748352
A,83,4.067,0.738957345485687
A,84,4.116,0.963490664958954
A,85,4.165,0.862080037593842
A,86,4.214,0.742550432682037
A,87,4.263,0.797465145587921
A,88,4.312,0.702738344669342
A,89,4.361,0.72583931684494
A,90,4.41,0.760558068752289
A,91,4.459,0.852326095104218
A,92,4.508,0.867002606391907
A,93,4.557,0.836921274662018
A,94,4.606,0.744378089904785
A,95,4.655,0.763138592243195
A,96,4.704,0.803581297397614
A,97,4.753,0.796584904193878
A,98,4.802,0.76051926612854
A,99,4.851,0.888334572315216
A,100,4.9,0.671022653579712
A,101,4.949,0.755963087081909
A,102,4.998,0.829787194728851
A,103,5.047,0.694292783737183
A,104,5.096,0.682927846908569
A,105,5.145,0.83689820766449
A,106,5.194,0.812607884407043
A,107,5.243,0.840603232383728
A,108,5.292,0.774520874023438
A,109,5.341,0.882528305053711
A,110,5.39,0.864357829093933
A,111,5.439,0.810671865940094
A,112,5.488,0.840431690216064
A,113,5.537,0.815679430961609
A,114,5.586,0.898993313312531
A,115,5.635,0.793047726154327
A,116,5.684,0.790094196796417
A,117,5.733,0.700978934764862
A,118,5.782,0.828406691551208
A,119,5.831,0.842189252376556
A,120,5.88,0.76007354259491
A,121,5.929,0.762627840042114
A,122,5.978,0.777674436569214
A,123,6.027,0.827767670154572
A,124,6.076,0.81154191493988
A,125,6.125,0.841045141220093
A,126,6.174,0.873445332050323
A,127,6.223,0.88088321685791
A,128,6.272,0.78979229927063
A,129,6.321,0.944815814495087
A,130,6.37,0.993034482002258
A,131,6.419,0.766629576683044
A,132,6.468,0.817394435405731
A,133,6.517,0.815402925014496
A,134,6.566,0.879459202289581
A,135,6.615,0.74293041229248
A,136,6.664,0.801715970039368
A,137,6.713,0.755590558052063
A,138,6.762,0.881253182888031
A,139,6.811,0.83477771282196
A,140,6.86,0.896470606327057
A,141,6.909,0.777835726737976
A,142,6.958,0.84182071685791
A,143,7.007,0.821447968482971
A,144,7.056,0.769772410392761
A,145,7.105,0.617938220500946
A,146,7.154,0.698407232761383
A,147,7.203,0.809103429317474
A,148,7.252,0.817610561847687
A,149,7.301,0.86268424987793
A,150,7.35,0.827747166156769
A,151,7.399,0.961439251899719
A,152,7.448,0.855825781822205
A,153,7.497,1.05062568187714
A,154,7.546,0.728342592716217
A,155,7.595,0.719241261482239
A,156,7.644,0.812345445156097
A,157,7.693,0.829684734344482
A,158,7.742,0.925585806369781
A,159,7.791,0.85695880651474
A,160,7.84,0.83490252494812
A,161,7.889,0.910756886005402
A,162,7.938,0.804228484630585
A,163,7.987,0.821476697921753
A,164,8.036,0.883431494235992
A,165,8.085,0.839879930019379
A,166,8.134,0.87236762046814
A,167,8.183,0.845012187957764
A,168,8.232,0.846632897853851
A,169,8.281,0.83629310131073
A,170,8.33,0.893375813961029
A,171,8.379,0.830470502376556
A,172,8.428,0.87471866607666
A,173,8.477,0.896979987621307
A,174,8.526,0.920306742191315
A,175,8.575,0.937689423561096
A,176,8.624,0.831192135810852
A,177,8.673,0.875378429889679
A,178,8.722,0.800347983837128
A,179,8.771,0.783141613006592
A,180,8.82,0.59742283821106
A,181,8.869,0.738595306873322
A,182,8.918,0.75382000207901
A,183,8.967,0.824960172176361
A,184,9.016,0.828168928623199
A,185,9.065,0.737995982170105
A,186,9.114,0.79238086938858
A,187,9.163,0.756852984428406
A,188,9.212,0.830507099628448
A,189,9.261,0.853393614292145
A,190,9.31,0.836286604404449
A,191,9.359,1.03719222545624
A,192,9.408,1.0016462802887
A,193,9.457,1.1812664270401
A,194,9.506,1.17887210845947
A,195,9.555,1.09634733200073
A,196,9.604,1.01332259178162
A,197,9.653,0.973794162273407
A,198,9.702,0.792199969291687
A,199,9.751,0.72282212972641
A,200,9.8,0.683347523212433
A,201,9.849,0.781106650829315
A,202,9.898,0.64716762304306
A,203,9.947,0.910774111747742
A,204,9.996,0.753441333770752
A,205,10.045,0.93843674659729
A,206,10.094,0.72783637046814
A,207,10.143,0.833498299121857
A,208,10.192,0.780291318893433
A,209,10.241,0.676680624485016
A,210,10.29,0.749050319194794
A,211,10.339,0.786211609840393
A,212,10.388,0.831078886985779
A,213,10.437,0.81543380022049
A,214,10.486,0.810223996639252
A,215,10.535,0.786590158939362
A,216,10.584,0.839225351810455
A,217,10.633,0.865176260471344
A,218,10.682,0.804422736167908
A,219,10.731,0.817894041538239
A,220,10.78,0.758225381374359
A,221,10.829,0.670620501041412
A,222,10.878,0.654702126979828
A,223,10.927,0.726166784763336
A,224,10.976,0.628965556621552
A,225,11.025,0.541241407394409
A,226,11.074,0.679801464080811
A,227,11.123,0.682677388191223
A,228,11.172,0.738196969032288
A,229,11.221,0.601490497589111
A,230,11.27,0.720137655735016
A,231,11.319,0.771804690361023
A,232,11.368,0.656071066856384
A,233,11.417,0.658953845500946
A,234,11.466,0.729548454284668
A,235,11.515,0.58452183008194
A,236,11.564,0.693585872650146
A,237,11.613,0.654872834682465
A,238,11.662,0.620335340499878
A,239,11.711,0.66171795129776
A,240,11.76,0.724018216133118
A,241,11.809,0.681087970733643
A,242,11.858,0.737924158573151
A,243,11.907,0.776748895645142
A,244,11.956,0.885553896427155
A,245,12.005,0.760594666004181
A,246,12.054,0.636960864067078
A,247,12.103,0.674811720848083
A,248,12.152,0.757902801036835
A,249,12.201,0.721941530704498
A,250,12.25,0.741906583309174
A,251,12.299,0.664943397045135
A,252,12.348,0.663659274578094
A,253,12.397,0.655294835567474
A,254,12.446,0.626895487308502
A,255,12.495,0.704128205776215
A,256,12.544,0.65963488817215
A,257,12.593,0.684720873832703
A,258,12.642,0.876658022403717
A,259,12.691,0.74407297372818
A,260,12.74,0.708855926990509
A,261,12.789,0.805532515048981
A,262,12.838,0.775641441345215
A,263,12.887,0.856187403202057
A,264,12.936,0.878884136676788
A,265,12.985,0.797251343727112
A,266,13.034,0.784761369228363
A,267,13.083,0.676450371742249
A,268,13.132,0.598180532455444
A,269,13.181,0.614480972290039
A,270,13.23,0.72947096824646
A,271,13.279,0.640222787857056
A,272,13.328,0.641096591949463
A,273,13.377,0.663625657558441
A,274,13.426,0.661536514759064
A,275,13.475,0.574820756912231
A,276,13.524,0.553892374038696
A,277,13.573,0.667760252952576
A,278,13.622,0.708170294761658
A,279,13.671,0.677857160568237
A,280,13.72,0.648346841335297
A,281,13.769,0.668642699718475
A,282,13.818,0.792870998382568
A,283,13.867,0.687405705451965
A,284,13.916,0.760653614997864
A,285,13.965,0.654757976531982
A,286,14.014,0.744792878627777
A,287,14.063,0.633477926254272
A,288,14.112,0.631412982940674
A,289,14.161,0.650707840919495
A,290,14.21,0.65396636724472
A,291,14.259,0.684695184230804
A,292,14.308,0.682805716991425
A,293,14.357,0.683233737945557
A,294,14.406,0.620142042636871
A,295,14.455,0.66255909204483
A,296,14.504,0.669992208480835
A,297,14.553,0.633855402469635
A,298,14.602,0.659485697746277
A,299,14.651,0.659168243408203
A,300,14.7,0.68060827255249
A,301,14.749,0.700937628746033
A,302,14.798,0.658470511436462
A,303,14.847,0.684886574745178
A,304,14.896,0.681558549404144
A,305,14.945,0.687281966209412
A,306,14.994,0.707385003566742
A,307,15.043,0.769088685512543
A,308,15.092,0.720046401023865
A,309,15.141,0.715096235275269
A,310,15.19,0.74127459526062
A,311,15.239,0.643930733203888
A,312,15.288,0.671640038490295
A,313,15.337,0.609997868537903
A,314,15.386,0.76296466588974
A,315,15.435,0.658234357833862
A,316,15.484,0.835603713989258
A,317,15.533,0.696104228496552
A,318,15.582,0.806046664714813
A,319,15.631,0.824219048023224
A,320,15.68,0.830050110816956
A,321,15.729,0.973998308181763
A,322,15.778,0.863450229167938
A,323,15.827,0.848779499530792
A,324,15.876,0.726969182491302
A,325,15.925,0.777499079704285
A,326,15.974,0.749943494796753
A,327,16.023,0.695493221282959
A,328,16.072,0.776911735534668
A,329,16.121,0.79955929517746
A,330,16.17,0.764082670211792
A,331,16.219,0.650627493858337
A,332,16.268,0.612980246543884
A,333,16.317,0.672948956489563
A,334,16.366,0.59388542175293
A,335,16.415,0.507284224033356
A,336,16.464,0.662941336631775
A,337,16.513,0.642049908638
A,338,16.562,0.686027407646179
A,339,16.611,0.604497969150543
A,340,16.66,0.675874352455139
A,341,16.709,0.677246689796448
A,342,16.758,0.579494953155518
A,343,16.807,0.558719515800476
A,344,16.856,0.523078918457031
A,345,16.905,0.552749574184418
A,346,16.954,0.786364018917084
A,347,17.003,0.744773805141449
A,348,17.052,0.792570352554321
A,349,17.101,0.788387417793274
A,350,17.15,0.790508508682251
A,351,17.199,0.953359544277191
A,352,17.248,0.798613548278809
A,353,17.297,0.827089846134186
A,354,17.346,0.740971922874451
A,355,17.395,0.893861889839172
A,356,17.444,1.07422208786011
A,357,17.493,0.889910459518433
A,358,17.542,0.875552177429199
A,359,17.591,0.968880236148834
A,360,17.64,0.87809032201767
A,361,17.689,1.02896332740784
A,362,17.738,0.781594693660736
A,363,17.787,0.811400353908539
A,364,17.836,0.781246244907379
A,365,17.885,0.793992221355438
A,366,17.934,0.771761119365692
A,367,17.983,0.708068132400513
A,368,18.032,0.680313289165497
A,369,18.081,0.66288685798645
A,370,18.13,0.831869661808014
A,371,18.179,0.859101176261902
A,372,18.228,0.850275993347168
A,373,18.277,0.892890930175781
A,374,18.326,0.921083092689514
A,375,18.375,0.771879911422729
A,376,18.424,0.759750127792358
A,377,18.473,0.82697856426239
A,378,18.522,0.976304054260254
A,379,18.571,0.936619997024536
A,380,18.62,0.774112820625305
A,381,18.669,0.782567620277405
A,382,18.718,0.769313871860504
A,383,18.767,0.654913723468781
A,384,18.816,0.814907670021057
A,385,18.865,0.833761811256409
A,386,18.914,0.766687870025635
A,387,18.963,0.63785457611084
A,388,19.012,0.605214178562164
A,389,19.061,0.68284147977829
A,390,19.11,0.684428751468658
A,391,19.159,0.719800412654877
A,392,19.208,0.711041748523712
A,393,19.257,0.767147481441498
A,394,19.306,0.730730891227722
A,395,19.355,0.847465991973877
A,396,19.404,0.784577012062073
A,397,19.453,0.854273676872253
A,398,19.502,0.793319582939148
A,399,19.551,0.708160698413849
A,400,19.6,0.877730488777161
A,401,19.649,0.781428039073944
A,402,19.698,0.717557668685913
A,403,19.747,0.651015043258667
A,404,19.796,0.628227353096008
A,405,19.845,0.682664811611176
A,406,19.894,0.697271287441254
A,407,19.943,0.729145228862762
A,408,19.992,0.719050824642181
A,409,20.041,0.652379035949707
A,410,20.09,0.670496940612793
A,411,20.139,0.716047704219818
A,412,20.188,0.710503101348877
A,413,20.237,0.61178731918335
A,414,20.286,0.644266545772552
A,415,20.335,0.755619049072266
A,416,20.384,0.758342146873474
A,417,20.433,0.70552396774292
A,418,20.482,0.725590944290161
A,419,20.531,0.553853750228882
A,420,20.58,0.74216240644455
A,421,20.629,0.679814875125885
A,422,20.678,0.665011763572693
A,423,20.727,0.657972872257233
A,424,20.776,0.555573165416718
A,425,20.825,0.629071116447449
A,426,20.874,0.678749859333038
A,427,20.923,0.683698534965515
A,428,20.972,0.664376735687256
A,429,21.021,0.583918869495392
A,430,21.07,0.616630077362061
A,431,21.119,0.536107420921326
A,432,21.168,0.727705359458923
A,433,21.217,0.723662078380585
A,434,21.266,0.647074222564697
A,435,21.315,0.664693236351013
A,436,21.364,0.64963161945343
A,437,21.413,0.738095700740814
A,438,21.462,0.74963390827179
A,439,21.511,0.750419914722443
A,440,21.56,0.673870980739594
A,441,21.609,0.690333902835846
A,442,21.658,0.625453114509583
A,443,21.707,0.636250257492065
A,444,21.756,0.640652596950531
A,445,21.805,0.638734579086304
A,446,21.854,0.686233043670654
A,447,21.903,0.7516028881073
A,448,21.952,0.777983784675598
A,449,22.001,0.726059973239899
A,450,22.05,0.694340407848358
A,451,22.099,0.859391748905182
A,452,22.148,0.95116925239563
A,453,22.197,0.826956450939178
A,454,22.246,0.778429687023163
A,455,22.295,0.73820835351944
A,456,22.344,0.69886326789856
A,457,22.393,0.792836666107178
A,458,22.442,0.914737701416016
A,459,22.491,0.805711030960083
A,460,22.54,0.773686110973358
A,461,22.589,0.733829319477081
A,462,22.638,0.896180212497711
A,463,22.687,0.938353955745697
A,464,22.736,0.698975026607513
A,465,22.785,0.717365503311157
A,466,22.834,0.761551797389984
A,467,22.883,0.660039067268372
A,468,22.932,0.674544751644135
A,469,22.981,0.584357440471649
A,470,23.03,0.667865395545959
A,471,23.079,0.750136137008667
A,472,23.128,0.68525892496109
A,473,23.177,0.662958741188049
A,474,23.226,0.657148241996765
A,475,23.275,0.769326567649841
A,476,23.324,0.752945125102997
A,477,23.373,0.814622700214386
A,478,23.422,0.737063467502594
A,479,23.471,0.767368674278259
A,480,23.52,0.714449465274811
A,481,23.569,0.800040900707245
A,482,23.618,0.885146975517273
A,483,23.667,0.743675768375397
A,484,23.716,0.686299204826355
A,485,23.765,0.690587162971497
A,486,23.814,0.733165800571442
A,487,23.863,0.736375033855438
A,488,23.912,0.820614159107208
A,489,23.961,0.790697157382965
A,490,24.01,0.790905594825745
A,491,24.059,0.824887156486511
A,492,24.108,0.855758249759674
A,493,24.157,0.712862551212311
A,494,24.206,0.704292118549347
A,495,24.255,0.76284259557724
A,496,24.304,0.912611901760101
A,497,24.353,0.830925583839417
A,498,24.402,0.836094856262207
A,499,24.451,0.740258038043976
A,500,24.5,0.647440671920776
A,501,24.549,0.779263854026794
A,502,24.598,0.709371328353882
A,503,24.647,0.818861126899719
A,504,24.696,0.919702112674713
A,505,24.745,0.792553067207336
A,506,24.794,0.89294844865799
A,507,24.843,0.952273488044739
A,508,24.892,0.789449870586395
A,509,24.941,0.752747416496277
A,510,24.99,0.721813142299652
A,511,25.039,0.876473009586334
A,512,25.088,0.884409427642822
A,513,25.137,0.741483390331268
A,514,25.186,0.767499625682831
A,515,25.235,0.732389211654663
A,516,25.284,0.666407942771912
A,517,25.333,0.706008851528168
A,518,25.382,0.662672996520996
A,519,25.431,0.661144196987152
A,520,25.48,0.66584175825119
A,521,25.529,0.722749888896942
A,522,25.578,0.702107489109039
A,523,25.627,0.752294361591339
A,524,25.676,0.755335927009583
A,525,25.725,0.841109454631805
A,526,25.774,0.791139662265778
A,527,25.823,0.743903815746307
A,528,25.872,0.713044226169586
A,529,25.921,0.7170290350914
A,530,25.97,0.77908581495285
A,531,26.019,0.653221905231476
A,532,26.068,0.726557672023773
A,533,26.117,0.773506104946136
A,534,26.166,0.782169759273529
A,535,26.215,0.725382506847382
A,536,26.264,0.813739955425262
A,537,26.313,0.667123556137085
A,538,26.362,0.648625075817108
A,539,26.411,0.705090224742889
A,540,26.46,0.708822071552277
A,541,26.509,0.877074658870697
A,542,26.558,0.827037513256073
A,543,26.607,0.755634903907776
A,544,26.656,0.647086143493652
A,545,26.705,0.61623078584671
A,546,26.754,0.704379856586456
A,547,26.803,0.767538845539093
A,548,26.852,0.812113583087921
A,549,26.901,0.59777969121933
A,550,26.95,0.616906404495239
A,551,26.999,0.588476598262787
A,552,27.048,0.639636099338531
A,553,27.097,0.645072042942047
A,554,27.146,0.609616935253143
A,555,27.195,0.695283830165863
A,556,27.244,0.674177467823029
A,557,27.293,0.651739120483398
A,558,27.342,0.805764317512512
A,559,27.391,0.612841010093689
A,560,27.44,0.63375461101532
A,561,27.489,0.635425925254822
A,562,27.538,0.674524962902069
A,563,27.587,0.714245975017548
A,564,27.636,0.771178543567657
A,565,27.685,0.752395331859589
A,566,27.734,0.615692794322968
A,567,27.783,0.720887899398804
A,568,27.832,0.669666826725006
A,569,27.881,0.562769412994385
A,570,27.93,0.723292469978333
A,571,27.979,0.731760621070862
A,572,28.028,0.630041599273682
A,573,28.077,0.650137424468994
A,574,28.126,0.715652108192444
A,575,28.175,0.709946691989899
A,576,28.224,0.848778069019318
A,577,28.273,0.894016563892365
A,578,28.322,0.9167760014534
A,579,28.371,0.69925594329834
A,580,28.42,0.82031124830246
A,581,28.469,0.712257981300354
A,582,28.518,0.781822562217712
A,583,28.567,0.754376888275146
A,584,28.616,0.625550210475922
A,585,28.665,0.633406579494476
A,586,28.714,0.65882396697998
A,587,28.763,0.638384282588959
A,588,28.812,0.792732894420624
A,589,28.861,0.84285831451416
A,590,28.91,0.817454218864441
A,591,28.959,0.66394430398941
A,592,29.008,0.76410186290741
A,593,29.057,0.726451456546783
A,594,29.106,0.621705889701843
A,595,29.155,0.700506567955017
A,596,29.204,0.758821606636047
A,597,29.253,0.653867959976196
A,598,29.302,0.656578600406647
A,599,29.351,0.679382979869843
A,600,29.4,0.760241150856018
A,601,29.449,0.672763288021088
A,602,29.498,0.624370098114014
A,603,29.547,0.684295654296875
A,604,29.596,0.774539649486542
A,605,29.645,0.678592562675476
A,606,29.694,0.714332580566406
A,607,29.743,0.620869755744934
A,608,29.792,0.703400313854218
A,609,29.841,0.616026520729065
A,610,29.89,0.636732637882233
A,611,29.939,0.759359002113342
A,612,29.988,0.728378891944885
A,613,30.037,0.630940556526184
A,614,30.086,0.624394595623016
A,615,30.135,0.695702195167542
A,616,30.184,0.624101758003235
A,617,30.233,0.685983657836914
A,618,30.282,0.720024406909943
A,619,30.331,0.66267329454422
A,620,30.38,0.587099254131317
A,621,30.429,0.590652287006378
A,622,30.478,0.581364870071411
A,623,30.527,0.623209297657013
A,624,30.576,0.600953698158264
A,625,30.625,0.718532681465149
A,626,30.674,0.717369735240936
A,627,30.723,0.640906035900116
A,628,30.772,0.522457420825958
A,629,30.821,0.703216731548309
A,630,30.87,0.738259971141815
A,631,30.919,0.662926852703094
A,632,30.968,0.766230165958405
A,633,31.017,0.783345758914948
A,634,31.066,0.828876137733459
A,635,31.115,0.653634428977966
A,636,31.164,0.733205735683441
A,637,31.213,0.592239856719971
A,638,31.262,0.826540470123291
A,639,31.311,0.60976505279541
A,640,31.36,0.687183201313019
A,641,31.409,0.66206282377243
A,642,31.458,0.687616527080536
A,643,31.507,0.714666247367859
A,644,31.556,0.665828824043274
A,645,31.605,0.754609763622284
A,646,31.654,0.720647752285004
A,647,31.703,0.682234227657318
A,648,31.752,0.864586710929871
A,649,31.801,0.762112259864807
A,650,31.85,0.942865133285522
A,651,31.899,0.890952885150909
A,652,31.948,0.760454118251801
A,653,31.997,0.773469150066376
A,654,32.046,0.740040063858032
A,655,32.095,0.874956071376801
A,656,32.144,0.791929841041565
A,657,32.193,0.969605207443237
A,658,32.242,0.904030859470367
A,659,32.291,0.701909780502319
A,660,32.34,0.721098959445953
A,661,32.389,0.601112723350525
A,662,32.438,0.733318209648132
A,663,32.487,0.70526510477066
A,664,32.536,0.854624807834625
A,665,32.585,0.718018412590027
A,666,32.634,0.797453045845032
A,667,32.683,0.747235596179962
A,668,32.732,0.675439774990082
A,669,32.781,0.763004243373871
A,670,32.83,0.780331909656525
A,671,32.879,0.850615322589874
A,672,32.928,0.93317574262619
A,673,32.977,0.972704946994781
A,674,33.026,0.867022812366486
A,675,33.075,0.793458759784698
A,676,33.124,0.749774277210236
A,677,33.173,0.68289989233017
A,678,33.222,0.768317580223083
A,679,33.271,0.68471747636795
A,680,33.32,0.645495116710663
A,681,33.369,0.819525301456451
A,682,33.418,0.69761073589325
A,683,33.467,0.861981391906738
A,684,33.516,0.760191202163696
A,685,33.565,0.804661631584167
A,686,33.614,0.784104287624359
A,687,33.663,0.752069234848022
A,688,33.712,0.824409961700439
A,689,33.761,0.735552489757538
A,690,33.81,0.858815014362335
A,691,33.859,0.855428874492645
A,692,33.908,0.87513941526413
A,693,33.957,0.706595122814178
A,694,34.006,0.69073623418808
A,695,34.055,0.885245025157928
A,696,34.104,0.836518168449402
A,697,34.153,0.799257695674896
A,698,34.202,0.838348090648651
A,699,34.251,0.838428974151611
A,700,34.3,0.679164409637451
A,701,34.349,0.733307182788849
A,702,34.398,0.781645238399506
A,703,34.447,0.846414804458618
A,704,34.496,0.793676674365997
A,705,34.545,0.792927384376526
A,706,34.594,0.810137331485748
A,707,34.643,0.79847264289856
A,708,34.692,0.819701254367828
A,709,34.741,0.735170900821686
A,710,34.79,0.923194050788879
A,711,34.839,0.899487733840942
A,712,34.888,0.916306555271149
A,713,34.937,0.893430411815643
A,714,34.986,0.808961629867554
A,715,35.035,0.8108771443367
A,716,35.084,0.886415600776672
A,717,35.133,0.813924431800842
A,718,35.182,0.859390556812286
A,719,35.231,0.785382509231567
A,720,35.28,0.787107646465302
A,721,35.329,0.772286117076874
A,722,35.378,0.926627993583679
A,723,35.427,0.790464580059052
A,724,35.476,0.783832371234894
A,725,35.525,0.776172459125519
A,726,35.574,0.692936420440674
A,727,35.623,0.696263313293457
A,728,35.672,0.803925335407257
A,729,35.721,0.8575679063797
A,730,35.77,0.848208427429199
A,731,35.819,0.782214522361755
A,732,35.868,0.749217391014099
A,733,35.917,0.670520663261414
A,734,35.966,0.64377623796463
A,735,36.015,0.754264891147614
A,736,36.064,0.825986564159393
A,737,36.113,0.68618506193161
A,738,36.162,0.82169646024704
A,739,36.211,0.66364598274231
A,740,36.26,0.621395349502563
A,741,36.309,0.637772262096405
A,742,36.358,0.71203601360321
A,743,36.407,0.742062151432037
A,744,36.456,0.673930406570435
A,745,36.505,0.649323582649231
A,746,36.554,0.8679159283638
A,747,36.603,0.738483607769012
A,748,36.652,0.875094175338745
A,749,36.701,0.771654427051544
A,750,36.75,0.668698132038116
A,751,36.799,0.693412661552429
A,752,36.848,0.799204587936401
A,753,36.897,0.725830912590027
A,754,36.946,0.764865159988403
A,755,36.995,0.685317635536194
A,756,37.044,0.643999516963959
A,757,37.093,0.667761504650116
A,758,37.142,0.672467410564423
A,759,37.191,0.689172744750977
A,760,37.24,0.737622678279877
A,761,37.289,0.668974816799164
A,762,37.338,0.651068866252899
A,763,37.387,0.68457967042923
A,764,37.436,0.711314737796783
A,765,37.485,0.790284276008606
A,766,37.534,0.727346360683441
A,767,37.583,0.761244535446167
A,768,37.632,0.811965227127075
A,769,37.681,0.820122480392456
A,770,37.73,0.743488252162933
A,771,37.779,0.779438078403473
A,772,37.828,0.960558593273163
A,773,37.877,0.755961775779724
A,774,37.926,0.783602476119995
A,775,37.975,0.698330044746399
A,776,38.024,0.695818185806274
A,777,38.073,0.721388041973114
A,778,38.122,0.795332968235016
A,779,38.171,0.701443195343018
A,780,38.22,0.791806638240814
A,781,38.269,0.853661894798279
A,782,38.318,0.875598073005676
A,783,38.367,0.939198434352875
A,784,38.416,0.95095556974411
A,785,38.465,0.817062199115753
A,786,38.514,0.816530108451843
A,787,38.563,0.682762801647186
A,788,38.612,0.71367359161377
A,789,38.661,0.757350385189056
A,790,38.71,0.797013700008392
A,791,38.759,0.834576070308685
A,792,38.808,0.915357172489166
A,793,38.857,0.828548729419708
A,794,38.906,0.853972136974335
A,795,38.955,0.894273340702057
A,796,39.004,0.871515691280365
A,797,39.053,0.872247397899628
A,798,39.102,0.972552418708801
A,799,39.151,0.976136147975922
A,800,39.2,0.969944357872009
A,801,39.249,1.05529522895813
A,802,39.298,0.907369911670685
A,803,39.347,0.874234318733215
A,804,39.396,0.817098021507263
A,805,39.445,0.645328462123871
A,806,39.494,0.785333037376404
A,807,39.543,0.774386703968048
A,808,39.592,0.765978991985321
A,809,39.641,0.76493889093399
A,810,39.69,0.768085777759552
A,811,39.739,0.763718962669373
A,812,39.788,0.716498613357544
A,813,39.837,0.660316467285156
A,814,39.886,0.712589144706726
A,815,39.935,0.712368607521057
A,816,39.984,0.667190670967102
A,817,40.033,0.716513991355896
A,818,40.082,0.592492938041687
A,819,40.131,0.670110762119293
A,820,40.18,0.652612090110779
A,821,40.229,0.65711772441864
A,822,40.278,0.671095490455627
A,823,40.327,0.835301518440247
A,824,40.376,0.780888140201569
A,825,40.425,0.721634387969971
A,826,40.474,0.859234690666199
A,827,40.523,0.76869797706604
A,828,40.572,0.867387592792511
A,829,40.621,0.771876871585846
A,830,40.67,0.891505360603333
A,831,40.719,0.952044427394867
A,832,40.768,0.83230447769165
A,833,40.817,0.684111833572388
A,834,40.866,0.836004555225372
A,835,40.915,0.849685728549957
A,836,40.964,0.768271327018738
A,837,41.013,0.784186840057373
A,838,41.062,0.608540296554565
A,839,41.111,0.670469760894775
A,840,41.16,0.666064023971558
A,841,41.209,0.726183295249939
A,842,41.258,0.68101978302002
A,843,41.307,0.59702455997467
A,844,41.356,0.600003302097321
A,845,41.405,0.678614020347595
A,846,41.454,0.600262820720673
A,847,41.503,0.67342072725296
A,848,41.552,0.782498061656952
A,849,41.601,0.694245874881744
A,850,41.65,0.621503293514252
A,851,41.699,0.708491206169128
A,852,41.748,0.641823530197144
A,853,41.797,0.63379579782486
A,854,41.846,0.598328232765198
A,855,41.895,0.557076990604401
A,856,41.944,0.572590947151184
A,857,41.993,0.698037922382355
A,858,42.042,0.658816277980804
A,859,42.091,0.695950627326965
A,860,42.14,0.652672708034515
A,861,42.189,0.773387968540192
A,862,42.238,0.702509522438049
A,863,42.287,0.769838869571686
A,864,42.336,0.826091766357422
A,865,42.385,0.853544354438782
A,866,42.434,0.846651792526245
A,867,42.483,0.801923811435699
A,868,42.532,0.723226606845856
A,869,42.581,0.744477152824402
A,870,42.63,0.703910827636719
A,871,42.679,0.666175663471222
A,872,42.728,0.600690901279449
A,873,42.777,0.698037326335907
A,874,42.826,0.798526525497437
A,875,42.875,0.728561460971832
A,876,42.924,0.885764896869659
A,877,42.973,0.821792125701904
A,878,43.022,0.811403870582581
A,879,43.071,0.716444969177246
A,880,43.12,0.643245041370392
A,881,43.169,0.749069035053253
A,882,43.218,0.730795741081238
A,883,43.267,0.84178763628006
A,884,43.316,0.79047554731369
A,885,43.365,0.879350543022156
A,886,43.414,0.850368738174438
A,887,43.463,0.769595205783844
A,888,43.512,0.836324393749237
A,889,43.561,0.80330616235733
A,890,43.61,0.802586734294891
A,891,43.659,0.886002421379089
A,892,43.708,0.773880839347839
A,893,43.757,0.693991184234619
A,894,43.806,0.769910871982574
A,895,43.855,0.75644838809967
A,896,43.904,0.811098396778107
A,897,43.953,0.707262933254242
A,898,44.002,0.877185642719269
A,899,44.051,0.758373260498047
A,900,44.1,0.843676328659058
A,901,44.149,0.87261974811554
A,902,44.198,0.829517245292664
A,903,44.247,0.801751375198364
A,904,44.296,0.929142892360687
A,905,44.345,0.809422969818115
A,906,44.394,1.12123954296112
A,907,44.443,1.12097239494324
A,908,44.492,1.02879226207733
A,909,44.541,0.92264062166214
A,910,44.59,0.904920160770416
A,911,44.639,0.789899289608002
A,912,44.688,0.821292340755463
A,913,44.737,0.766984343528748
A,914,44.786,0.718150913715363
A,915,44.835,0.739392995834351
A,916,44.884,0.76446670293808
A,917,44.933,0.581100583076477
A,918,44.982,0.746883988380432
A,919,45.031,0.877714335918427
A,920,45.08,0.838454067707062
A,921,45.129,0.793946266174316
A,922,45.178,0.739184021949768
A,923,45.227,0.75931304693222
A,924,45.276,0.816755414009094
A,925,45.325,0.734308063983917
A,926,45.374,0.762442350387573
A,927,45.423,0.808471500873566
A,928,45.472,0.867121398448944
A,929,45.521,0.817691087722778
A,930,45.57,0.732677340507507
A,931,45.619,0.620080471038818
A,932,45.668,0.703731775283813
A,933,45.717,0.681930303573608
A,934,45.766,0.776281535625458
A,935,45.815,0.708471715450287
A,936,45.864,0.813373565673828
A,937,45.913,0.834805011749268
A,938,45.962,0.799453020095825
A,939,46.011,0.814842879772186
A,940,46.06,0.853724658489227
A,941,46.109,0.965569913387299
A,942,46.158,0.852044761180878
A,943,46.207,0.756784856319427
A,944,46.256,0.764248013496399
A,945,46.305,0.692311346530914
A,946,46.354,0.769502341747284
A,947,46.403,0.782206952571869
A,948,46.452,0.728135883808136
A,949,46.501,0.770997047424316
A,950,46.55,0.730151474475861
A,951,46.599,0.789644062519073
A,952,46.648,0.731817603111267
A,953,46.697,0.728051960468292
A,954,46.746,0.841132402420044
A,955,46.795,0.694651901721954
A,956,46.844,0.66292679309845
A,957,46.893,0.756337642669678
A,958,46.942,0.789588689804077
A,959,46.991,0.674623012542725
A,960,47.04,0.588609278202057
A,961,47.089,0.757363677024841
A,962,47.138,0.649922609329224
A,963,47.187,0.764326751232147
A,964,47.236,0.829023420810699
A,965,47.285,0.683770835399628
A,966,47.334,0.664692103862762
A,967,47.383,0.774130165576935
A,968,47.432,0.707484424114227
A,969,47.481,0.878168761730194
A,970,47.53,0.678053975105286
A,971,47.579,0.81337434053421
A,972,47.628,0.756852149963379
A,973,47.677,0.682176351547241
A,974,47.726,0.63426661491394
A,975,47.775,0.772107481956482
A,976,47.824,0.701479196548462
A,977,47.873,0.776929438114166
A,978,47.922,0.810955226421356
A,979,47.971,0.759152233600616
A,980,48.02,0.833710491657257
A,981,48.069,0.827861189842224
A,982,48.118,0.886079728603363
A,983,48.167,0.83020693063736
A,984,48.216,0.815203547477722
A,985,48.265,0.740777313709259
A,986,48.314,0.918071806430817
A,987,48.363,0.891439318656921
A,988,48.412,0.880003988742828
A,989,48.461,0.804140508174896
A,990,48.51,0.867267549037933
A,991,48.559,0.713583052158356
A,992,48.608,1.01949071884155
A,993,48.657,1.00963258743286
A,994,48.706,1.00668144226074
A,995,48.755,0.878632247447968
A,996,48.804,0.899603426456451
A,997,48.853,0.728457152843475
A,998,48.902,0.743418037891388
A,999,48.951,0.657057881355286
A,1000,49,0.608171224594116
A,1001,49.049,0.743447721004486
A,1002,49.098,0.874667763710022
A,1003,49.147,0.718226253986359
A,1004,49.196,0.672551512718201
A,1005,49.245,0.637789785861969
A,1006,49.294,0.79253077507019
A,1007,49.343,0.863597750663757
A,1008,49.392,0.823365032672882
A,1009,49.441,0.755376040935516
A,1010,49.49,1.01564383506775
A,1011,49.539,0.986860811710358
A,1012,49.588,0.944561839103699
A,1013,49.637,0.859750747680664
A,1014,49.686,0.966646373271942
A,1015,49.735,0.906618237495422
A,1016,49.784,1.00536727905273
A,1017,49.833,0.941541075706482
A,1018,49.882,0.928261399269104
A,1019,49.931,0.79797488451004
A,1020,49.98,0.761662006378174
A,1021,50.029,0.820037961006165
A,1022,50.078,0.975481152534485
A,1023,50.127,0.951964735984802
A,1024,50.176,0.936076819896698
A,1025,50.225,0.918293714523315
A,1026,50.274,0.916524112224579
A,1027,50.323,0.870146870613098
A,1028,50.372,0.778544425964355
A,1029,50.421,0.892604291439056
A,1030,50.47,0.970879971981049
A,1031,50.519,0.91848212480545
A,1032,50.568,0.996868312358856
A,1033,50.617,0.955423831939697
A,1034,50.666,0.892275750637054
A,1035,50.715,0.957445561885834
A,1036,50.764,0.908390879631042
A,1037,50.813,0.814533829689026
A,1038,50.862,0.883488953113556
A,1039,50.911,1.00549972057343
A,1040,50.96,0.937843084335327
A,1041,51.009,0.825501143932343
A,1042,51.058,0.837246179580688
A,1043,51.107,0.792947590351105
A,1044,51.156,0.76778519153595
A,1045,51.205,0.752204239368439
A,1046,51.254,0.846365332603455
A,1047,51.303,0.81376576423645
A,1048,51.352,0.766870379447937
A,1049,51.401,0.786841690540314
A,1050,51.45,0.74079841375351
A,1051,51.499,0.808617651462555
A,1052,51.548,0.747137665748596
A,1053,51.597,0.851127862930298
A,1054,51.646,0.787334799766541
A,1055,51.695,0.652824878692627
A,1056,51.744,0.726617276668549
A,1057,51.793,0.873815357685089
A,1058,51.842,0.863441228866577
A,1059,51.891,0.952443540096283
A,1060,51.94,0.76351273059845
A,1061,51.989,0.800573468208313
A,1062,52.038,0.871559858322144
A,1063,52.087,0.8038170337677
A,1064,52.136,0.819773495197296
A,1065,52.185,0.836128532886505
A,1066,52.234,0.70518171787262
A,1067,52.283,0.97510153055191
A,1068,52.332,0.840093970298767
A,1069,52.381,1.02817976474762
A,1070,52.43,1.01562559604645
A,1071,52.479,1.21279942989349
A,1072,52.528,1.05753886699677
A,1073,52.577,1.19404733181
A,1074,52.626,0.985489904880524
A,1075,52.675,1.07039368152618
A,1076,52.724,1.00434935092926
A,1077,52.773,1.18124890327454
A,1078,52.822,1.08320379257202
A,1079,52.871,1.10084092617035
A,1080,52.92,0.904431641101837
A,1081,52.969,0.960159122943878
A,1082,53.018,1.13439881801605
A,1083,53.067,0.809491395950317
A,1084,53.116,1.08794915676117
A,1085,53.165,0.957780003547668
A,1086,53.214,1.00854134559631
A,1087,53.263,0.974056780338287
A,1088,53.312,0.910075545310974
A,1089,53.361,0.882562577724457
A,1090,53.41,0.933141648769379
A,1091,53.459,0.890007257461548
A,1092,53.508,0.816231608390808
A,1093,53.557,0.813279807567596
A,1094,53.606,0.935190558433533
A,1095,53.655,0.867254197597504
A,1096,53.704,0.805625319480896
A,1097,53.753,0.811071515083313
A,1098,53.802,0.942355871200562
A,1099,53.851,0.873405039310455
A,1100,53.9,0.863585472106934
A,1101,53.949,0.904444754123688
A,1102,53.998,1.12895941734314
A,1103,54.047,0.861435234546661
A,1104,54.096,0.720201849937439
A,1105,54.145,0.758347034454346
A,1106,54.194,0.728464186191559
A,1107,54.243,0.743818581104279
A,1108,54.292,0.685001730918884
A,1109,54.341,0.727698802947998
A,1110,54.39,0.811468482017517
A,1111,54.439,0.704304039478302
A,1112,54.488,0.750999987125397
A,1113,54.537,0.829667091369629
A,1114,54.586,0.955668807029724
A,1115,54.635,0.941121518611908
A,1116,54.684,1.01279985904694
A,1117,54.733,0.902359247207642
A,1118,54.782,0.863822400569916
A,1119,54.831,1.02189350128174
A,1120,54.88,0.992075383663177
A,1121,54.929,0.978499054908752
A,1122,54.978,1.15005779266357
A,1123,55.027,0.909087777137756
A,1124,55.076,0.895299077033997
A,1125,55.125,0.828181624412537
A,1126,55.174,0.785411655902863
A,1127,55.223,0.797736346721649
A,1128,55.272,0.7466921210289
A,1129,55.321,0.786071538925171
A,1130,55.37,0.678089022636414
A,1131,55.419,0.871610760688782
A,1132,55.468,0.914026021957397
A,1133,55.517,0.843097746372223
A,1134,55.566,0.980394005775452
A,1135,55.615,0.969545066356659
A,1136,55.664,0.94777250289917
A,1137,55.713,0.989587604999542
A,1138,55.762,0.979870975017548
A,1139,55.811,0.894089221954346
A,1140,55.86,0.818555414676666
A,1141,55.909,0.839274883270264
A,1142,55.958,0.792436301708221
A,1143,56.007,0.732311904430389
A,1144,56.056,0.83421778678894
A,1145,56.105,0.817782700061798
A,1146,56.154,0.949726462364197
A,1147,56.203,0.9173184633255
A,1148,56.252,0.994602262973785
A,1149,56.301,0.893945515155792
A,1150,56.35,0.876165270805359
A,1151,56.399,0.957161962985992
A,1152,56.448,0.845022022724152
A,1153,56.497,1.04731643199921
A,1154,56.546,1.15434551239014
A,1155,56.595,1.13452553749084
A,1156,56.644,0.884580612182617
A,1157,56.693,1.0280909538269
A,1158,56.742,1.0084388256073
A,1159,56.791,0.919319272041321
A,1160,56.84,0.870932459831238
A,1161,56.889,0.799460589885712
A,1162,56.938,0.83183079957962
A,1163,56.987,1.00433325767517
A,1164,57.036,1.0565869808197
A,1165,57.085,1.05612850189209
A,1166,57.134,0.898961126804352
A,1167,57.183,0.993804812431335
A,1168,57.232,0.900768160820007
A,1169,57.281,0.913243770599365
A,1170,57.33,0.902284443378448
A,1171,57.379,0.930983126163483
A,1172,57.428,0.935582339763641
A,1173,57.477,0.99952244758606
A,1174,57.526,0.875961363315582
A,1175,57.575,0.840069532394409
A,1176,57.624,0.81425154209137
A,1177,57.673,0.93587589263916
A,1178,57.722,0.780708312988281
A,1179,57.771,0.742678642272949
A,1180,57.82,0.939500510692596
A,1181,57.869,0.832753896713257
A,1182,57.918,0.80457991361618
A,1183,57.967,0.925018429756165
A,1184,58.016,0.766569197177887
A,1185,58.065,0.871789157390594
A,1186,58.114,0.849839687347412
A,1187,58.163,0.89552253484726
A,1188,58.212,0.812598764896393
A,1189,58.261,0.874685883522034
A,1190,58.31,0.82617050409317
A,1191,58.359,1.03029000759125
A,1192,58.408,0.818401038646698
A,1193,58.457,0.860675930976868
A,1194,58.506,0.753918886184692
A,1195,58.555,0.638597071170807
A,1196,58.604,0.669657170772552
A,1197,58.653,0.732606887817383
A,1198,58.702,0.682650744915009
A,1199,58.751,0.659111857414246
A,1200,58.8,0.746605634689331
A,1201,58.849,0.77599561214447
A,1202,58.898,0.822787046432495
A,1203,58.947,0.715448915958405
A,1204,58.996,0.695859491825104
A,1205,59.045,0.952084839344025
A,1206,59.094,0.834082543849945
A,1207,59.143,0.743498682975769
A,1208,59.192,0.925249695777893
A,1209,59.241,0.818242073059082
A,1210,59.29,0.847525715827942
A,1211,59.339,0.793036639690399
A,1212,59.388,0.862600088119507
A,1213,59.437,0.833042085170746
A,1214,59.486,0.875388145446777
A,1215,59.535,1.00834918022156
A,1216,59.584,0.987327098846436
A,1217,59.633,0.921718716621399
A,1218,59.682,0.867044925689697
A,1219,59.731,0.948584377765656
A,1220,59.78,0.755794882774353
A,1221,59.829,0.937763214111328
A,1222,59.878,1.06156396865845
A,1223,59.927,1.01508927345276
A,1224,59.976,0.984371364116669
A,1225,60.025,1.02768087387085
A,1226,60.074,0.931543350219727
A,1227,60.123,0.878934979438782
A,1228,60.172,0.81350439786911
A,1229,60.221,0.93281877040863
A,1230,60.27,0.932510733604431
A,1231,60.319,0.995862424373627
A,1232,60.368,1.02150738239288
A,1233,60.417,0.858447968959808
A,1234,60.466,0.926520347595215
A,1235,60.515,0.930962979793549
A,1236,60.564,0.978985011577606
A,1237,60.613,0.928308069705963
A,1238,60.662,0.809987306594849
A,1239,60.711,0.863224029541016
A,1240,60.76,0.705830812454224
A,1241,60.809,0.847477614879608
A,1242,60.858,0.85935252904892
A,1243,60.907,0.884492099285126
A,1244,60.956,0.954508125782013
A,1245,61.005,0.785336792469025
A,1246,61.054,0.838869631290436
A,1247,61.103,0.724331676959991
A,1248,61.152,0.844505310058594
A,1249,61.201,0.950191497802734
A,1250,61.25,0.882287442684174
A,1251,61.299,0.723280966281891
A,1252,61.348,0.856473565101624
A,1253,61.397,0.747174739837646
A,1254,61.446,0.741009116172791
A,1255,61.495,0.737908601760864
A,1256,61.544,0.824176967144012
A,1257,61.593,0.893788635730743
A,1258,61.642,0.820854902267456
A,1259,61.691,0.825158894062042
A,1260,61.74,0.863617777824402
A,1261,61.789,0.886489808559418
A,1262,61.838,0.825541794300079
A,1263,61.887,0.852818369865417
A,1264,61.936,0.716184258460999
A,1265,61.985,0.829284012317657
A,1266,62.034,0.748862624168396
A,1267,62.083,0.865583777427673
A,1268,62.132,0.808224558830261
A,1269,62.181,0.721179127693176
A,1270,62.23,0.706862807273865
A,1271,62.279,0.714482009410858
A,1272,62.328,0.777669191360474
A,1273,62.377,0.758719444274902
A,1274,62.426,0.624498724937439
A,1275,62.475,0.689242720603943
A,1276,62.524,0.699283003807068
A,1277,62.573,0.614779055118561
A,1278,62.622,0.842135787010193
A,1279,62.671,0.795863270759583
A,1280,62.72,0.733291447162628
A,1281,62.769,0.89160144329071
A,1282,62.818,0.942175686359406
A,1283,62.867,0.830854475498199
A,1284,62.916,0.820424437522888
A,1285,62.965,0.757509231567383
A,1286,63.014,0.826386690139771
A,1287,63.063,0.611975073814392
A,1288,63.112,0.759169340133667
A,1289,63.161,0.760017156600952
A,1290,63.21,0.856376945972443
A,1291,63.259,0.774254739284515
A,1292,63.308,0.748168706893921
A,1293,63.357,0.709765017032623
A,1294,63.406,0.790514051914215
A,1295,63.455,0.7597416639328
A,1296,63.504,0.689770698547363
A,1297,63.553,0.726049363613129
A,1298,63.602,0.79033374786377
A,1299,63.651,0.80214136838913
A,1300,63.7,0.887500047683716
A,1301,63.749,0.947645962238312
A,1302,63.798,0.952970266342163
A,1303,63.847,0.888957560062408
A,1304,63.896,0.886263847351074
A,1305,63.945,0.851762533187866
A,1306,63.994,0.929597318172455
A,1307,64.043,0.889878988265991
A,1308,64.092,0.930571138858795
A,1309,64.141,0.884484767913818
A,1310,64.19,0.681159019470215
A,1311,64.239,0.684307038784027
A,1312,64.288,0.655680418014526
A,1313,64.337,0.671339809894562
A,1314,64.386,0.640694379806519
A,1315,64.435,0.616917848587036
A,1316,64.484,0.584453523159027
A,1317,64.533,0.699572086334229
A,1318,64.582,0.798224329948425
A,1319,64.631,0.724417626857758
A,1320,64.68,0.674865484237671
A,1321,64.729,0.822704255580902
A,1322,64.778,0.772311747074127
A,1323,64.827,0.758927166461945
A,1324,64.876,0.866857051849365
A,1325,64.925,0.754751980304718
A,1326,64.974,0.70795214176178
A,1327,65.023,0.766455113887787
A,1328,65.072,0.746925354003906
A,1329,65.121,0.944226562976837
A,1330,65.17,0.869964957237244
A,1331,65.219,0.893273532390594
A,1332,65.268,0.813334047794342
A,1333,65.317,0.80357038974762
A,1334,65.366,0.850064694881439
A,1335,65.415,0.754960954189301
A,1336,65.464,0.825280547142029
A,1337,65.513,0.842862665653229
A,1338,65.562,0.77340704202652
A,1339,65.611,0.95246034860611
A,1340,65.66,0.756213068962097
A,1341,65.709,0.814271628856659
A,1342,65.758,0.71077686548233
A,1343,65.807,0.762439429759979
A,1344,65.856,0.70677250623703
A,1345,65.905,0.827542722225189
A,1346,65.954,0.848719537258148
A,1347,66.003,0.8442103266716
A,1348,66.052,0.684244751930237
A,1349,66.101,0.73447859287262
A,1350,66.15,0.696987211704254
A,1351,66.199,0.758400201797485
A,1352,66.248,0.852816224098206
A,1353,66.297,0.880947589874268
A,1354,66.346,0.738100647926331
A,1355,66.395,0.695028066635132
A,1356,66.444,0.750120162963867
A,1357,66.493,0.74315619468689
A,1358,66.542,0.799042224884033
A,1359,66.591,0.877523481845856
A,1360,66.64,0.922258913516998
A,1361,66.689,0.832153677940369
A,1362,66.738,0.75689435005188
A,1363,66.787,0.696079254150391
A,1364,66.836,0.692674517631531
A,1365,66.885,0.750018417835236
A,1366,66.934,0.712367415428162
A,1367,66.983,0.757945537567139
A,1368,67.032,0.707214117050171
A,1369,67.081,0.803582608699799
A,1370,67.13,0.710258662700653
A,1371,67.179,0.813935577869415
A,1372,67.228,0.722367107868195
A,1373,67.277,0.740434348583221
A,1374,67.326,0.747193276882172
A,1375,67.375,0.76442939043045
A,1376,67.424,0.782326102256775
A,1377,67.473,0.89484304189682
A,1378,67.522,0.853286325931549
A,1379,67.571,0.905960977077484
A,1380,67.62,0.836442589759827
A,1381,67.669,0.879945993423462
A,1382,67.718,0.885575294494629
A,1383,67.767,0.848482966423035
A,1384,67.816,0.888993144035339
A,1385,67.865,0.780358731746674
A,1386,67.914,0.938728988170624
A,1387,67.963,0.90124386548996
A,1388,68.012,0.871874213218689
A,1389,68.061,0.957410871982574
A,1390,68.11,0.965272605419159
A,1391,68.159,1.02514684200287
A,1392,68.208,1.05327999591827
A,1393,68.257,0.972592115402222
A,1394,68.306,0.922312796115875
A,1395,68.355,1.08567094802856
A,1396,68.404,1.01871621608734
A,1397,68.453,0.977701425552368
A,1398,68.502,0.979019284248352
A,1399,68.551,0.838751912117004
A,1400,68.6,0.857506036758423
A,1401,68.649,0.856864631175995
A,1402,68.698,0.926949262619019
A,1403,68.747,0.842945694923401
A,1404,68.796,0.860670268535614
A,1405,68.845,0.98285436630249
A,1406,68.894,0.828908085823059
A,1407,68.943,0.865850508213043
A,1408,68.992,0.937751114368439
A,1409,69.041,0.944204986095428
A,1410,69.09,0.889453053474426
A,1411,69.139,0.934499204158783
A,1412,69.188,0.982230067253113
A,1413,69.237,1.02253043651581
A,1414,69.286,1.08067405223846
A,1415,69.335,1.18368315696716
A,1416,69.384,0.924500107765198
A,1417,69.433,0.976064562797546
A,1418,69.482,0.853723704814911
A,1419,69.531,0.828622579574585
A,1420,69.58,0.875149846076965
A,1421,69.629,0.810531198978424
A,1422,69.678,0.795599579811096
A,1423,69.727,0.624507308006287
A,1424,69.776,0.749803602695465
A,1425,69.825,0.777704954147339
A,1426,69.874,0.765403866767883
A,1427,69.923,0.898632407188416
A,1428,69.972,0.909720659255981
A,1429,70.021,0.877794742584229
A,1430,70.07,0.875286400318146
A,1431,70.119,1.07003128528595
A,1432,70.168,0.8908611536026
A,1433,70.217,0.892821371555328
A,1434,70.266,0.933133065700531
A,1435,70.315,0.93720668554306
A,1436,70.364,0.962454974651337
A,1437,70.413,0.897146880626678
A,1438,70.462,0.977750837802887
A,1439,70.511,0.934598028659821
A,1440,70.56,1.03944766521454
A,1441,70.609,0.835089325904846
A,1442,70.658,0.828040301799774
A,1443,70.707,0.806680142879486
A,1444,70.756,0.849678337574005
A,1445,70.805,0.878601789474487
A,1446,70.854,0.864151656627655
A,1447,70.903,0.963355422019958
A,1448,70.952,0.887480437755585
A,1449,71.001,0.843289315700531
A,1450,71.05,0.987049221992493
A,1451,71.099,0.984393835067749
A,1452,71.148,0.874508142471313
A,1453,71.197,0.874571025371552
A,1454,71.246,0.86404675245285
A,1455,71.295,0.846665024757385
A,1456,71.344,0.830370783805847
A,1457,71.393,0.954998016357422
A,1458,71.442,0.845572471618652
A,1459,71.491,0.886549532413483
A,1460,71.54,0.974020302295685
A,1461,71.589,0.850035130977631
A,1462,71.638,0.959177076816559
A,1463,71.687,0.868369162082672
A,1464,71.736,0.79753053188324
A,1465,71.785,0.98770934343338
A,1466,71.834,0.96216344833374
A,1467,71.883,1.0037567615509
A,1468,71.932,0.921240031719208
A,1469,71.981,0.766542911529541
A,1470,72.03,0.789403736591339
A,1471,72.079,0.831640958786011
A,1472,72.128,0.952202022075653
A,1473,72.177,0.900642395019531
A,1474,72.226,0.937503635883331
A,1475,72.275,0.848034143447876
A,1476,72.324,0.918833374977112
A,1477,72.373,0.862134575843811
A,1478,72.422,0.958212494850159
A,1479,72.471,0.917584836483002
A,1480,72.52,0.902559041976929
A,1481,72.569,0.937801420688629
A,1482,72.618,0.763908624649048
A,1483,72.667,0.796910285949707
A,1484,72.716,0.897635340690613
A,1485,72.765,0.852582514286041
A,1486,72.814,0.925271153450012
A,1487,72.863,0.950449168682098
A,1488,72.912,0.829453766345978
A,1489,72.961,0.853472590446472
A,1490,73.01,0.861344397068024
A,1491,73.059,0.935125410556793
A,1492,73.108,1.03343570232391
A,1493,73.157,0.923584699630737
A,1494,73.206,0.901566445827484
A,1495,73.255,0.908265113830566
A,1496,73.304,0.977191627025604
A,1497,73.353,0.964706718921661
A,1498,73.402,1.05812156200409
A,1499,73.451,1.01444756984711
A,1500,73.5,0.999838769435883
A,1501,73.549,1.11491703987122
A,1502,73.598,1.10636568069458
A,1503,73.647,1.11626076698303
A,1504,73.696,1.06915080547333
A,1505,73.745,0.979534566402435
A,1506,73.794,1.07480502128601
A,1507,73.843,0.960308492183685
A,1508,73.892,0.916658699512482
A,1509,73.941,1.02138841152191
A,1510,73.99,1.02071511745453
A,1511,74.039,0.994391798973083
A,1512,74.088,0.877091407775879
A,1513,74.137,1.10983073711395
A,1514,74.186,0.910720765590668
A,1515,74.235,0.893011212348938
A,1516,74.284,0.880303263664246
A,1517,74.333,0.857456207275391
A,1518,74.382,0.885566055774689
A,1519,74.431,0.863007128238678
A,1520,74.48,0.731767296791077
A,1521,74.529,0.703504204750061
A,1522,74.578,0.716136634349823
A,1523,74.627,0.694542348384857
A,1524,74.676,0.723110020160675
A,1525,74.725,0.842872679233551
A,1526,74.774,0.904145956039429
A,1527,74.823,0.954312205314636
A,1528,74.872,0.838682889938354
A,1529,74.921,1.07379019260406
A,1530,74.97,0.872636079788208
A,1531,75.019,0.973404228687286
A,1532,75.068,0.968980967998505
A,1533,75.117,0.918339729309082
A,1534,75.166,1.06285345554352
A,1535,75.215,0.801663517951965
A,1536,75.264,0.929505884647369
A,1537,75.313,0.976723551750183
A,1538,75.362,0.927464485168457
A,1539,75.411,0.881214141845703
A,1540,75.46,0.803442895412445
A,1541,75.509,0.826400876045227
A,1542,75.558,0.852621018886566
A,1543,75.607,0.889685213565826
A,1544,75.656,0.87413102388382
A,1545,75.705,0.892213106155396
A,1546,75.754,0.95109087228775
A,1547,75.803,0.965722024440765
A,1548,75.852,0.861286520957947
A,1549,75.901,0.88367372751236
A,1550,75.95,0.87552273273468
A,1551,75.999,1.01695418357849
A,1552,76.048,0.830311477184296
A,1553,76.097,0.811355471611023
A,1554,76.146,0.827957212924957
A,1555,76.195,1.06773281097412
A,1556,76.244,0.949462115764618
A,1557,76.293,0.940978288650513
A,1558,76.342,1.00547671318054
A,1559,76.391,0.82643324136734
A,1560,76.44,0.970989942550659
A,1561,76.489,0.74716317653656
A,1562,76.538,0.631879568099976
A,1563,76.587,0.700414955615997
A,1564,76.636,0.788181185722351
A,1565,76.685,0.799820125102997
A,1566,76.734,0.89503425359726
A,1567,76.783,0.910636901855469
A,1568,76.832,0.903887152671814
A,1569,76.881,0.825208067893982
A,1570,76.93,0.789853870868683
A,1571,76.979,0.852647960186005
A,1572,77.028,0.785029232501984
A,1573,77.077,0.906747996807098
A,1574,77.126,0.697926044464111
A,1575,77.175,0.837264060974121
A,1576,77.224,0.809220790863037
A,1577,77.273,0.869592845439911
A,1578,77.322,0.791865885257721
A,1579,77.371,0.918904542922974
A,1580,77.42,0.835903763771057
A,1581,77.469,0.80983567237854
A,1582,77.518,0.758285045623779
A,1583,77.567,0.833546340465546
A,1584,77.616,0.82202136516571
A,1585,77.665,0.805737137794495
A,1586,77.714,0.753886818885803
A,1587,77.763,0.748024940490723
A,1588,77.812,0.728791654109955
A,1589,77.861,0.748378574848175
A,1590,77.91,0.77611631155014
A,1591,77.959,0.874618709087372
A,1592,78.008,0.877909481525421
A,1593,78.057,0.726041972637177
A,1594,78.106,0.61844789981842
A,1595,78.155,0.802375257015228
A,1596,78.204,0.908316254615784
A,1597,78.253,0.816098272800446
A,1598,78.302,0.78911417722702
A,1599,78.351,0.863834917545319
A,1600,78.4,0.840662777423859
A,1601,78.449,0.853428840637207
A,1602,78.498,0.893853545188904
A,1603,78.547,0.87830775976181
A,1604,78.596,0.885762631893158
A,1605,78.645,0.951712787151337
A,1606,78.694,0.948174893856049
A,1607,78.743,0.841191709041595
A,1608,78.792,0.863514959812164
A,1609,78.841,0.979373216629028
A,1610,78.89,0.73892068862915
A,1611,78.939,0.853788912296295
A,1612,78.988,0.774497091770172
A,1613,79.037,0.928540050983429
A,1614,79.086,0.973600387573242
A,1615,79.135,0.884881913661957
A,1616,79.184,0.897501707077026
A,1617,79.233,0.772049129009247
A,1618,79.282,0.854537546634674
A,1619,79.331,0.965451538562775
A,1620,79.38,0.810846269130707
A,1621,79.429,0.844858705997467
A,1622,79.478,0.866406083106995
A,1623,79.527,0.996001183986664
A,1624,79.576,0.987695157527924
A,1625,79.625,0.928585827350616
A,1626,79.674,0.928514182567596
A,1627,79.723,0.928451776504517
A,1628,79.772,0.953446865081787
A,1629,79.821,1.03356027603149
A,1630,79.87,0.786589682102203
A,1631,79.919,0.818691849708557
A,1632,79.968,0.814385294914246
A,1633,80.017,0.87839949131012
A,1634,80.066,0.608931481838226
A,1635,80.115,0.779365181922913
A,1636,80.164,0.705357253551483
A,1637,80.213,0.625233590602875
A,1638,80.262,0.717162728309631
A,1639,80.311,0.842476606369019
A,1640,80.36,0.803961575031281
A,1641,80.409,0.785020232200623
A,1642,80.458,0.756856560707092
A,1643,80.507,0.750855803489685
A,1644,80.556,0.754427015781403
A,1645,80.605,0.845146358013153
A,1646,80.654,0.846750557422638
A,1647,80.703,0.844713687896729
A,1648,80.752,0.810148000717163
A,1649,80.801,0.900429725646973
A,1650,80.85,0.957495629787445
A,1651,80.899,1.14110803604126
A,1652,80.948,1.08821499347687
A,1653,80.997,1.13317096233368
A,1654,81.046,0.990393579006195
A,1655,81.095,0.957949280738831
A,1656,81.144,0.968080461025238
A,1657,81.193,0.956226170063019
A,1658,81.242,1.06263720989227
A,1659,81.291,0.924829125404358
A,1660,81.34,1.16255033016205
A,1661,81.389,1.02397274971008
A,1662,81.438,1.01864552497864
A,1663,81.487,1.22104370594025
A,1664,81.536,1.07122886180878
A,1665,81.585,0.970524668693542
A,1666,81.634,0.964093685150146
A,1667,81.683,0.886761009693146
A,1668,81.732,0.811091363430023
A,1669,81.781,0.858392834663391
A,1670,81.83,0.861795246601105
A,1671,81.879,0.898573338985443
A,1672,81.928,0.940512716770172
A,1673,81.977,0.898005306720734
A,1674,82.026,0.952178001403809
A,1675,82.075,0.969002902507782
A,1676,82.124,0.76173597574234
A,1677,82.173,0.745335161685944
A,1678,82.222,0.88264125585556
A,1679,82.271,0.920177817344666
A,1680,82.32,0.891323566436768
A,1681,82.369,0.878057777881622
A,1682,82.418,0.923065006732941
A,1683,82.467,0.864587724208832
A,1684,82.516,0.845143020153046
A,1685,82.565,0.851260006427765
A,1686,82.614,0.719767332077026
A,1687,82.663,0.762415528297424
A,1688,82.712,0.740545213222504
A,1689,82.761,0.783872902393341
A,1690,82.81,0.787673532962799
A,1691,82.859,0.87669974565506
A,1692,82.908,0.741551041603088
A,1693,82.957,0.692274510860443
A,1694,83.006,0.752014338970184
A,1695,83.055,0.858837723731995
A,1696,83.104,0.784660398960114
A,1697,83.153,0.773404002189636
A,1698,83.202,0.916710257530212
A,1699,83.251,0.86005437374115
A,1700,83.3,0.933200478553772
A,1701,83.349,0.936037600040436
A,1702,83.398,0.768605053424835
A,1703,83.447,0.889070868492126
A,1704,83.496,0.799981832504272
A,1705,83.545,0.845376074314117
A,1706,83.594,0.784288287162781
A,1707,83.643,0.879831552505493
A,1708,83.692,0.788282990455627
A,1709,83.741,0.825043559074402
A,1710,83.79,0.839270114898682
A,1711,83.839,0.711188018321991
A,1712,83.888,0.776111900806427
A,1713,83.937,0.84154599905014
A,1714,83.986,0.970110833644867
A,1715,84.035,1.05780804157257
A,1716,84.084,1.10849177837372
A,1717,84.133,1.03287529945374
A,1718,84.182,0.914848029613495
A,1719,84.231,0.949938476085663
A,1720,84.28,0.868380427360535
A,1721,84.329,0.969541668891907
A,1722,84.378,0.683825492858887
A,1723,84.427,0.789457976818085
A,1724,84.476,0.774685263633728
A,1725,84.525,0.707422316074371
A,1726,84.574,0.682318806648254
A,1727,84.623,0.750497281551361
A,1728,84.672,0.74926370382309
A,1729,84.721,0.778708159923553
A,1730,84.77,0.663843035697937
A,1731,84.819,0.712342619895935
A,1732,84.868,0.801982164382935
A,1733,84.917,1.03187167644501
A,1734,84.966,0.932441473007202
A,1735,85.015,0.841016829013824
A,1736,85.064,0.828864276409149
A,1737,85.113,0.743593096733093
A,1738,85.162,0.857001066207886
A,1739,85.211,1.00747883319855
A,1740,85.26,0.945056319236755
A,1741,85.309,0.836021661758423
A,1742,85.358,0.863421738147736
A,1743,85.407,0.800202131271362
A,1744,85.456,0.76772803068161
A,1745,85.505,0.821020483970642
A,1746,85.554,0.73929089307785
A,1747,85.603,0.692492187023163
A,1748,85.652,0.699862778186798
A,1749,85.701,0.675867557525635
A,1750,85.75,0.639343321323395
A,1751,85.799,0.714593410491943
A,1752,85.848,0.7581507563591
A,1753,85.897,0.826698899269104
A,1754,85.946,0.776194036006927
A,1755,85.995,0.774717688560486
A,1756,86.044,0.883504569530487
A,1757,86.093,0.724853873252869
A,1758,86.142,0.940786361694336
A,1759,86.191,0.74670022726059
A,1760,86.24,0.795928597450256
A,1761,86.289,0.727378368377686
A,1762,86.338,0.741359770298004
A,1763,86.387,0.835848808288574
A,1764,86.436,0.828794956207275
A,1765,86.485,0.656254589557648
A,1766,86.534,0.848064184188843
A,1767,86.583,0.764637053012848
A,1768,86.632,0.805636525154114
A,1769,86.681,0.836267411708832
A,1770,86.73,0.831331610679626
A,1771,86.779,0.703510403633118
A,1772,86.828,0.672507107257843
A,1773,86.877,0.708789706230164
A,1774,86.926,0.842723548412323
A,1775,86.975,0.830000400543213
A,1776,87.024,0.789791285991669
A,1777,87.073,0.786779761314392
A,1778,87.122,0.803089797496796
A,1779,87.171,1.03961718082428
A,1780,87.22,0.923243999481201
A,1781,87.269,0.870700836181641
A,1782,87.318,0.895632088184357
A,1783,87.367,0.956707060337067
A,1784,87.416,0.923581302165985
A,1785,87.465,0.786621451377869
A,1786,87.514,0.87768566608429
A,1787,87.563,0.815825581550598
A,1788,87.612,1.01742351055145
A,1789,87.661,0.92876011133194
A,1790,87.71,0.918249487876892
A,1791,87.759,0.829277813434601
A,1792,87.808,0.906593680381775
A,1793,87.857,0.936778008937836
A,1794,87.906,1.03768801689148
A,1795,87.955,0.951202750205994
A,1796,88.004,0.818517208099365
A,1797,88.053,0.847711980342865
A,1798,88.102,0.911999642848969
A,1799,88.151,0.830173254013062
A,1800,88.2,0.778538405895233
A,1801,88.249,0.829569280147552
A,1802,88.298,0.953759610652924
A,1803,88.347,0.893431723117828
A,1804,88.396,0.857195019721985
A,1805,88.445,0.766821324825287
A,1806,88.494,0.815135061740875
A,1807,88.543,0.744010746479034
A,1808,88.592,0.62978982925415
A,1809,88.641,0.77735960483551
A,1810,88.69,0.732280313968658
A,1811,88.739,0.74850070476532
A,1812,88.788,0.780867993831635
A,1813,88.837,0.745002329349518
A,1814,88.886,0.801136195659637
A,1815,88.935,0.88718181848526
A,1816,88.984,1.17427229881287
A,1817,89.033,1.00831985473633
A,1818,89.082,0.975756704807281
A,1819,89.131,0.967468738555908
A,1820,89.18,0.958088397979736
A,1821,89.229,0.905232310295105
A,1822,89.278,0.875746965408325
A,1823,89.327,0.817148864269257
A,1824,89.376,0.991965770721436
A,1825,89.425,0.795137882232666
A,1826,89.474,0.762785792350769
A,1827,89.523,0.761759281158447
A,1828,89.572,0.852086901664734
A,1829,89.621,0.889470219612122
A,1830,89.67,0.947455644607544
A,1831,89.719,0.934618353843689
A,1832,89.768,0.921823263168335
A,1833,89.817,0.990661799907684
A,1834,89.866,1.01525986194611
A,1835,89.915,1.07318830490112
A,1836,89.964,0.95367294549942
A,1837,90.013,1.09484887123108
A,1838,90.062,1.05281960964203
A,1839,90.111,1.02459871768951
A,1840,90.16,0.880675733089447
A,1841,90.209,0.943857312202454
A,1842,90.258,0.994377195835114
A,1843,90.307,0.937815546989441
A,1844,90.356,1.08301556110382
A,1845,90.405,0.954108774662018
A,1846,90.454,1.01647543907166
A,1847,90.503,0.997832000255585
A,1848,90.552,0.996663808822632
A,1849,90.601,0.889414429664612
A,1850,90.65,0.875147759914398
A,1851,90.699,0.756046175956726
A,1852,90.748,0.874967753887177
A,1853,90.797,0.841421961784363
A,1854,90.846,0.789518058300018
A,1855,90.895,0.731996119022369
A,1856,90.944,0.745744466781616
A,1857,90.993,0.793765068054199
A,1858,91.042,0.857074618339539
A,1859,91.091,0.917755126953125
A,1860,91.14,0.956739246845245
A,1861,91.189,0.994630515575409
A,1862,91.238,0.896748602390289
A,1863,91.287,0.872649073600769
A,1864,91.336,0.69400429725647
A,1865,91.385,0.675556898117065
A,1866,91.434,0.809410929679871
A,1867,91.483,0.762147068977356
A,1868,91.532,0.708137214183807
A,1869,91.581,0.731209397315979
A,1870,91.63,0.705877840518951
A,1871,91.679,0.742046475410461
A,1872,91.728,0.743347764015198
A,1873,91.777,0.755222499370575
A,1874,91.826,0.865547835826874
A,1875,91.875,0.805240869522095
A,1876,91.924,0.717364728450775
A,1877,91.973,0.866388738155365
A,1878,92.022,0.731609404087067
A,1879,92.071,0.785874545574188
A,1880,92.12,0.800280451774597
A,1881,92.169,0.707142114639282
A,1882,92.218,0.664706647396088
A,1883,92.267,0.612331092357635
A,1884,92.316,0.71817147731781
A,1885,92.365,0.708432137966156
A,1886,92.414,0.697561979293823
A,1887,92.463,0.855774521827698
A,1888,92.512,0.773944199085236
A,1889,92.561,0.789564430713654
A,1890,92.61,0.88863217830658
A,1891,92.659,0.832274973392487
A,1892,92.708,0.720758199691772
A,1893,92.757,0.742691278457642
A,1894,92.806,0.872097373008728
A,1895,92.855,0.866071403026581
A,1896,92.904,0.814076483249664
A,1897,92.953,0.86108660697937
A,1898,93.002,0.835449695587158
A,1899,93.051,0.838729560375214
A,1900,93.1,0.766676783561707
A,1901,93.149,0.860579311847687
A,1902,93.198,0.836242318153381
A,1903,93.247,0.810654938220978
A,1904,93.296,0.813199937343597
A,1905,93.345,0.723600804805756
A,1906,93.394,0.835276484489441
A,1907,93.443,0.818101525306702
A,1908,93.492,0.81864720582962
A,1909,93.541,0.715862214565277
A,1910,93.59,0.644176006317139
A,1911,93.639,0.668964385986328
A,1912,93.688,0.776177585124969
A,1913,93.737,0.674979090690613
A,1914,93.786,0.739511549472809
A,1915,93.835,0.642718911170959
A,1916,93.884,0.73746794462204
A,1917,93.933,0.818613708019257
A,1918,93.982,0.92586475610733
A,1919,94.031,0.817415475845337
A,1920,94.08,0.78695148229599
A,1921,94.129,0.850863635540009
A,1922,94.178,0.855575263500214
A,1923,94.227,0.82288521528244
A,1924,94.276,0.784716546535492
A,1925,94.325,0.789758443832397
A,1926,94.374,0.732423841953278
A,1927,94.423,0.837500333786011
A,1928,94.472,0.767787933349609
A,1929,94.521,0.684124529361725
A,1930,94.57,0.765707015991211
A,1931,94.619,0.673786222934723
A,1932,94.668,0.810747623443604
A,1933,94.717,0.941695272922516
A,1934,94.766,0.891234993934631
A,1935,94.815,0.737312018871307
A,1936,94.864,0.670511603355408
A,1937,94.913,0.632489681243896
A,1938,94.962,0.675592660903931
A,1939,95.011,0.634168326854706
A,1940,95.06,0.663116276264191
A,1941,95.109,0.70035856962204
A,1942,95.158,0.858057677745819
A,1943,95.207,0.810495138168335
A,1944,95.256,0.750375628471375
A,1945,95.305,0.672914505004883
A,1946,95.354,0.794708847999573
A,1947,95.403,0.954088687896729
A,1948,95.452,0.88558042049408
A,1949,95.501,0.847146809101105
A,1950,95.55,0.727101981639862
A,1951,95.599,0.744415402412415
A,1952,95.648,0.895913124084473
A,1953,95.697,0.86445164680481
A,1954,95.746,0.913250267505646
A,1955,95.795,0.793375015258789
A,1956,95.844,0.8117755651474
A,1957,95.893,0.753928482532501
A,1958,95.942,0.766309022903442
A,1959,95.991,0.91062468290329
A,1960,96.04,0.802111327648163
A,1961,96.089,0.83660215139389
A,1962,96.138,0.724386513233185
A,1963,96.187,0.763409674167633
A,1964,96.236,0.739666640758514
A,1965,96.285,0.775490462779999
A,1966,96.334,0.906791687011719
A,1967,96.383,0.860407590866089
A,1968,96.432,0.909699618816376
A,1969,96.481,0.938147723674774
A,1970,96.53,0.953511774539948
A,1971,96.579,1.00894320011139
A,1972,96.628,0.953483641147614
A,1973,96.677,0.842358946800232
A,1974,96.726,0.98886638879776
A,1975,96.775,1.00343477725983
A,1976,96.824,1.01268196105957
A,1977,96.873,0.859423160552979
A,1978,96.922,0.919273197650909
A,1979,96.971,0.915054261684418
A,1980,97.02,0.919414162635803
A,1981,97.069,0.981168866157532
A,1982,97.118,0.894055247306824
A,1983,97.167,0.906036853790283
A,1984,97.216,0.876404106616974
A,1985,97.265,0.846877992153168
A,1986,97.314,0.747713387012482
A,1987,97.363,0.913329660892487
A,1988,97.412,1.06266903877258
A,1989,97.461,0.896438777446747
A,1990,97.51,0.919179677963257
A,1991,97.559,0.949340343475342
A,1992,97.608,0.832242131233215
A,1993,97.657,0.89745706319809
A,1994,97.706,0.849755764007568
A,1995,97.755,0.925765991210938
A,1996,97.804,0.979379236698151
A,1997,97.853,0.883568465709686
A,1998,97.902,0.832047462463379
A,1999,97.951,0.802272796630859
A,2000,98,0.808251798152924
A,2001,98.049,0.870971441268921
A,2002,98.098,0.87296736240387
A,2003,98.147,0.821044981479645
A,2004,98.196,0.95611447095871
A,2005,98.245,1.04751265048981
A,2006,98.294,1.11453890800476
A,2007,98.343,1.06285154819489
A,2008,98.392,0.942789912223816
A,2009,98.441,1.02661871910095
A,2010,98.49,1.00913023948669
A,2011,98.539,1.05968523025513
A,2012,98.588,1.1576269865036
A,2013,98.637,1.28730976581573
A,2014,98.686,1.19222140312195
A,2015,98.735,0.975969612598419
A,2016,98.784,1.06291747093201
A,2017,98.833,1.00639617443085
A,2018,98.882,0.955793559551239
A,2019,98.931,0.757916867733002
A,2020,98.98,0.929955720901489
A,2021,99.029,1.0731235742569
A,2022,99.078,1.11983621120453
A,2023,99.127,0.919689059257507
A,2024,99.176,0.925446450710297
A,2025,99.225,0.919422268867493
A,2026,99.274,0.978182375431061
A,2027,99.323,0.884993076324463
A,2028,99.372,0.894439280033112
A,2029,99.421,0.890991032123566
A,2030,99.47,0.909393191337585
A,2031,99.519,1.09895980358124
A,2032,99.568,1.03144717216492
A,2033,99.617,1.05431890487671
A,2034,99.666,0.90713107585907
A,2035,99.715,0.979944825172424
A,2036,99.764,0.982798039913177
A,2037,99.813,1.15016293525696
A,2038,99.862,1.13026309013367
A,2039,99.911,1.04256284236908
A,2040,99.96,0.882344841957092
A,2041,100.009,0.983971953392029
A,2042,100.058,0.925969302654266
A,2043,100.107,1.03110265731812
A,2044,100.156,0.927667438983917
A,2045,100.205,0.932226955890656
A,2046,100.254,0.897265315055847
A,2047,100.303,0.895615041255951
A,2048,100.352,0.904243528842926
A,2049,100.401,0.926604151725769
A,2050,100.45,0.786740243434906
A,2051,100.499,0.870540976524353
A,2052,100.548,0.822809517383575
A,2053,100.597,0.739566266536713
A,2054,100.646,0.819455802440643
A,2055,100.695,0.765915989875793
A,2056,100.744,0.732772409915924
A,2057,100.793,0.804850876331329
A,2058,100.842,0.79936671257019
A,2059,100.891,0.854554355144501
A,2060,100.94,0.876692712306976
A,2061,100.989,0.948566317558289
A,2062,101.038,0.779669463634491
A,2063,101.087,0.865332067012787
A,2064,101.136,1.02060651779175
A,2065,101.185,0.98232102394104
A,2066,101.234,0.959424018859863
A,2067,101.283,1.00517523288727
A,2068,101.332,1.05187404155731
A,2069,101.381,0.903189659118652
A,2070,101.43,0.942958950996399
A,2071,101.479,1.00222671031952
A,2072,101.528,0.995247721672058
A,2073,101.577,0.935234725475311
A,2074,101.626,0.940153121948242
A,2075,101.675,1.04779231548309
A,2076,101.724,1.01685905456543
A,2077,101.773,0.931479334831238
A,2078,101.822,0.95572304725647
A,2079,101.871,0.981679797172546
A,2080,101.92,0.854044616222382
A,2081,101.969,0.792057991027832
A,2082,102.018,0.897794425487518
A,2083,102.067,0.983493387699127
A,2084,102.116,0.951181828975677
A,2085,102.165,0.989077508449554
A,2086,102.214,0.893856465816498
A,2087,102.263,0.775535762310028
A,2088,102.312,0.787474691867828
A,2089,102.361,0.858995795249939
A,2090,102.41,0.817628026008606
A,2091,102.459,0.893551290035248
A,2092,102.508,0.930355846881866
A,2093,102.557,0.930661916732788
A,2094,102.606,0.843214809894562
A,2095,102.655,0.812322199344635
A,2096,102.704,0.899564027786255
A,2097,102.753,0.894644021987915
A,2098,102.802,0.870472550392151
A,2099,102.851,0.869417250156403
A,2100,102.9,0.944080293178558
A,2101,102.949,0.824178993701935
A,2102,102.998,1.18387532234192
A,2103,103.047,0.895182967185974
A,2104,103.096,1.03054916858673
A,2105,103.145,0.950272858142853
A,2106,103.194,1.01428866386414
A,2107,103.243,1.00802063941956
A,2108,103.292,0.883631229400635
A,2109,103.341,0.7476726770401
A,2110,103.39,0.69046950340271
A,2111,103.439,0.680794715881348
A,2112,103.488,0.729681015014648
A,2113,103.537,0.827495992183685
A,2114,103.586,0.734392583370209
A,2115,103.635,0.829705417156219
A,2116,103.684,0.677581131458282
A,2117,103.733,0.679247677326202
A,2118,103.782,0.666316270828247
A,2119,103.831,0.743673861026764
A,2120,103.88,0.679248631000519
A,2121,103.929,0.617461919784546
A,2122,103.978,0.630469918251038
A,2123,104.027,0.800863206386566
A,2124,104.076,0.901567935943604
A,2125,104.125,0.869459211826324
A,2126,104.174,0.893917083740234
A,2127,104.223,0.96858823299408
A,2128,104.272,1.00947070121765
A,2129,104.321,1.02221083641052
A,2130,104.37,0.866328716278076
A,2131,104.419,0.743574857711792
A,2132,104.468,0.748374998569489
A,2133,104.517,0.749193429946899
A,2134,104.566,0.874477088451385
A,2135,104.615,0.915363132953644
A,2136,104.664,0.937484800815582
A,2137,104.713,0.804612815380096
A,2138,104.762,0.931671679019928
A,2139,104.811,0.829528868198395
A,2140,104.86,0.749464333057404
A,2141,104.909,0.790004253387451
A,2142,104.958,0.940417766571045
A,2143,105.007,0.778961062431335
A,2144,105.056,0.837203025817871
A,2145,105.105,0.922387301921844
A,2146,105.154,0.868442237377167
A,2147,105.203,0.860271155834198
A,2148,105.252,0.844102799892426
A,2149,105.301,0.948915302753448
A,2150,105.35,0.985554456710815
A,2151,105.399,1.01939046382904
A,2152,105.448,1.07679510116577
A,2153,105.497,1.17603969573975
A,2154,105.546,1.04652655124664
A,2155,105.595,0.905537366867065
A,2156,105.644,0.831258177757263
A,2157,105.693,0.874600052833557
A,2158,105.742,0.91155606508255
A,2159,105.791,1.01505661010742
A,2160,105.84,0.770798563957214
A,2161,105.889,0.841029047966003
A,2162,105.938,0.957579135894775
A,2163,105.987,1.01740980148315
A,2164,106.036,0.877716541290283
A,2165,106.085,0.857162535190582
A,2166,106.134,0.838674068450928
A,2167,106.183,0.844122469425201
A,2168,106.232,0.833580255508423
A,2169,106.281,0.829614460468292
A,2170,106.33,1.04734134674072
A,2171,106.379,1.00179016590118
A,2172,106.428,0.764183700084686
A,2173,106.477,0.950333654880524
A,2174,106.526,0.854036450386047
A,2175,106.575,0.874003708362579
A,2176,106.624,0.918132543563843
A,2177,106.673,0.861646950244904
A,2178,106.722,0.802099823951721
A,2179,106.771,0.839800655841827
A,2180,106.82,1.04696929454803
A,2181,106.869,0.850886106491089
A,2182,106.918,0.857907891273499
A,2183,106.967,0.930554151535034
A,2184,107.016,1.06969332695007
A,2185,107.065,1.07077348232269
A,2186,107.114,0.901506781578064
A,2187,107.163,1.03509378433228
A,2188,107.212,0.93311733007431
A,2189,107.261,1.04081356525421
A,2190,107.31,0.910182774066925
A,2191,107.359,0.917418479919434
A,2192,107.408,0.897453010082245
A,2193,107.457,0.93184357881546
A,2194,107.506,0.957483530044556
A,2195,107.555,0.931084215641022
A,2196,107.604,0.890416204929352
A,2197,107.653,0.810554802417755
A,2198,107.702,0.833403348922729
A,2199,107.751,0.853077590465546
A,2200,107.8,0.897364735603333
A,2201,107.849,0.905739724636078
A,2202,107.898,0.864839911460876
A,2203,107.947,0.808966636657715
A,2204,107.996,0.788659036159515
A,2205,108.045,0.801926910877228
A,2206,108.094,0.750254452228546
A,2207,108.143,0.709692597389221
A,2208,108.192,0.668407797813416
A,2209,108.241,0.712375462055206
A,2210,108.29,0.775403380393982
A,2211,108.339,0.867182850837708
A,2212,108.388,0.877224564552307
A,2213,108.437,0.80043488740921
A,2214,108.486,0.797440707683563
A,2215,108.535,0.734539806842804
A,2216,108.584,0.788607239723206
A,2217,108.633,0.68531334400177
A,2218,108.682,0.74719762802124
A,2219,108.731,0.743247628211975
A,2220,108.78,0.756101489067078
A,2221,108.829,0.787956953048706
A,2222,108.878,0.877967596054077
A,2223,108.927,0.725431978702545
A,2224,108.976,0.747302711009979
A,2225,109.025,0.835343956947327
A,2226,109.074,0.865872263908386
A,2227,109.123,0.916837811470032
A,2228,109.172,0.891966819763184
A,2229,109.221,0.865852415561676
A,2230,109.27,0.887250304222107
A,2231,109.319,1.0301468372345
A,2232,109.368,1.03755497932434
A,2233,109.417,1.08658504486084
A,2234,109.466,0.898768782615662
A,2235,109.515,0.904930651187897
A,2236,109.564,0.911908030509949
A,2237,109.613,0.850728869438171
A,2238,109.662,0.946168065071106
A,2239,109.711,0.870410203933716
A,2240,109.76,0.984753847122192
A,2241,109.809,0.948768377304077
A,2242,109.858,0.775890648365021
A,2243,109.907,0.980176389217377
A,2244,109.956,1.02157402038574
A,2245,110.005,0.941628873348236
A,2246,110.054,1.03034389019012
A,2247,110.103,1.04724943637848
A,2248,110.152,0.919380187988281
A,2249,110.201,1.02734458446503
A,2250,110.25,0.919017553329468
A,2251,110.299,0.961372077465057
A,2252,110.348,1.0058182477951
A,2253,110.397,1.1873676776886
A,2254,110.446,1.1117205619812
A,2255,110.495,1.1924501657486
A,2256,110.544,1.10023963451385
A,2257,110.593,1.04291164875031
A,2258,110.642,1.07243919372559
A,2259,110.691,1.01885378360748
A,2260,110.74,0.996890902519226
A,2261,110.789,1.13359642028809
A,2262,110.838,1.03701186180115
A,2263,110.887,1.06240832805634
A,2264,110.936,1.12994015216827
A,2265,110.985,1.17091965675354
A,2266,111.034,1.01566636562347
A,2267,111.083,1.09954702854156
A,2268,111.132,1.0990983247757
A,2269,111.181,1.10152339935303
A,2270,111.23,1.10307598114014
A,2271,111.279,1.00110054016113
A,2272,111.328,1.00294888019562
A,2273,111.377,1.08921587467194
A,2274,111.426,1.08291482925415
A,2275,111.475,1.11647081375122
A,2276,111.524,1.2154952287674
A,2277,111.573,1.26273930072784
A,2278,111.622,1.3140652179718
A,2279,111.671,1.23847818374634
A,2280,111.72,1.26668906211853
A,2281,111.769,1.20043301582336
A,2282,111.818,1.27908957004547
A,2283,111.867,1.2532252073288
A,2284,111.916,1.36581385135651
A,2285,111.965,1.2076324224472
A,2286,112.014,1.32299435138702
A,2287,112.063,1.2540568113327
A,2288,112.112,1.26009392738342
A,2289,112.161,1.21878504753113
A,2290,112.21,1.16172158718109
A,2291,112.259,1.38685715198517
A,2292,112.308,1.37853515148163
A,2293,112.357,1.2554292678833
A,2294,112.406,1.18070554733276
A,2295,112.455,1.16148853302002
A,2296,112.504,1.29914963245392
A,2297,112.553,1.37727165222168
A,2298,112.602,1.28610420227051
A,2299,112.651,1.30921983718872
A,2300,112.7,1.34289360046387
A,2301,112.749,1.24978506565094
A,2302,112.798,1.25726711750031
A,2303,112.847,1.31644237041473
A,2304,112.896,1.30676078796387
A,2305,112.945,1.37290322780609
A,2306,112.994,1.31316232681274
A,2307,113.043,1.31777918338776
A,2308,113.092,1.12369298934937
A,2309,113.141,1.17652416229248
A,2310,113.19,1.21867632865906
A,2311,113.239,1.19310057163239
A,2312,113.288,1.19087648391724
A,2313,113.337,1.25878262519836
A,2314,113.386,1.32550716400146
A,2315,113.435,1.25994896888733
A,2316,113.484,1.30936098098755
A,2317,113.533,1.22616648674011
A,2318,113.582,1.19461786746979
A,2319,113.631,1.14230751991272
A,2320,113.68,1.15873408317566
A,2321,113.729,1.11681854724884
A,2322,113.778,0.997012794017792
A,2323,113.827,1.20159113407135
A,2324,113.876,1.15284955501556
A,2325,113.925,1.22207307815552
A,2326,113.974,1.11460816860199
A,2327,114.023,1.10862028598785
A,2328,114.072,1.06270229816437
A,2329,114.121,0.963791072368622
A,2330,114.17,1.01252710819244
A,2331,114.219,1.01677584648132
A,2332,114.268,1.09280228614807
A,2333,114.317,1.02442479133606
A,2334,114.366,1.14891815185547
A,2335,114.415,0.964222550392151
A,2336,114.464,1.07856225967407
A,2337,114.513,1.14109373092651
A,2338,114.562,1.13322389125824
A,2339,114.611,1.38105690479279
A,2340,114.66,1.19546163082123
A,2341,114.709,1.21656215190887
A,2342,114.758,1.2541561126709
A,2343,114.807,1.18705809116364
A,2344,114.856,1.2565655708313
A,2345,114.905,1.12545990943909
A,2346,114.954,1.23970675468445
A,2347,115.003,1.17766058444977
A,2348,115.052,1.09342849254608
A,2349,115.101,1.03805255889893
A,2350,115.15,1.09597051143646
A,2351,115.199,1.22505366802216
A,2352,115.248,1.12900197505951
A,2353,115.297,1.11039698123932
A,2354,115.346,1.21396911144257
A,2355,115.395,1.29033970832825
A,2356,115.444,1.17317235469818
A,2357,115.493,1.25598239898682
A,2358,115.542,1.23353517055511
A,2359,115.591,1.13281941413879
A,2360,115.64,1.25584042072296
A,2361,115.689,1.24352920055389
A,2362,115.738,1.19318497180939
A,2363,115.787,1.21715402603149
A,2364,115.836,1.19297468662262
A,2365,115.885,1.22360241413116
A,2366,115.934,1.20306575298309
A,2367,115.983,1.31209492683411
A,2368,116.032,1.40396630764008
A,2369,116.081,1.27519035339355
A,2370,116.13,1.21291649341583
A,2371,116.179,1.23451554775238
A,2372,116.228,1.25138831138611
A,2373,116.277,1.32818377017975
A,2374,116.326,1.31053352355957
A,2375,116.375,1.32825922966003
A,2376,116.424,1.26991069316864
A,2377,116.473,1.13375473022461
A,2378,116.522,1.14188039302826
A,2379,116.571,1.09780597686768
A,2380,116.62,1.05009520053864
A,2381,116.669,0.968660175800323
A,2382,116.718,0.879654347896576
A,2383,116.767,0.940390288829803
A,2384,116.816,0.963512361049652
A,2385,116.865,1.07133340835571
A,2386,116.914,0.864242494106293
A,2387,116.963,0.914209544658661
A,2388,117.012,0.964583396911621
A,2389,117.061,0.979821383953094
A,2390,117.11,1.0174515247345
A,2391,117.159,0.839208841323853
A,2392,117.208,0.795651257038116
A,2393,117.257,0.932527601718903
A,2394,117.306,1.05647134780884
A,2395,117.355,1.03509879112244
A,2396,117.404,1.10786747932434
A,2397,117.453,1.03824257850647
A,2398,117.502,0.924956798553467
A,2399,117.551,1.12477648258209
A,2400,117.6,1.10365319252014
A,2401,117.649,1.00068581104279
A,2402,117.698,1.05213642120361
A,2403,117.747,1.00795984268188
A,2404,117.796,1.04197287559509
A,2405,117.845,0.938180983066559
A,2406,117.894,1.01943039894104
A,2407,117.943,0.879626989364624
A,2408,117.992,0.949372231960297
A,2409,118.041,1.04048275947571
A,2410,118.09,0.993723571300507
A,2411,118.139,0.988298058509827
A,2412,118.188,0.964386284351349
A,2413,118.237,0.845398306846619
A,2414,118.286,0.916255056858063
A,2415,118.335,0.942474782466888
A,2416,118.384,0.934898257255554
A,2417,118.433,0.858928442001343
A,2418,118.482,0.975841045379639
A,2419,118.531,0.935753762722015
A,2420,118.58,0.851146399974823
A,2421,118.629,0.930181920528412
A,2422,118.678,0.875877201557159
A,2423,118.727,1.05861604213715
A,2424,118.776,0.993666529655457
A,2425,118.825,1.02909696102142
A,2426,118.874,1.04613196849823
A,2427,118.923,0.912780046463013
A,2428,118.972,0.918115437030792
A,2429,119.021,1.0020397901535
A,2430,119.07,0.881808996200562
A,2431,119.119,0.897682785987854
A,2432,119.168,0.839475631713867
A,2433,119.217,1.01839339733124
A,2434,119.266,0.97044163942337
A,2435,119.315,0.944614768028259
A,2436,119.364,1.00377190113068
A,2437,119.413,1.02157807350159
A,2438,119.462,0.919089734554291
A,2439,119.511,1.07240235805511
A,2440,119.56,0.877652823925018
A,2441,119.609,1.03689086437225
A,2442,119.658,1.11812794208527
A,2443,119.707,1.06268918514252
A,2444,119.756,1.06820106506348
A,2445,119.805,0.992657959461212
A,2446,119.854,1.10554563999176
A,2447,119.903,0.809414863586426
A,2448,119.952,0.99026083946228
A,2449,120.001,0.933402359485626
A,2450,120.05,0.848894417285919
A,2451,120.099,0.955482244491577
A,2452,120.148,1.04514062404633
A,2453,120.197,1.03961133956909
A,2454,120.246,0.954136788845062
A,2455,120.295,1.06428301334381
A,2456,120.344,1.08330857753754
A,2457,120.393,0.978750169277191
A,2458,120.442,1.03560173511505
A,2459,120.491,1.11941850185394
A,2460,120.54,0.974021434783936
A,2461,120.589,1.11510407924652
A,2462,120.638,1.04737937450409
A,2463,120.687,1.03563380241394
A,2464,120.736,1.16275835037231
A,2465,120.785,1.02849125862122
A,2466,120.834,0.954644680023193
A,2467,120.883,1.09512436389923
A,2468,120.932,1.13614165782928
A,2469,120.981,1.04607009887695
A,2470,121.03,1.07433915138245
A,2471,121.079,1.18447971343994
A,2472,121.128,1.13083362579346
A,2473,121.177,1.07101809978485
A,2474,121.226,1.17703986167908
A,2475,121.275,1.1083197593689
A,2476,121.324,1.00559735298157
A,2477,121.373,0.952180504798889
A,2478,121.422,0.829967677593231
A,2479,121.471,0.897885262966156
A,2480,121.52,1.04191172122955
A,2481,121.569,0.821271479129791
A,2482,121.618,0.835942447185516
A,2483,121.667,0.74697470664978
A,2484,121.716,0.77044814825058
A,2485,121.765,0.951152682304382
A,2486,121.814,0.839558959007263
A,2487,121.863,0.941430687904358
A,2488,121.912,1.06747913360596
A,2489,121.961,0.988692998886108
A,2490,122.01,1.09518587589264
A,2491,122.059,0.892138004302979
A,2492,122.108,0.796457469463348
A,2493,122.157,0.89552503824234
A,2494,122.206,0.830559432506561
A,2495,122.255,0.797240197658539
A,2496,122.304,0.850960075855255
A,2497,122.353,0.787737905979156
A,2498,122.402,0.824804186820984
A,2499,122.451,0.868989825248718
A,2500,122.5,0.871274650096893
A,2501,122.549,0.860420346260071
A,2502,122.598,0.860399067401886
A,2503,122.647,1.05908143520355
A,2504,122.696,0.955044329166412
A,2505,122.745,1.0297679901123
A,2506,122.794,1.01919877529144
A,2507,122.843,0.982089817523956
A,2508,122.892,1.04232668876648
A,2509,122.941,0.975013971328735
A,2510,122.99,0.909267365932465
A,2511,123.039,0.841958940029144
A,2512,123.088,0.785366714000702
A,2513,123.137,0.840340852737427
A,2514,123.186,0.811501204967499
A,2515,123.235,0.858514368534088
A,2516,123.284,0.888121426105499
A,2517,123.333,0.835728943347931
A,2518,123.382,0.773256778717041
A,2519,123.431,0.898642420768738
A,2520,123.48,0.848178029060364
A,2521,123.529,0.833382666110992
A,2522,123.578,0.796503663063049
A,2523,123.627,0.78277850151062
A,2524,123.676,0.887876093387604
A,2525,123.725,0.74531763792038
A,2526,123.774,0.752168357372284
A,2527,123.823,0.701173484325409
A,2528,123.872,0.817638695240021
A,2529,123.921,0.681347370147705
A,2530,123.97,0.751104474067688
A,2531,124.019,0.727933824062347
A,2532,124.068,0.807277321815491
A,2533,124.117,0.889857530593872
A,2534,124.166,0.904290795326233
A,2535,124.215,0.837834596633911
A,2536,124.264,0.827242493629456
A,2537,124.313,0.837490022182465
A,2538,124.362,0.820333480834961
A,2539,124.411,0.743032217025757
A,2540,124.46,0.827469289302826
A,2541,124.509,0.97781240940094
A,2542,124.558,0.902514457702637
A,2543,124.607,0.952805817127228
A,2544,124.656,0.978532314300537
A,2545,124.705,1.00779891014099
A,2546,124.754,0.968239843845367
A,2547,124.803,0.973160326480865
A,2548,124.852,0.974421977996826
A,2549,124.901,1.00754475593567
A,2550,124.95,0.852394878864288
A,2551,124.999,0.884651720523834
A,2552,125.048,0.883450150489807
A,2553,125.097,0.799725115299225
A,2554,125.146,0.867118418216705
A,2555,125.195,0.930357754230499
A,2556,125.244,0.971956670284271
A,2557,125.293,0.908640682697296
A,2558,125.342,0.906795084476471
A,2559,125.391,0.938074946403503
A,2560,125.44,0.948988020420074
A,2561,125.489,0.900598645210266
A,2562,125.538,0.753093838691711
A,2563,125.587,0.781966626644135
A,2564,125.636,0.836338520050049
A,2565,125.685,0.954051911830902
A,2566,125.734,0.880494713783264
A,2567,125.783,0.773059010505676
A,2568,125.832,0.685326278209686
A,2569,125.881,0.807029545307159
A,2570,125.93,0.685875296592712
A,2571,125.979,0.75677877664566
A,2572,126.028,0.771202504634857
A,2573,126.077,0.787327408790588
A,2574,126.126,0.73341578245163
A,2575,126.175,0.774495542049408
A,2576,126.224,0.717602610588074
A,2577,126.273,0.653559982776642
A,2578,126.322,0.731825470924377
A,2579,126.371,0.611842453479767
A,2580,126.42,0.707806289196014
A,2581,126.469,0.720150887966156
A,2582,126.518,0.752291262149811
A,2583,126.567,0.905139863491058
A,2584,126.616,0.810121893882751
A,2585,126.665,0.842093706130981
A,2586,126.714,0.780052304267883
A,2587,126.763,0.695046186447144
A,2588,126.812,0.700048446655273
A,2589,126.861,0.902279675006866
A,2590,126.91,0.931331813335419
A,2591,126.959,0.93855893611908
A,2592,127.008,0.82890796661377
A,2593,127.057,0.875168740749359
A,2594,127.106,0.829459190368652
A,2595,127.155,0.795179069042206
A,2596,127.204,0.814010381698608
A,2597,127.253,0.850253760814667
A,2598,127.302,0.838285326957703
A,2599,127.351,0.998269498348236
A,2600,127.4,0.890876948833466
A,2601,127.449,0.898113071918488
A,2602,127.498,0.735146045684814
A,2603,127.547,0.789936006069183
A,2604,127.596,0.664091467857361
A,2605,127.645,0.907988429069519
A,2606,127.694,0.806454539299011
A,2607,127.743,0.852437257766724
A,2608,127.792,0.846428155899048
A,2609,127.841,0.867744982242584
A,2610,127.89,0.857624411582947
A,2611,127.939,0.906710982322693
A,2612,127.988,0.739867448806763
A,2613,128.037,0.859099984169006
A,2614,128.086,0.875391602516174
A,2615,128.135,0.794372916221619
A,2616,128.184,0.801158368587494
A,2617,128.233,0.903265595436096
A,2618,128.282,0.833122789859772
A,2619,128.331,0.749173998832703
A,2620,128.38,0.815930604934692
A,2621,128.429,0.775163650512695
A,2622,128.478,0.832325339317322
A,2623,128.527,0.881708562374115
A,2624,128.576,0.857854247093201
A,2625,128.625,0.796039760112762
A,2626,128.674,0.847453892230988
A,2627,128.723,0.767304062843323
A,2628,128.772,0.835036337375641
A,2629,128.821,0.826267242431641
A,2630,128.87,0.787749350070953
A,2631,128.919,0.714530289173126
A,2632,128.968,0.79428094625473
A,2633,129.017,0.712657749652863
A,2634,129.066,0.86522513628006
A,2635,129.115,0.771501362323761
A,2636,129.164,0.680767893791199
A,2637,129.213,0.768694579601288
A,2638,129.262,0.746160864830017
A,2639,129.311,0.820778787136078
A,2640,129.36,0.745138823986053
A,2641,129.409,0.652319610118866
A,2642,129.458,0.706935584545135
A,2643,129.507,0.735334992408752
A,2644,129.556,0.6275395154953
A,2645,129.605,0.653894782066345
A,2646,129.654,0.714741408824921
A,2647,129.703,0.694115519523621
A,2648,129.752,0.618666648864746
A,2649,129.801,0.613828361034393
A,2650,129.85,0.62061733007431
A,2651,129.899,0.651536405086517
A,2652,129.948,0.688454627990723
A,2653,129.997,0.798189342021942
A,2654,130.046,0.786333620548248
A,2655,130.095,0.710002958774567
A,2656,130.144,0.686672449111938
A,2657,130.193,0.657676577568054
A,2658,130.242,0.603477716445923
A,2659,130.291,0.615346074104309
A,2660,130.34,0.676494598388672
A,2661,130.389,0.634669780731201
A,2662,130.438,0.707533657550812
A,2663,130.487,0.764939844608307
A,2664,130.536,0.778846263885498
A,2665,130.585,0.828885912895203
A,2666,130.634,0.811353921890259
A,2667,130.683,0.739244163036346
A,2668,130.732,0.614458382129669
A,2669,130.781,0.63126528263092
A,2670,130.83,0.504205822944641
A,2671,130.879,0.727764010429382
A,2672,130.928,0.701606035232544
A,2673,130.977,0.727996170520782
A,2674,131.026,0.725345134735107
A,2675,131.075,0.752184152603149
A,2676,131.124,0.760542929172516
A,2677,131.173,0.652186095714569
A,2678,131.222,0.730488121509552
A,2679,131.271,0.833804905414581
A,2680,131.32,0.697794377803802
A,2681,131.369,0.724659442901611
A,2682,131.418,0.740457355976105
A,2683,131.467,0.683400332927704
A,2684,131.516,0.688946187496185
A,2685,131.565,0.695362210273743
A,2686,131.614,0.717601537704468
A,2687,131.663,0.694835424423218
A,2688,131.712,0.59059476852417
A,2689,131.761,0.67469596862793
A,2690,131.81,0.700661540031433
A,2691,131.859,0.663972735404968
A,2692,131.908,0.645006060600281
A,2693,131.957,0.698334217071533
A,2694,132.006,0.691228866577148
A,2695,132.055,0.698890209197998
A,2696,132.104,0.730187177658081
A,2697,132.153,0.713455975055695
A,2698,132.202,0.791361272335052
A,2699,132.251,0.854734599590302
A,2700,132.3,0.776369154453278
A,2701,132.349,0.80795556306839
A,2702,132.398,0.69578742980957
A,2703,132.447,0.804441750049591
A,2704,132.496,0.827441215515137
A,2705,132.545,0.767817974090576
A,2706,132.594,0.795732796192169
A,2707,132.643,0.892010807991028
A,2708,132.692,0.787228405475616
A,2709,132.741,0.954620718955994
A,2710,132.79,0.798640370368958
A,2711,132.839,0.758697986602783
A,2712,132.888,0.816073358058929
A,2713,132.937,0.699179947376251
A,2714,132.986,0.733803153038025
A,2715,133.035,0.82437926530838
A,2716,133.084,0.683345556259155
A,2717,133.133,0.723586082458496
A,2718,133.182,0.630719363689423
A,2719,133.231,0.730233669281006
A,2720,133.28,0.688524186611176
A,2721,133.329,0.702761292457581
A,2722,133.378,0.771049916744232
A,2723,133.427,0.674532949924469
A,2724,133.476,0.789677917957306
A,2725,133.525,0.844916224479675
A,2726,133.574,0.840250432491302
A,2727,133.623,0.843638956546783
A,2728,133.672,0.861349701881409
A,2729,133.721,0.969894766807556
A,2730,133.77,0.887918174266815
A,2731,133.819,0.900150418281555
A,2732,133.868,0.832155883312225
A,2733,133.917,0.852939069271088
A,2734,133.966,0.902599334716797
A,2735,134.015,0.870152831077576
A,2736,134.064,0.964396774768829
A,2737,134.113,0.980272889137268
A,2738,134.162,0.863426387310028
A,2739,134.211,0.847926378250122
A,2740,134.26,0.781780123710632
A,2741,134.309,0.796282887458801
A,2742,134.358,0.728837549686432
A,2743,134.407,0.753753483295441
A,2744,134.456,0.592695653438568
A,2745,134.505,0.680465400218964
A,2746,134.554,0.685175538063049
A,2747,134.603,0.725265264511108
A,2748,134.652,0.767022550106049
A,2749,134.701,0.70277065038681
A,2750,134.75,0.692883670330048
A,2751,134.799,0.668043196201324
A,2752,134.848,0.714653432369232
A,2753,134.897,0.743210434913635
A,2754,134.946,0.766347408294678
A,2755,134.995,0.801459670066833
A,2756,135.044,0.768446385860443
A,2757,135.093,0.797708690166473
A,2758,135.142,0.703368127346039
A,2759,135.191,0.694499433040619
A,2760,135.24,0.721415817737579
A,2761,135.289,0.698269248008728
A,2762,135.338,0.701795399188995
A,2763,135.387,0.690583407878876
A,2764,135.436,0.863248646259308
A,2765,135.485,0.740781962871552
A,2766,135.534,0.837383568286896
A,2767,135.583,0.837142705917358
A,2768,135.632,0.749961137771606
A,2769,135.681,0.796439290046692
A,2770,135.73,0.742521345615387
A,2771,135.779,0.828613579273224
A,2772,135.828,0.662488400936127
A,2773,135.877,0.793651163578033
A,2774,135.926,0.747336685657501
A,2775,135.975,0.787998735904694
A,2776,136.024,0.76226007938385
A,2777,136.073,0.774719834327698
A,2778,136.122,0.760653972625732
A,2779,136.171,0.814407110214233
A,2780,136.22,0.869149506092072
A,2781,136.269,0.811748087406158
A,2782,136.318,0.849185645580292
A,2783,136.367,0.812502801418304
A,2784,136.416,0.887138783931732
A,2785,136.465,0.881046295166016
A,2786,136.514,0.810346364974976
A,2787,136.563,0.795436561107635
A,2788,136.612,0.743918299674988
A,2789,136.661,0.744398593902588
A,2790,136.71,0.900370001792908
A,2791,136.759,0.834512412548065
A,2792,136.808,0.738372683525085
A,2793,136.857,0.729745149612427
A,2794,136.906,0.842782437801361
A,2795,136.955,0.823901534080505
A,2796,137.004,0.898219585418701
A,2797,137.053,0.801669418811798
A,2798,137.102,0.761580884456635
A,2799,137.151,0.714250862598419
A,2800,137.2,0.760660290718079
A,2801,137.249,0.58854752779007
A,2802,137.298,0.642464995384216
A,2803,137.347,0.711179554462433
A,2804,137.396,0.630929112434387
A,2805,137.445,0.749744176864624
A,2806,137.494,0.787696123123169
A,2807,137.543,0.882353186607361
A,2808,137.592,0.730469822883606
A,2809,137.641,0.759743332862854
A,2810,137.69,0.820696413516998
A,2811,137.739,0.631908655166626
A,2812,137.788,0.811064898967743
A,2813,137.837,0.793523252010345
A,2814,137.886,0.753802835941315
A,2815,137.935,0.756429195404053
A,2816,137.984,0.584672749042511
A,2817,138.033,0.586318135261536
A,2818,138.082,0.641294538974762
A,2819,138.131,0.664616882801056
A,2820,138.18,0.720669031143188
A,2821,138.229,0.693855106830597
A,2822,138.278,0.73975670337677
A,2823,138.327,0.745914876461029
A,2824,138.376,0.680592834949493
A,2825,138.425,0.704647064208984
A,2826,138.474,0.718012034893036
A,2827,138.523,0.681735634803772
A,2828,138.572,0.637812793254852
A,2829,138.621,0.610319435596466
A,2830,138.67,0.632433772087097
A,2831,138.719,0.672163248062134
A,2832,138.768,0.788152098655701
A,2833,138.817,0.827682673931122
A,2834,138.866,0.771616816520691
A,2835,138.915,0.979144215583801
A,2836,138.964,1.09484171867371
A,2837,139.013,1.16791558265686
A,2838,139.062,1.09529161453247
A,2839,139.111,1.0889744758606
A,2840,139.16,1.00597155094147
A,2841,139.209,1.00044453144073
A,2842,139.258,0.836304605007172
A,2843,139.307,0.756748378276825
A,2844,139.356,0.842036426067352
A,2845,139.405,0.791692435741425
A,2846,139.454,0.725192546844482
A,2847,139.503,0.658528089523315
A,2848,139.552,0.749960780143738
A,2849,139.601,0.797464489936829
A,2850,139.65,0.860784471035004
A,2851,139.699,0.734905958175659
A,2852,139.748,0.890960574150085
A,2853,139.797,0.926500022411346
A,2854,139.846,0.839780926704407
A,2855,139.895,0.967854797840118
A,2856,139.944,0.92497581243515
A,2857,139.993,0.896058201789856
A,2858,140.042,0.93062949180603
A,2859,140.091,0.946129083633423
A,2860,140.14,0.967710494995117
A,2861,140.189,0.77962726354599
A,2862,140.238,0.857096016407013
A,2863,140.287,1.06857204437256
A,2864,140.336,0.881918132305145
A,2865,140.385,0.953554630279541
A,2866,140.434,0.897162973880768
A,2867,140.483,0.99654233455658
A,2868,140.532,0.996052086353302
A,2869,140.581,0.894976913928986
A,2870,140.63,0.910023152828217
A,2871,140.679,0.916141867637634
A,2872,140.728,0.894256591796875
A,2873,140.777,0.935163915157318
A,2874,140.826,0.918119132518768
A,2875,140.875,0.841259121894836
A,2876,140.924,0.999094486236572
A,2877,140.973,0.952898144721985
A,2878,141.022,1.02784061431885
A,2879,141.071,0.876963138580322
A,2880,141.12,0.863746285438538
A,2881,141.169,0.846661567687988
A,2882,141.218,0.712866246700287
A,2883,141.267,0.778182148933411
A,2884,141.316,0.739320516586304
A,2885,141.365,0.91415935754776
A,2886,141.414,1.02780854701996
A,2887,141.463,0.876217007637024
A,2888,141.512,0.883535861968994
A,2889,141.561,0.897859930992126
A,2890,141.61,0.860643088817596
A,2891,141.659,1.00080823898315
A,2892,141.708,0.831458568572998
A,2893,141.757,0.900654435157776
A,2894,141.806,0.947682321071625
A,2895,141.855,0.974170923233032
A,2896,141.904,0.995484948158264
A,2897,141.953,0.989911913871765
A,2898,142.002,1.00785863399506
A,2899,142.051,0.941238820552826
A,2900,142.1,0.92737603187561
A,2901,142.149,0.951735496520996
A,2902,142.198,0.966387808322906
A,2903,142.247,0.861409306526184
A,2904,142.296,0.868206322193146
A,2905,142.345,0.975289404392242
A,2906,142.394,0.975786924362183
A,2907,142.443,0.847045958042145
A,2908,142.492,0.848352551460266
A,2909,142.541,0.874008774757385
A,2910,142.59,0.839416682720184
A,2911,142.639,0.941051244735718
A,2912,142.688,0.916091322898865
A,2913,142.737,0.925733208656311
A,2914,142.786,0.916487574577332
A,2915,142.835,0.764369070529938
A,2916,142.884,0.801693558692932
A,2917,142.933,0.960766136646271
A,2918,142.982,0.803458094596863
A,2919,143.031,0.753070890903473
A,2920,143.08,0.781557202339172
A,2921,143.129,0.884369313716888
A,2922,143.178,0.885288298130035
A,2923,143.227,0.817101061344147
A,2924,143.276,0.85012823343277
A,2925,143.325,0.800284504890442
A,2926,143.374,0.982645094394684
A,2927,143.423,0.86779111623764
A,2928,143.472,0.980012118816376
A,2929,143.521,0.94720721244812
A,2930,143.57,0.958858549594879
A,2931,143.619,1.16555368900299
A,2932,143.668,1.21755969524384
A,2933,143.717,1.23730063438416
A,2934,143.766,1.12791013717651
A,2935,143.815,1.18866908550262
A,2936,143.864,1.26271891593933
A,2937,143.913,0.938496232032776
A,2938,143.962,1.0842707157135
A,2939,144.011,1.10386395454407
A,2940,144.06,1.15022587776184
A,2941,144.109,1.129554271698
A,2942,144.158,1.16462969779968
A,2943,144.207,1.25048351287842
A,2944,144.256,1.25389885902405
A,2945,144.305,1.38012444972992
A,2946,144.354,1.14704239368439
A,2947,144.403,1.20565390586853
A,2948,144.452,1.2616651058197
A,2949,144.501,1.24677395820618
A,2950,144.55,1.1942765712738
A,2951,144.599,1.30277001857758
A,2952,144.648,1.07917356491089
A,2953,144.697,1.05824136734009
A,2954,144.746,1.15313744544983
A,2955,144.795,1.1422655582428
A,2956,144.844,1.2013053894043
A,2957,144.893,1.20234858989716
A,2958,144.942,1.18765437602997
A,2959,144.991,1.23494791984558
A,2960,145.04,1.12013459205627
A,2961,145.089,1.30906271934509
A,2962,145.138,1.19004595279694
A,2963,145.187,1.1642462015152
A,2964,145.236,1.23033499717712
A,2965,145.285,0.981397926807404
A,2966,145.334,1.19346606731415
A,2967,145.383,1.10097348690033
A,2968,145.432,1.1715202331543
A,2969,145.481,1.15065097808838
A,2970,145.53,1.16879260540009
A,2971,145.579,0.988752722740173
A,2972,145.628,1.11637675762177
A,2973,145.677,1.06833779811859
A,2974,145.726,1.17781615257263
A,2975,145.775,1.18491077423096
A,2976,145.824,1.13157737255096
A,2977,145.873,1.10909533500671
A,2978,145.922,1.01355636119843
A,2979,145.971,0.941942691802979
A,2980,146.02,1.05701816082001
A,2981,146.069,0.951768279075623
A,2982,146.118,0.938101172447205
A,2983,146.167,0.863352239131927
A,2984,146.216,0.937849223613739
A,2985,146.265,1.02443623542786
A,2986,146.314,0.995161533355713
A,2987,146.363,1.17913484573364
A,2988,146.412,1.1338301897049
A,2989,146.461,0.983367204666138
A,2990,146.51,0.967896819114685
A,2991,146.559,1.09662318229675
A,2992,146.608,1.13241052627563
A,2993,146.657,1.17029917240143
A,2994,146.706,1.11469078063965
A,2995,146.755,1.0975444316864
A,2996,146.804,1.03448760509491
A,2997,146.853,1.28539943695068
A,2998,146.902,0.977673590183258
A,2999,146.951,1.09328877925873
A,3000,147,1.03088426589966
A,3001,147.049,1.06778204441071
A,3002,147.098,1.023073554039
A,3003,147.147,1.03545749187469
A,3004,147.196,1.17189884185791
A,3005,147.245,1.11770927906036
A,3006,147.294,1.05224454402924
A,3007,147.343,1.12129414081573
A,3008,147.392,1.10797989368439
A,3009,147.441,1.05494368076324
A,3010,147.49,1.10218703746796
A,3011,147.539,0.996381640434265
A,3012,147.588,1.04361879825592
A,3013,147.637,1.28582334518433
A,3014,147.686,1.16443812847137
A,3015,147.735,1.20940351486206
A,3016,147.784,1.26690649986267
A,3017,147.833,1.2412805557251
A,3018,147.882,1.26541018486023
A,3019,147.931,1.238525390625
A,3020,147.98,1.13063859939575
A,3021,148.029,1.12840032577515
A,3022,148.078,1.22667574882507
A,3023,148.127,1.31239128112793
A,3024,148.176,1.29251754283905
A,3025,148.225,1.28072929382324
A,3026,148.274,1.18821668624878
A,3027,148.323,1.26945400238037
A,3028,148.372,1.32318902015686
A,3029,148.421,1.13141429424286
A,3030,148.47,1.22448551654816
A,3031,148.519,1.47013175487518
A,3032,148.568,1.22773146629333
A,3033,148.617,1.31954646110535
A,3034,148.666,1.32186615467072
A,3035,148.715,1.27743208408356
A,3036,148.764,1.26992523670197
A,3037,148.813,1.31866455078125
A,3038,148.862,1.30207073688507
A,3039,148.911,1.21169662475586
A,3040,148.96,1.24579799175262
A,3041,149.009,1.2848037481308
A,3042,149.058,1.1997549533844
A,3043,149.107,1.29022109508514
A,3044,149.156,1.35595786571503
A,3045,149.205,1.31288647651672
A,3046,149.254,1.39737021923065
A,3047,149.303,1.40836298465729
A,3048,149.352,1.48472189903259
A,3049,149.401,1.37754762172699
A,3050,149.45,1.15081489086151
A,3051,149.499,1.15501356124878
A,3052,149.548,1.27634072303772
A,3053,149.597,1.60640692710876
A,3054,149.646,1.42383110523224
A,3055,149.695,1.27198266983032
A,3056,149.744,1.54127788543701
A,3057,149.793,1.40035486221313
A,3058,149.842,1.45333433151245
A,3059,149.891,1.27928042411804
A,3060,149.94,1.612309217453
A,3061,149.989,1.46728372573853
A,3062,150.038,1.68124771118164
A,3063,150.087,1.64900481700897
A,3064,150.136,1.64772176742554
A,3065,150.185,1.37299489974976
A,3066,150.234,1.27414584159851
A,3067,150.283,1.24079203605652
A,3068,150.332,1.29227840900421
A,3069,150.381,1.29601681232452
A,3070,150.43,1.53061425685883
A,3071,150.479,1.5396021604538
A,3072,150.528,1.60112965106964
A,3073,150.577,1.58048272132874
A,3074,150.626,1.61496448516846
A,3075,150.675,1.74303030967712
A,3076,150.724,1.65290319919586
A,3077,150.773,1.59960806369781
A,3078,150.822,1.51355290412903
A,3079,150.871,1.50567209720612
A,3080,150.92,1.39583337306976
A,3081,150.969,1.39744710922241
A,3082,151.018,1.38676691055298
A,3083,151.067,1.53777348995209
A,3084,151.116,1.51863765716553
A,3085,151.165,1.62276697158813
A,3086,151.214,1.45134782791138
A,3087,151.263,1.54029107093811
A,3088,151.312,1.77553629875183
A,3089,151.361,1.79513561725616
A,3090,151.41,1.51736497879028
A,3091,151.459,1.53707349300385
A,3092,151.508,1.52668845653534
A,3093,151.557,1.28337335586548
A,3094,151.606,1.11372053623199
A,3095,151.655,1.03172993659973
A,3096,151.704,1.19085133075714
A,3097,151.753,1.35323250293732
A,3098,151.802,1.25141167640686
A,3099,151.851,1.27404940128326
A,3100,151.9,1.48686456680298
A,3101,151.949,1.50322532653809
A,3102,151.998,1.30624532699585
A,3103,152.047,1.36773264408112
A,3104,152.096,1.26425623893738
A,3105,152.145,1.24864256381989
A,3106,152.194,1.51722872257233
A,3107,152.243,1.41832613945007
A,3108,152.292,1.3678423166275
A,3109,152.341,1.24087154865265
A,3110,152.39,1.37316930294037
A,3111,152.439,1.44251370429993
A,3112,152.488,1.32832372188568
A,3113,152.537,1.37460839748383
A,3114,152.586,1.22960698604584
A,3115,152.635,1.25446772575378
A,3116,152.684,1.1219357252121
A,3117,152.733,1.04655230045319
A,3118,152.782,1.14077615737915
A,3119,152.831,1.20186054706573
A,3120,152.88,1.20739603042603
A,3121,152.929,1.41857290267944
A,3122,152.978,1.32868885993958
A,3123,153.027,1.19018721580505
A,3124,153.076,1.19354343414307
A,3125,153.125,1.03394460678101
A,3126,153.174,0.953778386116028
A,3127,153.223,1.11171960830688
A,3128,153.272,1.04073083400726
A,3129,153.321,1.05801343917847
A,3130,153.37,1.25633704662323
A,3131,153.419,1.13416481018066
A,3132,153.468,1.08843290805817
A,3133,153.517,0.94114077091217
A,3134,153.566,1.06312358379364
A,3135,153.615,1.14589238166809
A,3136,153.664,1.07776284217834
A,3137,153.713,1.09497785568237
A,3138,153.762,1.32942974567413
A,3139,153.811,1.2025955915451
A,3140,153.86,1.20486879348755
A,3141,153.909,1.09412884712219
A,3142,153.958,1.02240633964539
A,3143,154.007,1.23284518718719
A,3144,154.056,1.28389525413513
A,3145,154.105,1.41184234619141
A,3146,154.154,1.23984158039093
A,3147,154.203,1.14476180076599
A,3148,154.252,1.19406676292419
A,3149,154.301,1.49440944194794
A,3150,154.35,1.45359945297241
A,3151,154.399,1.6677839756012
A,3152,154.448,1.55954074859619
A,3153,154.497,1.70419788360596
A,3154,154.546,1.79854428768158
A,3155,154.595,1.74465680122375
A,3156,154.644,1.67768287658691
A,3157,154.693,1.68199479579926
A,3158,154.742,1.79689538478851
A,3159,154.791,1.51494550704956
A,3160,154.84,1.54278993606567
A,3161,154.889,1.23311054706573
A,3162,154.938,1.42830073833466
A,3163,154.987,1.63805389404297
A,3164,155.036,1.50433218479156
A,3165,155.085,1.33245050907135
A,3166,155.134,1.60489928722382
A,3167,155.183,1.45382523536682
A,3168,155.232,1.3277759552002
A,3169,155.281,1.26135146617889
A,3170,155.33,1.3375985622406
A,3171,155.379,1.43929934501648
A,3172,155.428,1.35259735584259
A,3173,155.477,1.32046675682068
A,3174,155.526,1.37344872951508
A,3175,155.575,1.5355943441391
A,3176,155.624,1.32488572597504
A,3177,155.673,1.38323616981506
A,3178,155.722,1.28254270553589
A,3179,155.771,1.29560112953186
A,3180,155.82,1.40086567401886
A,3181,155.869,1.45898699760437
A,3182,155.918,1.52620041370392
A,3183,155.967,1.53181612491608
A,3184,156.016,1.39027333259583
A,3185,156.065,1.54686176776886
A,3186,156.114,1.62527573108673
A,3187,156.163,1.67032694816589
A,3188,156.212,1.67071521282196
A,3189,156.261,1.60455751419067
A,3190,156.31,1.49630343914032
A,3191,156.359,1.39756798744202
A,3192,156.408,1.50597095489502
A,3193,156.457,1.53359639644623
A,3194,156.506,1.34853982925415
A,3195,156.555,1.42826676368713
A,3196,156.604,1.25085258483887
A,3197,156.653,1.46095108985901
A,3198,156.702,1.41457808017731
A,3199,156.751,1.79322409629822
A,3200,156.8,1.50726211071014
A,3201,156.849,1.60792756080627
A,3202,156.898,1.58620285987854
A,3203,156.947,1.74807369709015
A,3204,156.996,2.06368327140808
A,3205,157.045,2.05130124092102
A,3206,157.094,1.97033822536469
A,3207,157.143,1.98840117454529
A,3208,157.192,2.26467704772949
A,3209,157.241,2.11632013320923
A,3210,157.29,2.13102841377258
A,3211,157.339,1.99921000003815
A,3212,157.388,1.95846366882324
A,3213,157.437,2.03498244285583
A,3214,157.486,1.9041451215744
A,3215,157.535,1.87655258178711
A,3216,157.584,1.75797724723816
A,3217,157.633,1.91259849071503
A,3218,157.682,1.75902271270752
A,3219,157.731,1.94740355014801
A,3220,157.78,2.05510759353638
A,3221,157.829,1.9098265171051
A,3222,157.878,1.8921777009964
A,3223,157.927,1.95713424682617
A,3224,157.976,2.00317978858948
A,3225,158.025,1.78588354587555
A,3226,158.074,1.91497421264648
A,3227,158.123,1.76392555236816
A,3228,158.172,1.88775300979614
A,3229,158.221,1.95061981678009
A,3230,158.27,1.91058993339539
A,3231,158.319,1.89297926425934
A,3232,158.368,1.71704316139221
A,3233,158.417,1.8065425157547
A,3234,158.466,1.6620329618454
A,3235,158.515,1.71963095664978
A,3236,158.564,1.59691154956818
A,3237,158.613,1.66104030609131
A,3238,158.662,1.48448777198792
A,3239,158.711,1.21654570102692
A,3240,158.76,1.36517882347107
A,3241,158.809,1.30897772312164
A,3242,158.858,1.41756510734558
A,3243,158.907,1.38336873054504
A,3244,158.956,1.45221817493439
A,3245,159.005,1.54728305339813
A,3246,159.054,1.30855178833008
A,3247,159.103,1.27999377250671
A,3248,159.152,1.29001867771149
A,3249,159.201,1.3244012594223
A,3250,159.25,1.56365168094635
A,3251,159.299,1.51447319984436
A,3252,159.348,1.54904806613922
A,3253,159.397,1.4852466583252
A,3254,159.446,1.43800568580627
A,3255,159.495,1.47930431365967
A,3256,159.544,1.50817632675171
A,3257,159.593,1.45451891422272
A,3258,159.642,1.4723584651947
A,3259,159.691,1.4518301486969
A,3260,159.74,1.5507298707962
A,3261,159.789,1.66859233379364
A,3262,159.838,1.48749268054962
A,3263,159.887,1.49218380451202
A,3264,159.936,1.4048159122467
A,3265,159.985,1.45463192462921
A,3266,160.034,1.61395764350891
A,3267,160.083,2.05088782310486
A,3268,160.132,1.82760345935822
A,3269,160.181,1.96080374717712
A,3270,160.23,1.96467328071594
A,3271,160.279,1.85757768154144
A,3272,160.328,2.07564878463745
A,3273,160.377,1.69581878185272
A,3274,160.426,1.73600220680237
A,3275,160.475,1.63780844211578
A,3276,160.524,1.85148894786835
A,3277,160.573,1.62152755260468
A,3278,160.622,1.63794589042664
A,3279,160.671,1.63510513305664
A,3280,160.72,1.50764274597168
A,3281,160.769,1.74880111217499
A,3282,160.818,1.45804595947266
A,3283,160.867,1.60000896453857
A,3284,160.916,1.71776938438416
A,3285,160.965,1.82767498493195
A,3286,161.014,1.52050459384918
A,3287,161.063,1.46559977531433
A,3288,161.112,1.39131736755371
A,3289,161.161,1.702751994133
A,3290,161.21,1.63885867595673
A,3291,161.259,1.68291878700256
A,3292,161.308,1.70161247253418
A,3293,161.357,1.5663298368454
A,3294,161.406,1.503378033638
A,3295,161.455,1.63522839546204
A,3296,161.504,1.62163901329041
A,3297,161.553,1.56914818286896
A,3298,161.602,1.33734679222107
A,3299,161.651,1.53651881217957
A,3300,161.7,1.49544179439545
A,3301,161.749,1.5847772359848
A,3302,161.798,1.72593867778778
A,3303,161.847,1.58215296268463
A,3304,161.896,1.40388739109039
A,3305,161.945,1.42376840114594
A,3306,161.994,1.53216981887817
A,3307,162.043,1.68122720718384
A,3308,162.092,1.65005075931549
A,3309,162.141,1.8111811876297
A,3310,162.19,1.71140205860138
A,3311,162.239,1.66853523254395
A,3312,162.288,1.64570271968842
A,3313,162.337,1.43963015079498
A,3314,162.386,1.64867067337036
A,3315,162.435,1.45671045780182
A,3316,162.484,1.27463626861572
A,3317,162.533,1.18637537956238
A,3318,162.582,1.34026372432709
A,3319,162.631,1.33116888999939
A,3320,162.68,1.29461359977722
A,3321,162.729,1.39082038402557
A,3322,162.778,1.37887787818909
A,3323,162.827,1.29847240447998
A,3324,162.876,1.15445327758789
A,3325,162.925,1.25208687782288
A,3326,162.974,1.24671244621277
A,3327,163.023,1.08711278438568
A,3328,163.072,0.945391118526459
A,3329,163.121,0.821115136146545
A,3330,163.17,0.808861017227173
A,3331,163.219,0.967450737953186
A,3332,163.268,0.95711213350296
A,3333,163.317,0.874641597270966
A,3334,163.366,0.946670293807983
A,3335,163.415,1.0271703004837
A,3336,163.464,1.11166131496429
A,3337,163.513,1.1885758638382
A,3338,163.562,1.05565118789673
A,3339,163.611,1.02629733085632
A,3340,163.66,0.95769190788269
A,3341,163.709,1.11301469802856
A,3342,163.758,0.977379143238068
A,3343,163.807,0.962393045425415
A,3344,163.856,1.12650156021118
A,3345,163.905,1.07308316230774
A,3346,163.954,1.05936229228973
A,3347,164.003,1.11571955680847
A,3348,164.052,1.01418483257294
A,3349,164.101,0.901731669902802
A,3350,164.15,0.959527671337128
A,3351,164.199,1.09067070484161
A,3352,164.248,0.864429414272308
A,3353,164.297,0.912284374237061
A,3354,164.346,0.846944570541382
A,3355,164.395,0.827253341674805
A,3356,164.444,0.827210962772369
A,3357,164.493,0.994938731193542
A,3358,164.542,1.12119603157043
A,3359,164.591,0.937398552894592
A,3360,164.64,1.05056393146515
A,3361,164.689,1.00919270515442
A,3362,164.738,1.06136524677277
A,3363,164.787,1.1788284778595
A,3364,164.836,1.2501574754715
A,3365,164.885,1.29019212722778
A,3366,164.934,1.23911333084106
A,3367,164.983,1.2566329240799
A,3368,165.032,1.2844957113266
A,3369,165.081,1.24110841751099
A,3370,165.13,1.38349306583405
A,3371,165.179,1.26818132400513
A,3372,165.228,1.2683333158493
A,3373,165.277,1.17379832267761
A,3374,165.326,1.24767458438873
A,3375,165.375,0.968017399311066
A,3376,165.424,1.05150163173676
A,3377,165.473,1.08529508113861
A,3378,165.522,1.16129398345947
A,3379,165.571,1.11941373348236
A,3380,165.62,1.25524604320526
A,3381,165.669,1.20971441268921
A,3382,165.718,1.1656756401062
A,3383,165.767,1.23496627807617
A,3384,165.816,1.18272852897644
A,3385,165.865,1.18901014328003
A,3386,165.914,1.17305219173431
A,3387,165.963,1.20039045810699
A,3388,166.012,1.16241729259491
A,3389,166.061,0.971890509128571
A,3390,166.11,0.911879301071167
A,3391,166.159,0.916213691234589
A,3392,166.208,1.01191699504852
A,3393,166.257,0.876992642879486
A,3394,166.306,0.764682054519653
A,3395,166.355,0.853842616081238
A,3396,166.404,0.925593316555023
A,3397,166.453,0.855842769145966
A,3398,166.502,0.735145211219788
A,3399,166.551,0.865433812141418
A,3400,166.6,0.900251746177673
A,3401,166.649,0.956221520900726
A,3402,166.698,0.895158588886261
A,3403,166.747,0.897606074810028
A,3404,166.796,0.978293240070343
A,3405,166.845,0.879960477352142
A,3406,166.894,0.97680652141571
A,3407,166.943,1.01081383228302
A,3408,166.992,1.05619430541992
A,3409,167.041,0.920014619827271
A,3410,167.09,0.940939426422119
A,3411,167.139,0.826761782169342
A,3412,167.188,0.907548069953918
A,3413,167.237,1.04821956157684
A,3414,167.286,0.944872438907623
A,3415,167.335,1.07086431980133
A,3416,167.384,0.977736473083496
A,3417,167.433,1.06851446628571
A,3418,167.482,1.12981593608856
A,3419,167.531,0.994584321975708
A,3420,167.58,1.0516163110733
A,3421,167.629,1.09648811817169
A,3422,167.678,1.12372004985809
A,3423,167.727,1.08555519580841
A,3424,167.776,1.27603220939636
A,3425,167.825,1.21901857852936
A,3426,167.874,1.14202988147736
A,3427,167.923,1.05839824676514
A,3428,167.972,1.19858014583588
A,3429,168.021,1.22983253002167
A,3430,168.07,1.18464183807373
A,3431,168.119,1.22291707992554
A,3432,168.168,1.19256484508514
A,3433,168.217,1.27459275722504
A,3434,168.266,1.27944004535675
A,3435,168.315,1.1819521188736
A,3436,168.364,1.24103474617004
A,3437,168.413,1.16710579395294
A,3438,168.462,1.15221416950226
A,3439,168.511,1.14494395256042
A,3440,168.56,1.25661444664001
A,3441,168.609,1.21918928623199
A,3442,168.658,1.07469856739044
A,3443,168.707,1.02087938785553
A,3444,168.756,1.02769160270691
A,3445,168.805,1.10443150997162
A,3446,168.854,1.12786865234375
A,3447,168.903,0.980404257774353
A,3448,168.952,0.922174394130707
A,3449,169.001,0.911915183067322
A,3450,169.05,0.920497834682465
A,3451,169.099,1.01191937923431
A,3452,169.148,1.05378186702728
A,3453,169.197,1.00607824325562
A,3454,169.246,0.864269495010376
A,3455,169.295,0.859836757183075
A,3456,169.344,0.932226479053497
A,3457,169.393,0.798332571983337
A,3458,169.442,0.826107382774353
A,3459,169.491,0.687805533409119
A,3460,169.54,0.618242561817169
A,3461,169.589,0.819663405418396
A,3462,169.638,0.728996217250824
A,3463,169.687,0.831917881965637
A,3464,169.736,0.916207730770111
A,3465,169.785,0.786892712116241
A,3466,169.834,0.839009404182434
A,3467,169.883,0.799423515796661
A,3468,169.932,0.781084775924683
A,3469,169.981,0.786567330360413
A,3470,170.03,0.776770651340485
A,3471,170.079,0.718506634235382
A,3472,170.128,0.742388308048248
A,3473,170.177,0.750307321548462
A,3474,170.226,0.849064588546753
A,3475,170.275,0.802825570106506
A,3476,170.324,0.870299577713013
A,3477,170.373,0.791151344776154
A,3478,170.422,0.865110993385315
A,3479,170.471,1.0016108751297
A,3480,170.52,0.900431156158447
A,3481,170.569,0.911248326301575
A,3482,170.618,0.967283606529236
A,3483,170.667,1.04263436794281
A,3484,170.716,0.96354067325592
A,3485,170.765,0.990643680095673
A,3486,170.814,0.898369252681732
A,3487,170.863,0.842071533203125
A,3488,170.912,0.958745896816254
A,3489,170.961,0.967598617076874
A,3490,171.01,0.96919196844101
A,3491,171.059,0.841320812702179
A,3492,171.108,1.01358819007874
A,3493,171.157,1.06688559055328
A,3494,171.206,1.23822617530823
A,3495,171.255,1.14239728450775
A,3496,171.304,1.09431982040405
A,3497,171.353,0.956368267536163
A,3498,171.402,0.968923628330231
A,3499,171.451,1.01042985916138
A,3500,171.5,1.20277285575867
A,3501,171.549,1.0947562456131
A,3502,171.598,0.935578525066376
A,3503,171.647,0.928661823272705
A,3504,171.696,0.93990170955658
A,3505,171.745,0.938181400299072
A,3506,171.794,1.06066536903381
A,3507,171.843,0.990684270858765
A,3508,171.892,1.05254876613617
A,3509,171.941,1.12869417667389
A,3510,171.99,1.10517311096191
A,3511,172.039,1.03298699855804
A,3512,172.088,0.950729489326477
A,3513,172.137,0.80088472366333
A,3514,172.186,0.75516152381897
A,3515,172.235,0.774280607700348
A,3516,172.284,0.755390644073486
A,3517,172.333,0.73820549249649
A,3518,172.382,0.735768258571625
A,3519,172.431,0.800413131713867
A,3520,172.48,0.672364711761475
A,3521,172.529,0.79472953081131
A,3522,172.578,0.91374009847641
A,3523,172.627,0.916719377040863
A,3524,172.676,0.867528319358826
A,3525,172.725,0.890740096569061
A,3526,172.774,0.804866671562195
A,3527,172.823,0.854234457015991
A,3528,172.872,0.885412514209747
A,3529,172.921,0.8680340051651
A,3530,172.97,0.820025265216827
A,3531,173.019,0.715721607208252
A,3532,173.068,0.731957793235779
A,3533,173.117,0.717764854431152
A,3534,173.166,0.752256393432617
A,3535,173.215,0.680422782897949
A,3536,173.264,0.771648705005646
A,3537,173.313,0.754505276679993
A,3538,173.362,0.710623323917389
A,3539,173.411,0.783782303333282
A,3540,173.46,0.753725528717041
A,3541,173.509,0.663443803787231
A,3542,173.558,0.682272434234619
A,3543,173.607,0.629598617553711
A,3544,173.656,0.614938020706177
A,3545,173.705,0.744268655776978
A,3546,173.754,0.698024392127991
A,3547,173.803,0.714299857616425
A,3548,173.852,0.868531167507172
A,3549,173.901,0.788019955158234
A,3550,173.95,0.860031962394714
A,3551,173.999,0.852815866470337
A,3552,174.048,0.778026580810547
A,3553,174.097,0.867655813694
A,3554,174.146,0.823297381401062
A,3555,174.195,0.832173109054565
A,3556,174.244,0.839093923568726
A,3557,174.293,0.898945093154907
A,3558,174.342,0.762142062187195
A,3559,174.391,0.896713674068451
A,3560,174.44,0.805545747280121
A,3561,174.489,0.812951266765594
A,3562,174.538,0.85589075088501
A,3563,174.587,0.990987122058868
A,3564,174.636,0.969148635864258
A,3565,174.685,0.913472175598145
A,3566,174.734,1.01144003868103
A,3567,174.783,1.11290597915649
A,3568,174.832,1.04412913322449
A,3569,174.881,1.01356065273285
A,3570,174.93,1.15358018875122
A,3571,174.979,1.09244394302368
A,3572,175.028,1.04708385467529
A,3573,175.077,1.08575475215912
A,3574,175.126,0.997768580913544
A,3575,175.175,0.863975882530212
A,3576,175.224,0.941383719444275
A,3577,175.273,0.807835698127747
A,3578,175.322,0.979433000087738
A,3579,175.371,1.00463759899139
A,3580,175.42,0.909475147724152
A,3581,175.469,0.913995325565338
A,3582,175.518,1.05832290649414
A,3583,175.567,0.868928790092468
A,3584,175.616,0.957774102687836
A,3585,175.665,0.813474893569946
A,3586,175.714,0.914848923683167
A,3587,175.763,0.83893221616745
A,3588,175.812,0.796166956424713
A,3589,175.861,0.837431788444519
A,3590,175.91,0.739705264568329
A,3591,175.959,0.869934260845184
A,3592,176.008,0.801457583904266
A,3593,176.057,0.788496375083923
A,3594,176.106,0.652164876461029
A,3595,176.155,0.737660109996796
A,3596,176.204,0.843654334545135
A,3597,176.253,0.791642248630524
A,3598,176.302,0.863959014415741
A,3599,176.351,0.963142037391663
A,3600,176.4,0.962638795375824
A,3601,176.449,0.952690541744232
A,3602,176.498,0.961091101169586
A,3603,176.547,0.927038431167603
A,3604,176.596,0.845167696475983
A,3605,176.645,0.741004705429077
A,3606,176.694,0.685193479061127
A,3607,176.743,0.668051362037659
A,3608,176.792,0.585666179656982
A,3609,176.841,0.723000526428223
A,3610,176.89,0.860050916671753
A,3611,176.939,0.849900901317596
A,3612,176.988,0.895237028598785
A,3613,177.037,0.748997747898102
A,3614,177.086,0.963021636009216
A,3615,177.135,0.98533707857132
A,3616,177.184,0.80267322063446
A,3617,177.233,0.773968636989594
A,3618,177.282,0.915012121200562
A,3619,177.331,0.74979704618454
A,3620,177.38,0.843022286891937
A,3621,177.429,0.756852447986603
A,3622,177.478,1.02083420753479
A,3623,177.527,1.02505803108215
A,3624,177.576,1.0422488451004
A,3625,177.625,1.00711071491241
A,3626,177.674,0.93270081281662
A,3627,177.723,0.850932717323303
A,3628,177.772,0.915491759777069
A,3629,177.821,0.872756481170654
A,3630,177.87,0.852816700935364
A,3631,177.919,0.872356116771698
A,3632,177.968,0.853980004787445
A,3633,178.017,0.883363783359528
A,3634,178.066,0.94523286819458
A,3635,178.115,0.981989145278931
A,3636,178.164,0.940903902053833
A,3637,178.213,0.936414361000061
A,3638,178.262,0.829911410808563
A,3639,178.311,0.907762944698334
A,3640,178.36,0.992179453372955
A,3641,178.409,0.846763432025909
A,3642,178.458,0.870345830917358
A,3643,178.507,0.844462692737579
A,3644,178.556,0.856653213500977
A,3645,178.605,0.887803614139557
A,3646,178.654,0.783209919929504
A,3647,178.703,0.825406849384308
A,3648,178.752,0.737398445606232
A,3649,178.801,0.785392582416534
A,3650,178.85,0.894419312477112
A,3651,178.899,0.800867080688477
A,3652,178.948,0.973332345485687
A,3653,178.997,1.00366771221161
A,3654,179.046,1.04174637794495
A,3655,179.095,1.12021362781525
A,3656,179.144,1.08166027069092
A,3657,179.193,1.06893217563629
A,3658,179.242,1.11898899078369
A,3659,179.291,1.0677752494812
A,3660,179.34,1.13550519943237
A,3661,179.389,1.14818406105042
A,3662,179.438,0.985241532325745
A,3663,179.487,1.23005568981171
A,3664,179.536,1.21571707725525
A,3665,179.585,1.13381135463715
A,3666,179.634,1.24856531620026
A,3667,179.683,1.23226416110992
A,3668,179.732,1.19910252094269
A,3669,179.781,1.10317075252533
A,3670,179.83,1.07155478000641
A,3671,179.879,1.05441904067993
A,3672,179.928,0.878750741481781
A,3673,179.977,1.02763760089874
A,3674,180.026,1.21644461154938
A,3675,180.075,1.11338341236115
A,3676,180.124,1.13008618354797
A,3677,180.173,0.994165062904358
A,3678,180.222,1.04920732975006
A,3679,180.271,0.867359101772308
A,3680,180.32,1.04288482666016
A,3681,180.369,1.00041091442108
A,3682,180.418,0.935491025447845
A,3683,180.467,1.00594329833984
A,3684,180.516,0.940980136394501
A,3685,180.565,1.00489866733551
A,3686,180.614,1.05821847915649
A,3687,180.663,1.17679464817047
A,3688,180.712,1.18023633956909
A,3689,180.761,1.28891432285309
A,3690,180.81,1.19115376472473
A,3691,180.859,1.13164496421814
A,3692,180.908,1.23616230487823
A,3693,180.957,1.23890125751495
A,3694,181.006,1.1720826625824
A,3695,181.055,1.36511874198914
A,3696,181.104,1.29501211643219
A,3697,181.153,1.32008039951324
A,3698,181.202,1.45743417739868
A,3699,181.251,1.33281743526459
A,3700,181.3,1.27497673034668
A,3701,181.349,1.20684015750885
A,3702,181.398,1.35733091831207
A,3703,181.447,1.29012012481689
A,3704,181.496,1.35846376419067
A,3705,181.545,1.32236933708191
A,3706,181.594,1.25274467468262
A,3707,181.643,1.30984461307526
A,3708,181.692,1.33149933815002
A,3709,181.741,1.33833718299866
A,3710,181.79,1.36582052707672
A,3711,181.839,1.27164924144745
A,3712,181.888,1.40828740596771
A,3713,181.937,1.36411118507385
A,3714,181.986,1.43556368350983
A,3715,182.035,1.23504233360291
A,3716,182.084,1.24778044223785
A,3717,182.133,1.29910182952881
A,3718,182.182,1.20942866802216
A,3719,182.231,1.16820585727692
A,3720,182.28,1.238436460495
A,3721,182.329,1.02994763851166
A,3722,182.378,1.11749243736267
A,3723,182.427,1.09000110626221
A,3724,182.476,1.01855313777924
A,3725,182.525,0.95898175239563
A,3726,182.574,1.00931453704834
A,3727,182.623,1.10833203792572
A,3728,182.672,0.97855019569397
A,3729,182.721,1.07840692996979
A,3730,182.77,1.03572654724121
A,3731,182.819,1.15201473236084
A,3732,182.868,1.11215019226074
A,3733,182.917,1.15862941741943
A,3734,182.966,1.25722241401672
A,3735,183.015,1.23666095733643
A,3736,183.064,1.34482777118683
A,3737,183.113,1.28420972824097
A,3738,183.162,1.20484364032745
A,3739,183.211,1.21798324584961
A,3740,183.26,1.23755788803101
A,3741,183.309,1.08949768543243
A,3742,183.358,1.20318019390106
A,3743,183.407,1.18989062309265
A,3744,183.456,1.25809824466705
A,3745,183.505,1.0905077457428
A,3746,183.554,1.11047399044037
A,3747,183.603,1.13785815238953
A,3748,183.652,1.16592812538147
A,3749,183.701,1.09420502185822
A,3750,183.75,1.10433685779572
A,3751,183.799,1.26252484321594
A,3752,183.848,1.17086267471313
A,3753,183.897,1.21980798244476
A,3754,183.946,1.17379581928253
A,3755,183.995,1.18764364719391
A,3756,184.044,1.08621156215668
A,3757,184.093,1.09302008152008
A,3758,184.142,1.07901751995087
A,3759,184.191,1.11785531044006
A,3760,184.24,1.07166314125061
A,3761,184.289,1.00756359100342
A,3762,184.338,1.0222829580307
A,3763,184.387,0.944045782089233
A,3764,184.436,0.938576817512512
A,3765,184.485,0.977573871612549
A,3766,184.534,1.15599989891052
A,3767,184.583,1.0873886346817
A,3768,184.632,0.968442559242249
A,3769,184.681,1.00559794902802
A,3770,184.73,0.972320079803467
A,3771,184.779,0.944935739040375
A,3772,184.828,0.87338125705719
A,3773,184.877,0.972030222415924
A,3774,184.926,1.13237464427948
A,3775,184.975,1.06077373027802
A,3776,185.024,1.12080776691437
A,3777,185.073,1.05353140830994
A,3778,185.122,1.05355334281921
A,3779,185.171,1.17340743541718
A,3780,185.22,1.3214955329895
A,3781,185.269,1.19353044033051
A,3782,185.318,1.11307048797607
A,3783,185.367,1.13905727863312
A,3784,185.416,1.17173659801483
A,3785,185.465,1.18138766288757
A,3786,185.514,1.18372631072998
A,3787,185.563,1.08359718322754
A,3788,185.612,1.23762130737305
A,3789,185.661,1.37071192264557
A,3790,185.71,1.1872330904007
A,3791,185.759,1.08257389068604
A,3792,185.808,1.22761344909668
A,3793,185.857,0.900073647499084
A,3794,185.906,0.969153523445129
A,3795,185.955,1.09294021129608
A,3796,186.004,1.00181102752686
A,3797,186.053,0.946571230888367
A,3798,186.102,0.876240730285645
A,3799,186.151,0.979851901531219
A,3800,186.2,0.770556211471558
A,3801,186.249,0.94018942117691
A,3802,186.298,0.912979423999786
A,3803,186.347,1.03433883190155
A,3804,186.396,1.04183876514435
A,3805,186.445,0.895951569080353
A,3806,186.494,0.961793541908264
A,3807,186.543,1.04227769374847
A,3808,186.592,1.15626323223114
A,3809,186.641,1.04783999919891
A,3810,186.69,1.01240003108978
A,3811,186.739,0.918362498283386
A,3812,186.788,1.05418348312378
A,3813,186.837,1.00642263889313
A,3814,186.886,1.04584586620331
A,3815,186.935,1.05547404289246
A,3816,186.984,1.02838242053986
A,3817,187.033,1.14461743831635
A,3818,187.082,1.13560247421265
A,3819,187.131,1.05815088748932
A,3820,187.18,0.927512228488922
A,3821,187.229,0.950575888156891
A,3822,187.278,0.882105827331543
A,3823,187.327,0.935292780399323
A,3824,187.376,1.08061969280243
A,3825,187.425,1.05923521518707
A,3826,187.474,1.17477810382843
A,3827,187.523,0.926487386226654
A,3828,187.572,0.96049690246582
A,3829,187.621,1.13043212890625
A,3830,187.67,1.05688500404358
A,3831,187.719,1.09888756275177
A,3832,187.768,1.07977747917175
A,3833,187.817,1.04519128799438
A,3834,187.866,0.945203423500061
A,3835,187.915,1.00004029273987
A,3836,187.964,0.958649396896362
A,3837,188.013,0.999979734420776
A,3838,188.062,1.07660341262817
A,3839,188.111,0.866194784641266
A,3840,188.16,0.855416059494019
A,3841,188.209,0.770791828632355
A,3842,188.258,0.95874547958374
A,3843,188.307,0.804603517055511
A,3844,188.356,0.99405711889267
A,3845,188.405,0.887234151363373
A,3846,188.454,0.797916352748871
A,3847,188.503,0.723798990249634
A,3848,188.552,0.839394688606262
A,3849,188.601,0.824138283729553
A,3850,188.65,0.794552564620972
A,3851,188.699,0.803931951522827
A,3852,188.748,0.75058388710022
A,3853,188.797,0.764707982540131
A,3854,188.846,0.808611392974854
A,3855,188.895,0.890656411647797
A,3856,188.944,0.934508562088013
A,3857,188.993,0.964166700839996
A,3858,189.042,0.934442520141602
A,3859,189.091,0.836423277854919
A,3860,189.14,0.924053847789764
A,3861,189.189,0.909942507743835
A,3862,189.238,0.914825141429901
A,3863,189.287,0.966514050960541
A,3864,189.336,0.965960800647736
A,3865,189.385,0.910503327846527
A,3866,189.434,0.939483761787415
A,3867,189.483,0.809085130691528
A,3868,189.532,0.892517447471619
A,3869,189.581,0.83368331193924
A,3870,189.63,0.880676746368408
A,3871,189.679,0.857325196266174
A,3872,189.728,0.900728642940521
A,3873,189.777,0.961345136165619
A,3874,189.826,0.893687725067139
A,3875,189.875,0.858629882335663
A,3876,189.924,0.935865938663483
A,3877,189.973,0.954684793949127
A,3878,190.022,1.00268614292145
A,3879,190.071,0.992312669754028
A,3880,190.12,0.981309056282043
A,3881,190.169,1.02686250209808
A,3882,190.218,0.879799067974091
A,3883,190.267,0.907988846302032
A,3884,190.316,0.919223546981812
A,3885,190.365,0.952343881130219
A,3886,190.414,0.940829694271088
A,3887,190.463,0.991821825504303
A,3888,190.512,1.04524779319763
A,3889,190.561,0.963567137718201
A,3890,190.61,1.01588666439056
A,3891,190.659,0.971379160881042
A,3892,190.708,0.90924197435379
A,3893,190.757,0.959543228149414
A,3894,190.806,1.09293949604034
A,3895,190.855,1.04575645923615
A,3896,190.904,1.19051158428192
A,3897,190.953,1.06718683242798
A,3898,191.002,1.06595861911774
A,3899,191.051,1.15160644054413
A,3900,191.1,1.25509560108185
A,3901,191.149,1.09415209293365
A,3902,191.198,1.10710644721985
A,3903,191.247,1.05266869068146
A,3904,191.296,1.131387591362
A,3905,191.345,1.06357061862946
A,3906,191.394,1.18920421600342
A,3907,191.443,1.14029037952423
A,3908,191.492,1.24085652828217
A,3909,191.541,1.00610756874084
A,3910,191.59,1.09262371063232
A,3911,191.639,1.02718389034271
A,3912,191.688,1.09929406642914
A,3913,191.737,0.836558997631073
A,3914,191.786,0.862598836421967
A,3915,191.835,0.92947918176651
A,3916,191.884,0.994591176509857
A,3917,191.933,0.97455757856369
A,3918,191.982,0.906778156757355
A,3919,192.031,0.912493824958801
A,3920,192.08,0.946742177009583
A,3921,192.129,0.959074378013611
A,3922,192.178,1.02008628845215
A,3923,192.227,1.01816809177399
A,3924,192.276,0.988935708999634
A,3925,192.325,1.09848237037659
A,3926,192.374,1.13203310966492
A,3927,192.423,1.08378088474274
A,3928,192.472,1.05954432487488
A,3929,192.521,0.976580321788788
A,3930,192.57,0.794721484184265
A,3931,192.619,1.0038480758667
A,3932,192.668,1.02546262741089
A,3933,192.717,0.776777386665344
A,3934,192.766,0.862305164337158
A,3935,192.815,0.824136137962341
A,3936,192.864,0.779832601547241
A,3937,192.913,0.928047597408295
A,3938,192.962,1.0225567817688
A,3939,193.011,0.932773053646088
A,3940,193.06,0.893131136894226
A,3941,193.109,0.929548919200897
A,3942,193.158,0.946243166923523
A,3943,193.207,0.963138580322266
A,3944,193.256,0.982183277606964
A,3945,193.305,0.940343976020813
A,3946,193.354,0.99784392118454
A,3947,193.403,1.09914696216583
A,3948,193.452,0.952250897884369
A,3949,193.501,0.946783423423767
A,3950,193.55,1.14518117904663
A,3951,193.599,1.02989518642426
A,3952,193.648,1.20514070987701
A,3953,193.697,1.11291265487671
A,3954,193.746,1.17266464233398
A,3955,193.795,0.980243980884552
A,3956,193.844,1.07597661018372
A,3957,193.893,0.985519468784332
A,3958,193.942,1.04084062576294
A,3959,193.991,1.16791892051697
A,3960,194.04,1.15853214263916
A,3961,194.089,1.20613205432892
A,3962,194.138,1.08583927154541
A,3963,194.187,1.07496309280396
A,3964,194.236,1.27484571933746
A,3965,194.285,1.18974578380585
A,3966,194.334,1.34488570690155
A,3967,194.383,1.25826752185822
A,3968,194.432,1.16385960578918
A,3969,194.481,1.2404123544693
A,3970,194.53,1.21840977668762
A,3971,194.579,1.18530857563019
A,3972,194.628,1.20597922801971
A,3973,194.677,1.18141341209412
A,3974,194.726,1.1724534034729
A,3975,194.775,1.09507858753204
A,3976,194.824,1.21840071678162
A,3977,194.873,1.0693473815918
A,3978,194.922,0.989583730697632
A,3979,194.971,1.24661362171173
A,3980,195.02,1.21748530864716
A,3981,195.069,1.1551548242569
A,3982,195.118,1.23769891262054
A,3983,195.167,1.10254764556885
A,3984,195.216,1.08466339111328
A,3985,195.265,1.14137828350067
A,3986,195.314,1.13165998458862
A,3987,195.363,1.22963452339172
A,3988,195.412,1.24552631378174
A,3989,195.461,1.18428456783295
A,3990,195.51,1.08173096179962
A,3991,195.559,1.24073386192322
A,3992,195.608,1.25317776203156
A,3993,195.657,1.38869619369507
A,3994,195.706,1.27705430984497
A,3995,195.755,1.11900043487549
A,3996,195.804,1.10154604911804
A,3997,195.853,1.16533267498016
A,3998,195.902,1.22297811508179
A,3999,195.951,1.04688429832458
A,4000,196,1.17288196086884
A,4001,196.049,1.16928207874298
A,4002,196.098,1.23843491077423
A,4003,196.147,1.13547372817993
A,4004,196.196,1.32641184329987
A,4005,196.245,1.28830707073212
A,4006,196.294,1.13152146339417
A,4007,196.343,1.16583967208862
A,4008,196.392,1.11147522926331
A,4009,196.441,1.07238435745239
A,4010,196.49,1.22002398967743
A,4011,196.539,1.05747890472412
A,4012,196.588,1.07844316959381
A,4013,196.637,1.113933801651
A,4014,196.686,1.16344034671783
A,4015,196.735,1.21965515613556
A,4016,196.784,1.20097351074219
A,4017,196.833,1.0803519487381
A,4018,196.882,1.1502138376236
A,4019,196.931,1.13526451587677
A,4020,196.98,1.14073872566223
A,4021,197.029,1.22883856296539
A,4022,197.078,1.16966021060944
A,4023,197.127,1.28860437870026
A,4024,197.176,1.16262996196747
A,4025,197.225,1.23689436912537
A,4026,197.274,1.2131245136261
A,4027,197.323,1.19799840450287
A,4028,197.372,1.20970582962036
A,4029,197.421,1.101811170578
A,4030,197.47,1.02521073818207
A,4031,197.519,1.16447269916534
A,4032,197.568,1.13287472724915
A,4033,197.617,1.18467664718628
A,4034,197.666,1.24759745597839
A,4035,197.715,1.2434116601944
A,4036,197.764,1.32163429260254
A,4037,197.813,1.27241361141205
A,4038,197.862,1.21836638450623
A,4039,197.911,1.13690340518951
A,4040,197.96,1.1785614490509
A,4041,198.009,1.13877713680267
A,4042,198.058,1.29224157333374
A,4043,198.107,1.08352029323578
A,4044,198.156,1.19089460372925
A,4045,198.205,1.21883702278137
A,4046,198.254,1.09816694259644
A,4047,198.303,1.08670091629028
A,4048,198.352,1.2554657459259
A,4049,198.401,1.08052742481232
A,4050,198.45,1.10209858417511
A,4051,198.499,1.24005138874054
A,4052,198.548,1.28388619422913
A,4053,198.597,1.14659118652344
A,4054,198.646,1.14176595211029
A,4055,198.695,1.07061123847961
A,4056,198.744,1.00802576541901
A,4057,198.793,1.0452653169632
A,4058,198.842,0.921749174594879
A,4059,198.891,1.05156815052032
A,4060,198.94,1.21454048156738
A,4061,198.989,1.08555042743683
A,4062,199.038,0.970005214214325
A,4063,199.087,1.02352583408356
A,4064,199.136,1.0683798789978
A,4065,199.185,1.11021840572357
A,4066,199.234,1.24346172809601
A,4067,199.283,1.30628001689911
A,4068,199.332,1.21427547931671
A,4069,199.381,1.31370913982391
A,4070,199.43,1.22976982593536
A,4071,199.479,1.1153153181076
A,4072,199.528,1.26398694515228
A,4073,199.577,1.35795152187347
A,4074,199.626,1.18464457988739
A,4075,199.675,1.23418545722961
A,4076,199.724,1.19879126548767
A,4077,199.773,1.25059819221497
A,4078,199.822,0.977016627788544
A,4079,199.871,1.2979325056076
A,4080,199.92,1.26434600353241
A,4081,199.969,1.33765876293182
A,4082,200.018,1.15676271915436
A,4083,200.067,1.19558966159821
A,4084,200.116,1.05009949207306
A,4085,200.165,1.04807317256927
A,4086,200.214,1.10676777362823
A,4087,200.263,1.20235621929169
A,4088,200.312,1.34013772010803
A,4089,200.361,1.23522055149078
A,4090,200.41,1.2896763086319
A,4091,200.459,1.29301178455353
A,4092,200.508,1.30307137966156
A,4093,200.557,1.29323375225067
A,4094,200.606,0.97494238615036
A,4095,200.655,1.16561675071716
A,4096,200.704,1.23087215423584
A,4097,200.753,1.22396492958069
A,4098,200.802,1.18625378608704
A,4099,200.851,1.15598881244659
A,4100,200.9,1.05424976348877
A,4101,200.949,1.1649786233902
A,4102,200.998,1.2277535200119
A,4103,201.047,1.32966804504395
A,4104,201.096,1.15388560295105
A,4105,201.145,1.15972924232483
A,4106,201.194,1.0882682800293
A,4107,201.243,1.24110114574432
A,4108,201.292,1.14774894714355
A,4109,201.341,1.16345977783203
A,4110,201.39,1.31496977806091
A,4111,201.439,1.13313412666321
A,4112,201.488,1.14949941635132
A,4113,201.537,1.17294371128082
A,4114,201.586,1.13983988761902
A,4115,201.635,1.03948378562927
A,4116,201.684,1.12103223800659
A,4117,201.733,1.07792603969574
A,4118,201.782,1.11010110378265
A,4119,201.831,1.08385729789734
A,4120,201.88,1.24362099170685
A,4121,201.929,1.21504354476929
A,4122,201.978,1.29158818721771
A,4123,202.027,1.26188039779663
A,4124,202.076,1.1906133890152
A,4125,202.125,1.18636167049408
A,4126,202.174,1.18576776981354
A,4127,202.223,1.28166019916534
A,4128,202.272,1.18897545337677
A,4129,202.321,1.1843763589859
A,4130,202.37,1.15152728557587
A,4131,202.419,1.28634691238403
A,4132,202.468,1.21659517288208
A,4133,202.517,1.25625622272491
A,4134,202.566,1.33658409118652
A,4135,202.615,1.38485026359558
A,4136,202.664,1.17855441570282
A,4137,202.713,1.10212898254395
A,4138,202.762,1.18762648105621
A,4139,202.811,1.18831050395966
A,4140,202.86,1.13144373893738
A,4141,202.909,1.03413510322571
A,4142,202.958,1.0962188243866
A,4143,203.007,0.992633879184723
A,4144,203.056,0.953611731529236
A,4145,203.105,1.01431882381439
A,4146,203.154,1.10708391666412
A,4147,203.203,1.02055895328522
A,4148,203.252,1.02428472042084
A,4149,203.301,1.01018965244293
A,4150,203.35,0.932431161403656
A,4151,203.399,1.00957107543945
A,4152,203.448,1.0483980178833
A,4153,203.497,1.00693321228027
A,4154,203.546,1.00462138652802
A,4155,203.595,0.961463034152985
A,4156,203.644,0.96816474199295
A,4157,203.693,0.890583872795105
A,4158,203.742,0.820738613605499
A,4159,203.791,0.846139967441559
A,4160,203.84,0.930481731891632
A,4161,203.889,0.908602058887482
A,4162,203.938,0.984648048877716
A,4163,203.987,1.10141086578369
A,4164,204.036,1.04380643367767
A,4165,204.085,1.04310071468353
A,4166,204.134,0.935774326324463
A,4167,204.183,1.17489576339722
A,4168,204.232,1.17946374416351
A,4169,204.281,1.1387060880661
A,4170,204.33,1.12725532054901
A,4171,204.379,1.24469661712646
A,4172,204.428,1.22691023349762
A,4173,204.477,1.12123692035675
A,4174,204.526,1.08253037929535
A,4175,204.575,1.12223434448242
A,4176,204.624,1.21206855773926
A,4177,204.673,1.21585071086884
A,4178,204.722,1.15165853500366
A,4179,204.771,1.12179672718048
A,4180,204.82,1.17514991760254
A,4181,204.869,1.211345911026
A,4182,204.918,1.10331046581268
A,4183,204.967,1.32751786708832
A,4184,205.016,1.41497361660004
A,4185,205.065,1.31478488445282
A,4186,205.114,1.34218597412109
A,4187,205.163,1.15712523460388
A,4188,205.212,1.36773276329041
A,4189,205.261,1.18457353115082
A,4190,205.31,1.21626579761505
A,4191,205.359,1.19232058525085
A,4192,205.408,1.18155431747437
A,4193,205.457,1.25634050369263
A,4194,205.506,1.13233041763306
A,4195,205.555,1.17547786235809
A,4196,205.604,1.17082548141479
A,4197,205.653,1.17054665088654
A,4198,205.702,1.05379831790924
A,4199,205.751,1.07541346549988
A,4200,205.8,1.01838886737823
A,4201,205.849,1.06718754768372
A,4202,205.898,1.07284581661224
A,4203,205.947,1.15268468856812
A,4204,205.996,1.16871583461761
A,4205,206.045,1.11737608909607
A,4206,206.094,1.25479912757874
A,4207,206.143,1.06329143047333
A,4208,206.192,1.20445835590363
A,4209,206.241,1.15815389156342
A,4210,206.29,1.08671641349792
A,4211,206.339,1.10173046588898
A,4212,206.388,1.04003298282623
A,4213,206.437,1.11721694469452
A,4214,206.486,1.07113707065582
A,4215,206.535,1.10968029499054
A,4216,206.584,1.18139493465424
A,4217,206.633,1.05924594402313
A,4218,206.682,1.11879765987396
A,4219,206.731,1.0172381401062
A,4220,206.78,1.083127617836
A,4221,206.829,1.15076792240143
A,4222,206.878,0.993859827518463
A,4223,206.927,0.950845658779144
A,4224,206.976,1.09228503704071
A,4225,207.025,1.23078536987305
A,4226,207.074,1.08525502681732
A,4227,207.123,1.12277185916901
A,4228,207.172,1.22475600242615
A,4229,207.221,1.2596789598465
A,4230,207.27,1.2084926366806
A,4231,207.319,1.15461719036102
A,4232,207.368,1.21011030673981
A,4233,207.417,1.27616119384766
A,4234,207.466,1.10606050491333
A,4235,207.515,0.945917904376984
A,4236,207.564,1.17577993869781
A,4237,207.613,1.11248195171356
A,4238,207.662,1.11779522895813
A,4239,207.711,1.09237253665924
A,4240,207.76,0.989313244819641
A,4241,207.809,1.03449845314026
A,4242,207.858,1.02542841434479
A,4243,207.907,0.936681509017944
A,4244,207.956,0.898446440696716
A,4245,208.005,0.995469748973846
A,4246,208.054,1.02422654628754
A,4247,208.103,1.0739963054657
A,4248,208.152,1.09955716133118
A,4249,208.201,1.08996951580048
A,4250,208.25,1.17083048820496
A,4251,208.299,1.03140664100647
A,4252,208.348,1.195521235466
A,4253,208.397,1.30205953121185
A,4254,208.446,1.26757383346558
A,4255,208.495,1.21041893959045
A,4256,208.544,1.28405714035034
A,4257,208.593,1.12716507911682
A,4258,208.642,1.03980159759521
A,4259,208.691,1.21947050094604
A,4260,208.74,1.4062397480011
A,4261,208.789,1.30770432949066
A,4262,208.838,1.28290796279907
A,4263,208.887,1.23745155334473
A,4264,208.936,1.09681344032288
A,4265,208.985,1.29155850410461
A,4266,209.034,1.27629685401917
A,4267,209.083,1.50904524326324
A,4268,209.132,1.59262466430664
A,4269,209.181,1.35007286071777
A,4270,209.23,1.27922737598419
A,4271,209.279,1.18146598339081
A,4272,209.328,1.25628793239594
A,4273,209.377,1.14410376548767
A,4274,209.426,1.12276291847229
A,4275,209.475,1.13603699207306
A,4276,209.524,1.11320161819458
A,4277,209.573,1.15389394760132
A,4278,209.622,1.27068591117859
A,4279,209.671,1.38531279563904
A,4280,209.72,1.40720880031586
A,4281,209.769,1.36056482791901
A,4282,209.818,1.26581025123596
A,4283,209.867,1.46355485916138
A,4284,209.916,1.45133292675018
A,4285,209.965,1.52840900421143
A,4286,210.014,1.70941650867462
A,4287,210.063,1.44206321239471
A,4288,210.112,1.43686318397522
A,4289,210.161,1.51176869869232
A,4290,210.21,1.5490266084671
A,4291,210.259,1.497922539711
A,4292,210.308,1.44363129138947
A,4293,210.357,1.25342535972595
A,4294,210.406,1.31777405738831
A,4295,210.455,1.25372660160065
A,4296,210.504,1.23580312728882
A,4297,210.553,1.32281816005707
A,4298,210.602,1.32791674137115
A,4299,210.651,1.24547028541565
A,4300,210.7,1.19705295562744
A,4301,210.749,1.25353348255157
A,4302,210.798,1.34897041320801
A,4303,210.847,1.4189350605011
A,4304,210.896,1.58478772640228
A,4305,210.945,1.50118625164032
A,4306,210.994,1.58208823204041
A,4307,211.043,1.47821617126465
A,4308,211.092,1.40570783615112
A,4309,211.141,1.33115100860596
A,4310,211.19,1.260662317276
A,4311,211.239,1.37972104549408
A,4312,211.288,1.47602570056915
A,4313,211.337,1.54203689098358
A,4314,211.386,1.58720374107361
A,4315,211.435,1.31539833545685
A,4316,211.484,1.41811776161194
A,4317,211.533,1.44623208045959
A,4318,211.582,1.46236979961395
A,4319,211.631,1.62595796585083
A,4320,211.68,1.55624258518219
A,4321,211.729,1.52860307693481
A,4322,211.778,1.43089652061462
A,4323,211.827,1.38520932197571
A,4324,211.876,1.44714200496674
A,4325,211.925,1.29189372062683
A,4326,211.974,1.16229248046875
A,4327,212.023,1.47859883308411
A,4328,212.072,1.50955104827881
A,4329,212.121,1.29878687858582
A,4330,212.17,1.19366812705994
A,4331,212.219,1.24519789218903
A,4332,212.268,1.26271224021912
A,4333,212.317,1.14304554462433
A,4334,212.366,1.14564418792725
A,4335,212.415,1.16672360897064
A,4336,212.464,1.22011697292328
A,4337,212.513,1.14292228221893
A,4338,212.562,1.13801026344299
A,4339,212.611,1.20696699619293
A,4340,212.66,1.29142463207245
A,4341,212.709,1.16593980789185
A,4342,212.758,1.13028240203857
A,4343,212.807,1.14019310474396
A,4344,212.856,1.13753116130829
A,4345,212.905,1.23538756370544
A,4346,212.954,1.2907772064209
A,4347,213.003,1.28584909439087
A,4348,213.052,1.11102318763733
A,4349,213.101,1.26633775234222
A,4350,213.15,1.21912252902985
A,4351,213.199,1.34244656562805
A,4352,213.248,1.09007477760315
A,4353,213.297,1.12513887882233
A,4354,213.346,1.17439568042755
A,4355,213.395,1.20954203605652
A,4356,213.444,1.2047358751297
A,4357,213.493,1.28369474411011
A,4358,213.542,1.49940717220306
A,4359,213.591,1.48988258838654
A,4360,213.64,1.3215479850769
A,4361,213.689,1.49974322319031
A,4362,213.738,1.52139568328857
A,4363,213.787,1.67264008522034
A,4364,213.836,1.70741999149323
A,4365,213.885,1.68492305278778
A,4366,213.934,1.59531378746033
A,4367,213.983,1.44647324085236
A,4368,214.032,1.48849713802338
A,4369,214.081,1.38151597976685
A,4370,214.13,1.36146974563599
A,4371,214.179,1.30605638027191
A,4372,214.228,1.34085190296173
A,4373,214.277,1.49999678134918
A,4374,214.326,1.3849470615387
A,4375,214.375,1.55206882953644
A,4376,214.424,1.37351942062378
A,4377,214.473,1.37605619430542
A,4378,214.522,1.25616502761841
A,4379,214.571,1.40824961662292
A,4380,214.62,1.59824371337891
A,4381,214.669,1.44184124469757
A,4382,214.718,1.37526535987854
A,4383,214.767,1.64098191261292
A,4384,214.816,1.62952697277069
A,4385,214.865,1.47251033782959
A,4386,214.914,1.34944450855255
A,4387,214.963,1.50085234642029
A,4388,215.012,1.79831409454346
A,4389,215.061,1.74264085292816
A,4390,215.11,1.98821115493774
A,4391,215.159,1.61808180809021
A,4392,215.208,1.78813445568085
A,4393,215.257,1.54883468151093
A,4394,215.306,1.45342683792114
A,4395,215.355,1.67651641368866
A,4396,215.404,1.7822197675705
A,4397,215.453,1.78188669681549
A,4398,215.502,1.68294990062714
A,4399,215.551,1.70696151256561
A,4400,215.6,1.75776886940002
A,4401,215.649,1.65613722801208
A,4402,215.698,1.57162272930145
A,4403,215.747,1.45587015151978
A,4404,215.796,1.77707183361053
A,4405,215.845,1.62744951248169
A,4406,215.894,1.74080979824066
A,4407,215.943,1.58240008354187
A,4408,215.992,1.76737332344055
A,4409,216.041,1.83290779590607
A,4410,216.09,1.92144358158112
A,4411,216.139,1.82645165920258
A,4412,216.188,1.79275476932526
A,4413,216.237,1.88205254077911
A,4414,216.286,1.72030508518219
A,4415,216.335,1.65240347385406
A,4416,216.384,1.802614569664
A,4417,216.433,1.50314140319824
A,4418,216.482,1.61606633663177
A,4419,216.531,1.6676037311554
A,4420,216.58,1.73270118236542
A,4421,216.629,1.74851775169373
A,4422,216.678,1.73077154159546
A,4423,216.727,1.70904016494751
A,4424,216.776,1.78588509559631
A,4425,216.825,1.72059786319733
A,4426,216.874,1.61173760890961
A,4427,216.923,1.70785737037659
A,4428,216.972,1.84377729892731
A,4429,217.021,1.75745332241058
A,4430,217.07,1.6497974395752
A,4431,217.119,1.62421321868896
A,4432,217.168,1.61222088336945
A,4433,217.217,1.54479110240936
A,4434,217.266,1.66090202331543
A,4435,217.315,1.52665519714355
A,4436,217.364,1.58343386650085
A,4437,217.413,1.5029149055481
A,4438,217.462,1.45585072040558
A,4439,217.511,1.56594085693359
A,4440,217.56,1.43178927898407
A,4441,217.609,1.40269076824188
A,4442,217.658,1.37010300159454
A,4443,217.707,1.41975891590118
A,4444,217.756,1.38107573986053
A,4445,217.805,1.68067729473114
A,4446,217.854,1.51066851615906
A,4447,217.903,1.72533655166626
A,4448,217.952,1.5310138463974
A,4449,218.001,1.45848739147186
A,4450,218.05,1.51754927635193
A,4451,218.099,1.4962637424469
A,4452,218.148,1.56305003166199
A,4453,218.197,1.58612823486328
A,4454,218.246,1.56391525268555
A,4455,218.295,1.73891496658325
A,4456,218.344,1.75488245487213
A,4457,218.393,1.71337080001831
A,4458,218.442,1.68712246417999
A,4459,218.491,1.55039703845978
A,4460,218.54,1.56922233104706
A,4461,218.589,1.53885781764984
A,4462,218.638,1.50109565258026
A,4463,218.687,1.41985046863556
A,4464,218.736,1.37909090518951
A,4465,218.785,1.40213143825531
A,4466,218.834,1.49526000022888
A,4467,218.883,1.44823169708252
A,4468,218.932,1.2773824930191
A,4469,218.981,1.32816183567047
A,4470,219.03,1.56808423995972
A,4471,219.079,1.67976915836334
A,4472,219.128,1.65773689746857
A,4473,219.177,1.53365623950958
A,4474,219.226,1.59448444843292
A,4475,219.275,1.70860612392426
A,4476,219.324,1.75821387767792
A,4477,219.373,1.67702960968018
A,4478,219.422,1.72334253787994
A,4479,219.471,1.88278901576996
A,4480,219.52,1.64179861545563
A,4481,219.569,1.52555203437805
A,4482,219.618,1.61593496799469
A,4483,219.667,1.58353352546692
A,4484,219.716,1.38885307312012
A,4485,219.765,1.4541187286377
A,4486,219.814,1.61679315567017
A,4487,219.863,1.6425439119339
A,4488,219.912,1.64305686950684
A,4489,219.961,1.60198426246643
A,4490,220.01,1.54154825210571
A,4491,220.059,1.53231859207153
A,4492,220.108,1.58470046520233
A,4493,220.157,1.54396796226501
A,4494,220.206,1.53488278388977
A,4495,220.255,1.64060497283936
A,4496,220.304,1.6021283864975
A,4497,220.353,1.63974809646606
A,4498,220.402,1.5971075296402
A,4499,220.451,1.61136591434479
A,4500,220.5,1.54019057750702
A,4501,220.549,1.43838727474213
A,4502,220.598,1.49524438381195
A,4503,220.647,1.58351576328278
A,4504,220.696,1.63968622684479
A,4505,220.745,1.59103083610535
A,4506,220.794,1.82862043380737
A,4507,220.843,1.91256952285767
A,4508,220.892,1.82546401023865
A,4509,220.941,1.80249428749084
A,4510,220.99,1.65290057659149
A,4511,221.039,1.74519038200378
A,4512,221.088,1.87582588195801
A,4513,221.137,1.87851250171661
A,4514,221.186,1.89748799800873
A,4515,221.235,2.07244753837585
A,4516,221.284,2.21925926208496
A,4517,221.333,2.05928492546082
A,4518,221.382,2.10330629348755
A,4519,221.431,2.15575575828552
A,4520,221.48,2.01982355117798
A,4521,221.529,1.67534255981445
A,4522,221.578,1.73515129089355
A,4523,221.627,1.7454606294632
A,4524,221.676,1.76406180858612
A,4525,221.725,1.8043360710144
A,4526,221.774,1.67439901828766
A,4527,221.823,1.67358362674713
A,4528,221.872,1.69783294200897
A,4529,221.921,1.73791170120239
A,4530,221.97,1.70861625671387
A,4531,222.019,1.64734089374542
A,4532,222.068,1.70946800708771
A,4533,222.117,1.68112587928772
A,4534,222.166,1.73562550544739
A,4535,222.215,1.77228116989136
A,4536,222.264,1.80110776424408
A,4537,222.313,1.65050435066223
A,4538,222.362,1.87286770343781
A,4539,222.411,2.01173448562622
A,4540,222.46,1.98928642272949
A,4541,222.509,1.98599243164062
A,4542,222.558,1.96855878829956
A,4543,222.607,2.05367946624756
A,4544,222.656,1.84844994544983
A,4545,222.705,1.79223024845123
A,4546,222.754,1.76543569564819
A,4547,222.803,1.86434400081635
A,4548,222.852,1.90593981742859
A,4549,222.901,2.03903603553772
A,4550,222.95,1.88970303535461
A,4551,222.999,1.96912062168121
A,4552,223.048,2.08533358573914
A,4553,223.097,2.11673426628113
A,4554,223.146,1.86721014976501
A,4555,223.195,1.81406235694885
A,4556,223.244,1.83341586589813
A,4557,223.293,1.92077922821045
A,4558,223.342,1.75720608234406
A,4559,223.391,1.87614774703979
A,4560,223.44,1.92182123661041
A,4561,223.489,1.8247481584549
A,4562,223.538,1.91288864612579
A,4563,223.587,1.87486207485199
A,4564,223.636,2.08624505996704
A,4565,223.685,2.04033637046814
A,4566,223.734,2.01182556152344
A,4567,223.783,1.88651204109192
A,4568,223.832,1.80538010597229
A,4569,223.881,1.86880028247833
A,4570,223.93,1.79694283008575
A,4571,223.979,1.76195573806763
A,4572,224.028,1.84581863880157
A,4573,224.077,1.80860865116119
A,4574,224.126,1.87334358692169
A,4575,224.175,1.85437786579132
A,4576,224.224,2.02795314788818
A,4577,224.273,1.82016277313232
A,4578,224.322,1.79783809185028
A,4579,224.371,1.97807323932648
A,4580,224.42,2.05726885795593
A,4581,224.469,1.94738066196442
A,4582,224.518,1.78032541275024
A,4583,224.567,1.88359797000885
A,4584,224.616,1.87735116481781
A,4585,224.665,1.84826982021332
A,4586,224.714,1.76280272006989
A,4587,224.763,1.88601684570312
A,4588,224.812,1.88933205604553
A,4589,224.861,1.87623417377472
A,4590,224.91,2.00405931472778
A,4591,224.959,1.99341821670532
A,4592,225.008,1.99368381500244
A,4593,225.057,2.12524271011353
A,4594,225.106,2.10019469261169
A,4595,225.155,2.02997016906738
A,4596,225.204,1.91632950305939
A,4597,225.253,2.03937387466431
A,4598,225.302,1.89270722866058
A,4599,225.351,1.86056864261627
A,4600,225.4,1.9816380739212
A,4601,225.449,1.86916303634644
A,4602,225.498,1.73271441459656
A,4603,225.547,1.79381096363068
A,4604,225.596,1.93542349338531
A,4605,225.645,2.02902603149414
A,4606,225.694,1.81375956535339
A,4607,225.743,1.7587296962738
A,4608,225.792,1.73454833030701
A,4609,225.841,1.68018531799316
A,4610,225.89,1.73108696937561
A,4611,225.939,1.6882381439209
A,4612,225.988,1.53354001045227
A,4613,226.037,1.87043964862823
A,4614,226.086,1.91388702392578
A,4615,226.135,1.66443836688995
A,4616,226.184,1.82113218307495
A,4617,226.233,1.87929773330688
A,4618,226.282,1.80126667022705
A,4619,226.331,1.82259500026703
A,4620,226.38,1.82912504673004
A,4621,226.429,1.93206357955933
A,4622,226.478,1.78141164779663
A,4623,226.527,1.82457780838013
A,4624,226.576,1.84823501110077
A,4625,226.625,1.842613697052
A,4626,226.674,1.66775405406952
A,4627,226.723,1.85394620895386
A,4628,226.772,1.72527229785919
A,4629,226.821,1.79068624973297
A,4630,226.87,1.81361711025238
A,4631,226.919,1.67086052894592
A,4632,226.968,1.63013219833374
A,4633,227.017,1.58548986911774
A,4634,227.066,1.54172694683075
A,4635,227.115,1.4841001033783
A,4636,227.164,1.75283062458038
A,4637,227.213,1.69601261615753
A,4638,227.262,1.6759444475174
A,4639,227.311,1.65675687789917
A,4640,227.36,1.52327370643616
A,4641,227.409,1.68387770652771
A,4642,227.458,1.65339553356171
A,4643,227.507,1.47152185440063
A,4644,227.556,1.76194250583649
A,4645,227.605,1.78594100475311
A,4646,227.654,1.6811192035675
A,4647,227.703,1.75792586803436
A,4648,227.752,1.53579723834991
A,4649,227.801,1.49353647232056
A,4650,227.85,1.37213778495789
A,4651,227.899,1.43869137763977
A,4652,227.948,1.36359238624573
A,4653,227.997,1.37258911132812
A,4654,228.046,1.59095478057861
A,4655,228.095,1.44958114624023
A,4656,228.144,1.4468013048172
A,4657,228.193,1.49809050559998
A,4658,228.242,1.49579310417175
A,4659,228.291,1.61768925189972
A,4660,228.34,1.74246108531952
A,4661,228.389,1.48065614700317
A,4662,228.438,1.60882234573364
A,4663,228.487,1.64349782466888
A,4664,228.536,1.60912609100342
A,4665,228.585,1.49560928344727
A,4666,228.634,1.39209425449371
A,4667,228.683,1.57723915576935
A,4668,228.732,1.41392397880554
A,4669,228.781,1.50069940090179
A,4670,228.83,1.442023396492
A,4671,228.879,1.53481101989746
A,4672,228.928,1.43749630451202
A,4673,228.977,1.3293844461441
A,4674,229.026,1.29891014099121
A,4675,229.075,1.38308870792389
A,4676,229.124,1.32253587245941
A,4677,229.173,1.33111417293549
A,4678,229.222,1.41170608997345
A,4679,229.271,1.68604266643524
A,4680,229.32,1.57882416248322
A,4681,229.369,1.5771416425705
A,4682,229.418,1.80353927612305
A,4683,229.467,1.70415544509888
A,4684,229.516,1.65292036533356
A,4685,229.565,1.82481110095978
A,4686,229.614,1.51749765872955
A,4687,229.663,1.63773429393768
A,4688,229.712,1.59098541736603
A,4689,229.761,1.69956123828888
A,4690,229.81,1.51799845695496
A,4691,229.859,1.52284383773804
A,4692,229.908,1.60160994529724
A,4693,229.957,1.6073260307312
A,4694,230.006,1.73641514778137
A,4695,230.055,1.67481136322021
A,4696,230.104,1.59276401996613
A,4697,230.153,1.6479971408844
A,4698,230.202,1.62091147899628
A,4699,230.251,1.64407896995544
A,4700,230.3,1.54040718078613
A,4701,230.349,1.5931361913681
A,4702,230.398,1.41750061511993
A,4703,230.447,1.4409863948822
A,4704,230.496,1.54097127914429
A,4705,230.545,1.46744537353516
A,4706,230.594,1.60956382751465
A,4707,230.643,1.35930991172791
A,4708,230.692,1.50265693664551
A,4709,230.741,1.51320540904999
A,4710,230.79,1.4198671579361
A,4711,230.839,1.5538467168808
A,4712,230.888,1.57675230503082
A,4713,230.937,1.61594641208649
A,4714,230.986,1.6241250038147
A,4715,231.035,1.54146313667297
A,4716,231.084,1.49442827701569
A,4717,231.133,1.5647383928299
A,4718,231.182,1.67420053482056
A,4719,231.231,1.69159686565399
A,4720,231.28,1.566410779953
A,4721,231.329,1.48608803749084
A,4722,231.378,1.57349181175232
A,4723,231.427,1.52291655540466
A,4724,231.476,1.65091753005981
A,4725,231.525,1.65333604812622
A,4726,231.574,1.70416188240051
A,4727,231.623,1.71570563316345
A,4728,231.672,1.65887904167175
A,4729,231.721,1.58062481880188
A,4730,231.77,1.77333331108093
A,4731,231.819,1.7975732088089
A,4732,231.868,1.77598655223846
A,4733,231.917,1.69277918338776
A,4734,231.966,1.65989100933075
A,4735,232.015,1.46677017211914
A,4736,232.064,1.46001362800598
A,4737,232.113,1.63856446743011
A,4738,232.162,1.5674854516983
A,4739,232.211,1.44865906238556
A,4740,232.26,1.37711834907532
A,4741,232.309,1.46984159946442
A,4742,232.358,1.56965255737305
A,4743,232.407,1.60010123252869
A,4744,232.456,1.52501916885376
A,4745,232.505,1.43675887584686
A,4746,232.554,1.56632518768311
A,4747,232.603,1.57718110084534
A,4748,232.652,1.56556487083435
A,4749,232.701,1.61199569702148
A,4750,232.75,1.60731077194214
A,4751,232.799,1.56566250324249
A,4752,232.848,1.4260219335556
A,4753,232.897,1.44959449768066
A,4754,232.946,1.4870799779892
A,4755,232.995,1.59505808353424
A,4756,233.044,1.54219508171082
A,4757,233.093,1.47414255142212
A,4758,233.142,1.69192337989807
A,4759,233.191,1.78373098373413
A,4760,233.24,1.6740095615387
A,4761,233.289,1.74849784374237
A,4762,233.338,1.54778385162354
A,4763,233.387,1.69318854808807
A,4764,233.436,1.99246883392334
A,4765,233.485,1.88194131851196
A,4766,233.534,1.78126859664917
A,4767,233.583,1.6713148355484
A,4768,233.632,1.72613489627838
A,4769,233.681,1.8201984167099
A,4770,233.73,1.62487721443176
A,4771,233.779,1.75341868400574
A,4772,233.828,1.77336323261261
A,4773,233.877,1.55952632427216
A,4774,233.926,1.50370097160339
A,4775,233.975,1.55231070518494
A,4776,234.024,1.61896884441376
A,4777,234.073,1.70301389694214
A,4778,234.122,1.70064556598663
A,4779,234.171,1.70281827449799
A,4780,234.22,1.66922080516815
A,4781,234.269,1.4516806602478
A,4782,234.318,1.65930557250977
A,4783,234.367,1.72916626930237
A,4784,234.416,1.61087560653687
A,4785,234.465,1.63913130760193
A,4786,234.514,1.69340837001801
A,4787,234.563,1.61451351642609
A,4788,234.612,1.61568999290466
A,4789,234.661,1.65259063243866
A,4790,234.71,1.69023823738098
A,4791,234.759,1.70772111415863
A,4792,234.808,1.64440369606018
A,4793,234.857,1.50053334236145
A,4794,234.906,1.73395228385925
A,4795,234.955,1.62628853321075
A,4796,235.004,1.57203137874603
A,4797,235.053,1.58070278167725
A,4798,235.102,1.64060950279236
A,4799,235.151,1.58053815364838
A,4800,235.2,1.78463280200958
A,4801,235.249,1.783970952034
A,4802,235.298,1.70124077796936
A,4803,235.347,1.63724446296692
A,4804,235.396,1.60202348232269
A,4805,235.445,1.44365274906158
A,4806,235.494,1.49880611896515
A,4807,235.543,1.68103098869324
A,4808,235.592,1.53166925907135
A,4809,235.641,1.47490549087524
A,4810,235.69,1.47977149486542
A,4811,235.739,1.59225487709045
A,4812,235.788,1.59257423877716
A,4813,235.837,1.40358638763428
A,4814,235.886,1.49080049991608
A,4815,235.935,1.46760046482086
A,4816,235.984,1.4133814573288
A,4817,236.033,1.40701711177826
A,4818,236.082,1.47607183456421
A,4819,236.131,1.58280074596405
A,4820,236.18,1.44109463691711
A,4821,236.229,1.57571029663086
A,4822,236.278,1.73524594306946
A,4823,236.327,1.87955343723297
A,4824,236.376,1.65703070163727
A,4825,236.425,1.60098147392273
A,4826,236.474,1.42636179924011
A,4827,236.523,1.34664249420166
A,4828,236.572,1.21843755245209
A,4829,236.621,1.25750398635864
A,4830,236.67,1.30123376846313
A,4831,236.719,1.17137730121613
A,4832,236.768,1.15939724445343
A,4833,236.817,1.0501115322113
A,4834,236.866,1.14285552501678
A,4835,236.915,1.3301557302475
A,4836,236.964,1.25607752799988
A,4837,237.013,1.33951497077942
A,4838,237.062,1.31973993778229
A,4839,237.111,1.45896399021149
A,4840,237.16,1.34780597686768
A,4841,237.209,1.17770862579346
A,4842,237.258,1.06710624694824
A,4843,237.307,1.25242376327515
A,4844,237.356,1.28786861896515
A,4845,237.405,1.05981552600861
A,4846,237.454,1.14193570613861
A,4847,237.503,1.35348880290985
A,4848,237.552,1.27623248100281
A,4849,237.601,1.53294622898102
A,4850,237.65,1.45714831352234
A,4851,237.699,1.31823229789734
A,4852,237.748,1.40391027927399
A,4853,237.797,1.30591690540314
A,4854,237.846,1.18385529518127
A,4855,237.895,1.22535419464111
A,4856,237.944,1.1253582239151
A,4857,237.993,1.08936142921448
A,4858,238.042,1.09107768535614
A,4859,238.091,0.9704949259758
A,4860,238.14,1.02804529666901
A,4861,238.189,1.0478321313858
A,4862,238.238,1.09401142597198
A,4863,238.287,1.08402395248413
A,4864,238.336,1.09178614616394
A,4865,238.385,0.985857307910919
A,4866,238.434,1.02443182468414
A,4867,238.483,1.07581448554993
A,4868,238.532,1.15306496620178
A,4869,238.581,1.12185502052307
A,4870,238.63,1.14143967628479
A,4871,238.679,1.14663362503052
A,4872,238.728,1.10571002960205
A,4873,238.777,1.3311265707016
A,4874,238.826,1.27504849433899
A,4875,238.875,1.15945196151733
A,4876,238.924,1.12701547145844
A,4877,238.973,0.979593217372894
A,4878,239.022,1.15027725696564
A,4879,239.071,1.16848647594452
A,4880,239.12,1.25082218647003
A,4881,239.169,1.17972886562347
A,4882,239.218,1.10849189758301
A,4883,239.267,1.00477457046509
A,4884,239.316,1.07798898220062
A,4885,239.365,1.06957376003265
A,4886,239.414,1.20972120761871
A,4887,239.463,1.25831508636475
A,4888,239.512,1.17592024803162
A,4889,239.561,1.16334414482117
A,4890,239.61,1.26634097099304
A,4891,239.659,1.2063524723053
A,4892,239.708,1.29012858867645
A,4893,239.757,1.18056654930115
A,4894,239.806,0.972285151481628
A,4895,239.855,1.3336443901062
A,4896,239.904,1.11046242713928
A,4897,239.953,1.04039800167084
A,4898,240.002,1.28194570541382
A,4899,240.051,1.22383868694305
A,4900,240.1,1.14037466049194
A,4901,240.149,1.34286820888519
A,4902,240.198,1.31770300865173
A,4903,240.247,1.34382963180542
A,4904,240.296,1.07749629020691
A,4905,240.345,1.1926703453064
A,4906,240.394,1.05093240737915
A,4907,240.443,0.920630276203156
A,4908,240.492,0.912583470344543
A,4909,240.541,0.924966394901276
A,4910,240.59,0.945355713367462
A,4911,240.639,1.02274632453918
A,4912,240.688,1.17756259441376
A,4913,240.737,1.14327502250671
A,4914,240.786,1.23636186122894
A,4915,240.835,1.21365344524384
A,4916,240.884,1.16847956180573
A,4917,240.933,1.1666088104248
A,4918,240.982,0.922112822532654
A,4919,241.031,0.918138802051544
A,4920,241.08,1.05556011199951
A,4921,241.129,0.953578770160675
A,4922,241.178,1.12454783916473
A,4923,241.227,1.12833118438721
A,4924,241.276,1.26201140880585
A,4925,241.325,1.37546420097351
A,4926,241.374,1.18859970569611
A,4927,241.423,1.13314998149872
A,4928,241.472,1.20773184299469
A,4929,241.521,0.906543791294098
A,4930,241.57,1.08975875377655
A,4931,241.619,0.962544858455658
A,4932,241.668,1.00699877738953
A,4933,241.717,1.03802144527435
A,4934,241.766,1.00854623317719
A,4935,241.815,0.978984653949738
A,4936,241.864,1.17006886005402
A,4937,241.913,1.4047863483429
A,4938,241.962,1.32530760765076
A,4939,242.011,1.20604062080383
A,4940,242.06,1.13742125034332
A,4941,242.109,1.27689731121063
A,4942,242.158,1.16241264343262
A,4943,242.207,1.1325911283493
A,4944,242.256,1.21869707107544
A,4945,242.305,1.43340134620667
A,4946,242.354,1.19496142864227
A,4947,242.403,1.28467786312103
A,4948,242.452,1.18761205673218
A,4949,242.501,1.28229260444641
A,4950,242.55,1.30567514896393
A,4951,242.599,1.2259407043457
A,4952,242.648,1.30278265476227
A,4953,242.697,1.16542756557465
A,4954,242.746,1.2892005443573
A,4955,242.795,1.34943354129791
A,4956,242.844,1.24620985984802
A,4957,242.893,1.27894675731659
A,4958,242.942,1.39266109466553
A,4959,242.991,1.18643522262573
A,4960,243.04,1.43648242950439
A,4961,243.089,1.09246611595154
A,4962,243.138,1.2531430721283
A,4963,243.187,1.17663633823395
A,4964,243.236,1.52630269527435
A,4965,243.285,1.52316677570343
A,4966,243.334,1.53891801834106
A,4967,243.383,1.48848688602448
A,4968,243.432,1.48925721645355
A,4969,243.481,1.46546351909637
A,4970,243.53,1.61560964584351
A,4971,243.579,1.45839846134186
A,4972,243.628,1.41607522964478
A,4973,243.677,1.45619702339172
A,4974,243.726,1.43278539180756
A,4975,243.775,1.28471744060516
A,4976,243.824,1.31143021583557
A,4977,243.873,1.42818105220795
A,4978,243.922,1.30287933349609
A,4979,243.971,1.23571610450745
A,4980,244.02,1.38277769088745
A,4981,244.069,1.3651750087738
A,4982,244.118,1.26565933227539
A,4983,244.167,1.29440140724182
A,4984,244.216,1.02754426002502
A,4985,244.265,1.19010889530182
A,4986,244.314,1.07604610919952
A,4987,244.363,1.1728481054306
A,4988,244.412,1.40203285217285
A,4989,244.461,1.15080451965332
A,4990,244.51,0.992786824703217
A,4991,244.559,1.21263921260834
A,4992,244.608,1.00165998935699
A,4993,244.657,1.20549213886261
A,4994,244.706,1.04394900798798
B,0,0,0
B,1,0.049,0.529140532016754
B,2,0.098,0.561307489871979
B,3,0.147,0.599338293075562
B,4,0.196,0.703677892684937
B,5,0.245,0.666199803352356
B,6,0.294,0.642533779144287
B,7,0.343,0.659277617931366
B,8,0.392,0.666263103485107
B,9,0.441,0.720936119556427
B,10,0.49,0.697663247585297
B,11,0.539,0.695100128650665
B,12,0.588,0.630285561084747
B,13,0.637,0.567921698093414
B,14,0.686,0.689325451850891
B,15,0.735,0.617133915424347
B,16,0.784,0.72442227602005
B,17,0.833,0.829226911067963
B,18,0.882,0.775871753692627
B,19,0.931,0.735259652137756
B,20,0.98,0.815345525741577
B,21,1.029,0.754080891609192
B,22,1.078,0.729740083217621
B,23,1.127,0.633026301860809
B,24,1.176,0.811603724956512
B,25,1.225,0.75599193572998
B,26,1.274,0.775639593601227
B,27,1.323,0.809298992156982
B,28,1.372,0.937184035778046
B,29,1.421,0.890181303024292
B,30,1.47,0.812687158584595
B,31,1.519,0.9134641289711
B,32,1.568,1.12924599647522
B,33,1.617,1.04738914966583
B,34,1.666,0.900985896587372
B,35,1.715,0.7523033618927
B,36,1.764,0.703240931034088
B,37,1.813,0.823351263999939
B,38,1.862,0.729041874408722
B,39,1.911,0.804583370685577
B,40,1.96,0.798798859119415
B,41,2.009,0.862578809261322
B,42,2.058,0.743519902229309
B,43,2.107,0.967605113983154
B,44,2.156,0.824581265449524
B,45,2.205,0.975992679595947
B,46,2.254,0.873340010643005
B,47,2.303,0.694993019104004
B,48,2.352,0.718723952770233
B,49,2.401,0.844425022602081
B,50,2.45,0.919352769851685
B,51,2.499,0.907825291156769
B,52,2.548,0.819114625453949
B,53,2.597,0.813424289226532
B,54,2.646,0.772105395793915
B,55,2.695,0.785773694515228
B,56,2.744,0.908967018127441
B,57,2.793,0.758401870727539
B,58,2.842,0.784581899642944
B,59,2.891,0.872236609458923
B,60,2.94,0.868455052375793
B,61,2.989,0.846196413040161
B,62,3.038,0.975480020046234
B,63,3.087,0.832270205020905
B,64,3.136,0.683007121086121
B,65,3.185,0.859847605228424
B,66,3.234,0.94233375787735
B,67,3.283,0.817162215709686
B,68,3.332,0.885576844215393
B,69,3.381,0.791220188140869
B,70,3.43,0.918390154838562
B,71,3.479,0.9065061211586
B,72,3.528,0.891195893287659
B,73,3.577,0.933563649654388
B,74,3.626,0.925141632556915
B,75,3.675,0.936975538730621
B,76,3.724,0.849005281925201
B,77,3.773,0.91000109910965
B,78,3.822,0.790612161159515
B,79,3.871,0.879302680492401
B,80,3.92,0.913102626800537
B,81,3.969,1.06538283824921
B,82,4.018,0.925186038017273
B,83,4.067,0.805367231369019
B,84,4.116,0.936165750026703
B,85,4.165,1.02442264556885
B,86,4.214,0.974706411361694
B,87,4.263,0.954003036022186
B,88,4.312,0.944394469261169
B,89,4.361,0.873471021652222
B,90,4.41,0.815969884395599
B,91,4.459,0.810651063919067
B,92,4.508,0.859244227409363
B,93,4.557,0.92397665977478
B,94,4.606,0.911884725093842
B,95,4.655,1.02039790153503
B,96,4.704,0.836391866207123
B,97,4.753,0.93093204498291
B,98,4.802,0.788374423980713
B,99,4.851,0.855326235294342
B,100,4.9,0.835642874240875
B,101,4.949,0.680163264274597
B,102,4.998,0.640885055065155
B,103,5.047,0.784676253795624
B,104,5.096,0.718816459178925
B,105,5.145,0.8612459897995
B,106,5.194,0.813713312149048
B,107,5.243,0.736332178115845
B,108,5.292,0.790596961975098
B,109,5.341,0.71830278635025
B,110,5.39,0.793946921825409
B,111,5.439,0.763969719409943
B,112,5.488,0.854137778282166
B,113,5.537,0.778567910194397
B,114,5.586,0.773207187652588
B,115,5.635,0.818188071250916
B,116,5.684,0.840717434883118
B,117,5.733,0.88398689031601
B,118,5.782,0.845560312271118
B,119,5.831,0.927254557609558
B,120,5.88,0.78432035446167
B,121,5.929,0.780062794685364
B,122,5.978,0.730393707752228
B,123,6.027,0.865839898586273
B,124,6.076,0.922783315181732
B,125,6.125,0.749668717384338
B,126,6.174,0.940831899642944
B,127,6.223,0.905374586582184
B,128,6.272,0.887566447257996
B,129,6.321,0.981890559196472
B,130,6.37,0.968041479587555
B,131,6.419,0.902679324150085
B,132,6.468,0.801007390022278
B,133,6.517,0.689343690872192
B,134,6.566,0.740410566329956
B,135,6.615,0.744174778461456
B,136,6.664,0.934620797634125
B,137,6.713,0.737464427947998
B,138,6.762,0.783843636512756
B,139,6.811,0.830552458763123
B,140,6.86,0.773943483829498
B,141,6.909,0.775556206703186
B,142,6.958,0.637850224971771
B,143,7.007,0.724400818347931
B,144,7.056,0.647680580615997
B,145,7.105,0.76278954744339
B,146,7.154,0.62796813249588
B,147,7.203,0.689717352390289
B,148,7.252,0.634743630886078
B,149,7.301,0.577900528907776
B,150,7.35,0.58183217048645
B,151,7.399,0.712456464767456
B,152,7.448,0.674673020839691
B,153,7.497,0.66544371843338
B,154,7.546,0.672953903675079
B,155,7.595,0.840429663658142
B,156,7.644,0.891527235507965
B,157,7.693,0.810687124729156
B,158,7.742,0.945150136947632
B,159,7.791,0.669481515884399
B,160,7.84,0.777466595172882
B,161,7.889,0.783182859420776
B,162,7.938,0.912738740444183
B,163,7.987,0.907516062259674
B,164,8.036,0.902411937713623
B,165,8.085,0.994718074798584
B,166,8.134,1.02888655662537
B,167,8.183,0.884946703910828
B,168,8.232,1.02187669277191
B,169,8.281,0.906538128852844
B,170,8.33,0.837333202362061
B,171,8.379,0.77919328212738
B,172,8.428,0.825971364974976
B,173,8.477,0.778105139732361
B,174,8.526,0.730619132518768
B,175,8.575,0.660797536373138
B,176,8.624,0.60374790430069
B,177,8.673,0.706761717796326
B,178,8.722,0.685764789581299
B,179,8.771,0.721379041671753
B,180,8.82,0.682664811611176
B,181,8.869,0.800291061401367
B,182,8.918,0.824642360210419
B,183,8.967,0.775270521640778
B,184,9.016,0.752853333950043
B,185,9.065,0.673401594161987
B,186,9.114,0.898498833179474
B,187,9.163,0.884701430797577
B,188,9.212,0.751914262771606
B,189,9.261,0.60085666179657
B,190,9.31,0.618906676769257
B,191,9.359,0.683891236782074
B,192,9.408,0.822926759719849
B,193,9.457,0.858234941959381
B,194,9.506,0.783682942390442
B,195,9.555,0.70865786075592
B,196,9.604,0.637048661708832
B,197,9.653,0.797110855579376
B,198,9.702,0.804437220096588
B,199,9.751,0.85144704580307
B,200,9.8,0.968079209327698
B,201,9.849,0.906759440898895
B,202,9.898,0.931069195270538
B,203,9.947,1.06313002109528
B,204,9.996,0.941261053085327
B,205,10.045,0.807574450969696
B,206,10.094,0.9504154920578
B,207,10.143,1.00803565979004
B,208,10.192,0.909557521343231
B,209,10.241,1.01405608654022
B,210,10.29,0.871881306171417
B,211,10.339,1.04641997814178
B,212,10.388,0.953945934772491
B,213,10.437,1.00756072998047
B,214,10.486,1.04508674144745
B,215,10.535,1.07609367370605
B,216,10.584,0.979948699474335
B,217,10.633,0.938252329826355
B,218,10.682,0.99700140953064
B,219,10.731,0.96753716468811
B,220,10.78,1.03878164291382
B,221,10.829,0.98381233215332
B,222,10.878,0.991307556629181
B,223,10.927,0.94778710603714
B,224,10.976,0.919606685638428
B,225,11.025,0.795297503471375
B,226,11.074,0.925481975078583
B,227,11.123,0.828955292701721
B,228,11.172,0.942636251449585
B,229,11.221,0.78377765417099
B,230,11.27,0.783907234668732
B,231,11.319,0.878768384456635
B,232,11.368,0.745845556259155
B,233,11.417,0.824418962001801
B,234,11.466,0.784293949604034
B,235,11.515,0.817254364490509
B,236,11.564,0.799060463905334
B,237,11.613,0.749637424945831
B,238,11.662,0.72721391916275
B,239,11.711,0.7495436668396
B,240,11.76,0.71849113702774
B,241,11.809,0.678059101104736
B,242,11.858,0.671516716480255
B,243,11.907,0.730266511440277
B,244,11.956,0.758911848068237
B,245,12.005,0.702764213085175
B,246,12.054,0.712979674339294
B,247,12.103,0.875015020370483
B,248,12.152,0.880062997341156
B,249,12.201,0.71924352645874
B,250,12.25,0.750492453575134
B,251,12.299,0.820260167121887
B,252,12.348,0.937543570995331
B,253,12.397,0.734822452068329
B,254,12.446,0.790278553962708
B,255,12.495,0.774894714355469
B,256,12.544,0.74179869890213
B,257,12.593,0.75814563035965
B,258,12.642,0.721605539321899
B,259,12.691,0.771188974380493
B,260,12.74,0.71153998374939
B,261,12.789,0.718035280704498
B,262,12.838,0.786496639251709
B,263,12.887,0.908526957035065
B,264,12.936,0.662022352218628
B,265,12.985,0.86686897277832
B,266,13.034,0.777574896812439
B,267,13.083,0.850799202919006
B,268,13.132,0.727727651596069
B,269,13.181,0.766014873981476
B,270,13.23,0.82222306728363
B,271,13.279,0.766416072845459
B,272,13.328,0.691471874713898
B,273,13.377,0.802378237247467
B,274,13.426,0.820831000804901
B,275,13.475,0.756090104579926
B,276,13.524,0.669896423816681
B,277,13.573,0.836752474308014
B,278,13.622,0.77704256772995
B,279,13.671,0.791277408599854
B,280,13.72,0.727434039115906
B,281,13.769,0.808376431465149
B,282,13.818,0.866335570812225
B,283,13.867,0.887941241264343
B,284,13.916,0.93389767408371
B,285,13.965,0.875592529773712
B,286,14.014,0.783021032810211
B,287,14.063,0.657733261585236
B,288,14.112,0.693977534770966
B,289,14.161,0.790000259876251
B,290,14.21,0.724037170410156
B,291,14.259,0.834196090698242
B,292,14.308,0.794691741466522
B,293,14.357,0.838782548904419
B,294,14.406,0.706340491771698
B,295,14.455,0.798285365104675
B,296,14.504,0.724617183208466
B,297,14.553,0.828827440738678
B,298,14.602,0.786245107650757
B,299,14.651,0.827276706695557
B,300,14.7,0.784737944602966
B,301,14.749,0.672092318534851
B,302,14.798,0.738094091415405
B,303,14.847,0.750716745853424
B,304,14.896,0.826021432876587
B,305,14.945,0.83802318572998
B,306,14.994,0.901435196399689
B,307,15.043,0.81667023897171
B,308,15.092,0.809570014476776
B,309,15.141,0.853606641292572
B,310,15.19,0.763369500637054
B,311,15.239,0.801337242126465
B,312,15.288,0.837432384490967
B,313,15.337,0.849056363105774
B,314,15.386,0.836255669593811
B,315,15.435,0.801880359649658
B,316,15.484,0.893850684165955
B,317,15.533,0.875767648220062
B,318,15.582,0.984533846378326
B,319,15.631,0.929894685745239
B,320,15.68,0.980612397193909
B,321,15.729,0.863969445228577
B,322,15.778,0.83093786239624
B,323,15.827,0.783777177333832
B,324,15.876,0.83174729347229
B,325,15.925,0.782507479190826
B,326,15.974,0.850174069404602
B,327,16.023,0.844960629940033
B,328,16.072,1.01362097263336
B,329,16.121,0.886842429637909
B,330,16.17,0.739335656166077
B,331,16.219,0.781356394290924
B,332,16.268,0.740966498851776
B,333,16.317,0.90062540769577
B,334,16.366,0.906411707401276
B,335,16.415,0.87700492143631
B,336,16.464,0.707846641540527
B,337,16.513,0.788277387619019
B,338,16.562,0.937156975269318
B,339,16.611,0.840700924396515
B,340,16.66,0.795881807804108
B,341,16.709,0.925020158290863
B,342,16.758,0.736125528812408
B,343,16.807,0.738274276256561
B,344,16.856,0.898635625839233
B,345,16.905,0.835489094257355
B,346,16.954,0.965618908405304
B,347,17.003,0.893935918807983
B,348,17.052,0.969338357448578
B,349,17.101,0.884401798248291
B,350,17.15,0.981497287750244
B,351,17.199,0.962031722068787
B,352,17.248,0.888690829277039
B,353,17.297,1.03060615062714
B,354,17.346,0.967516124248505
B,355,17.395,1.01394879817963
B,356,17.444,1.034423828125
B,357,17.493,1.07561862468719
B,358,17.542,1.09204876422882
B,359,17.591,1.30447912216187
B,360,17.64,1.24184226989746
B,361,17.689,1.35613083839417
B,362,17.738,1.29819297790527
B,363,17.787,1.09845983982086
B,364,17.836,1.17130625247955
B,365,17.885,1.10362219810486
B,366,17.934,1.03629529476166
B,367,17.983,1.00405752658844
B,368,18.032,1.09339094161987
B,369,18.081,1.16722536087036
B,370,18.13,1.27063190937042
B,371,18.179,1.22700071334839
B,372,18.228,1.24831700325012
B,373,18.277,1.24488627910614
B,374,18.326,1.03076016902924
B,375,18.375,1.01836144924164
B,376,18.424,1.1300243139267
B,377,18.473,1.06852149963379
B,378,18.522,1.18518364429474
B,379,18.571,1.28909206390381
B,380,18.62,1.27541077136993
B,381,18.669,1.20024788379669
B,382,18.718,1.22699093818665
B,383,18.767,1.29519689083099
B,384,18.816,1.51368796825409
B,385,18.865,1.4518975019455
B,386,18.914,1.38448488712311
B,387,18.963,1.26648008823395
B,388,19.012,1.31338429450989
B,389,19.061,1.34247732162476
B,390,19.11,1.36441540718079
B,391,19.159,1.1829400062561
B,392,19.208,1.38090372085571
B,393,19.257,1.36152756214142
B,394,19.306,1.29311347007751
B,395,19.355,1.32084226608276
B,396,19.404,1.34119892120361
B,397,19.453,1.43962109088898
B,398,19.502,1.3106529712677
B,399,19.551,1.36383605003357
B,400,19.6,1.37780463695526
B,401,19.649,1.22027790546417
B,402,19.698,1.33352446556091
B,403,19.747,1.1509565114975
B,404,19.796,1.03992414474487
B,405,19.845,1.24780857563019
B,406,19.894,1.18047642707825
B,407,19.943,1.12262058258057
B,408,19.992,1.13352465629578
B,409,20.041,1.12722754478455
B,410,20.09,0.969014406204224
B,411,20.139,0.985378563404083
B,412,20.188,0.934676229953766
B,413,20.237,0.918810844421387
B,414,20.286,1.02446103096008
B,415,20.335,1.18359196186066
B,416,20.384,1.21046757698059
B,417,20.433,1.1181389093399
B,418,20.482,1.0309864282608
B,419,20.531,1.01858007907867
B,420,20.58,1.06924998760223
B,421,20.629,0.984153866767883
B,422,20.678,0.975590586662292
B,423,20.727,0.999481618404388
B,424,20.776,0.864242732524872
B,425,20.825,0.877157092094421
B,426,20.874,0.830604434013367
B,427,20.923,0.836977601051331
B,428,20.972,0.885188221931458
B,429,21.021,0.967334985733032
B,430,21.07,1.09228622913361
B,431,21.119,0.979994356632233
B,432,21.168,1.02224636077881
B,433,21.217,0.950206935405731
B,434,21.266,1.05749607086182
B,435,21.315,0.927221059799194
B,436,21.364,1.00715327262878
B,437,21.413,0.986710131168365
B,438,21.462,0.997794926166534
B,439,21.511,1.16329085826874
B,440,21.56,1.06843602657318
B,441,21.609,0.997576653957367
B,442,21.658,0.996552348136902
B,443,21.707,0.900746762752533
B,444,21.756,0.903484702110291
B,445,21.805,0.891120910644531
B,446,21.854,0.893439710140228
B,447,21.903,0.925395727157593
B,448,21.952,0.879513740539551
B,449,22.001,1.0142525434494
B,450,22.05,0.868881642818451
B,451,22.099,1.04192852973938
B,452,22.148,0.996105790138245
B,453,22.197,0.964018523693085
B,454,22.246,0.826063811779022
B,455,22.295,0.849877715110779
B,456,22.344,0.726684808731079
B,457,22.393,0.855687320232391
B,458,22.442,0.879706501960754
B,459,22.491,0.85740464925766
B,460,22.54,0.814521551132202
B,461,22.589,0.776918113231659
B,462,22.638,0.845063865184784
B,463,22.687,0.985705435276031
B,464,22.736,0.843553304672241
B,465,22.785,0.823700308799744
B,466,22.834,0.691943168640137
B,467,22.883,0.760310530662537
B,468,22.932,0.91364049911499
B,469,22.981,0.95027619600296
B,470,23.03,1.08109652996063
B,471,23.079,1.10130023956299
B,472,23.128,1.17152857780457
B,473,23.177,1.21652007102966
B,474,23.226,1.1713000535965
B,475,23.275,1.09029829502106
B,476,23.324,1.04989504814148
B,477,23.373,1.03094291687012
B,478,23.422,1.18709278106689
B,479,23.471,1.11604154109955
B,480,23.52,1.01578009128571
B,481,23.569,1.03471314907074
B,482,23.618,1.03271126747131
B,483,23.667,1.01011157035828
B,484,23.716,1.01079189777374
B,485,23.765,1.12624764442444
B,486,23.814,0.996056199073792
B,487,23.863,1.09985375404358
B,488,23.912,1.16734385490417
B,489,23.961,1.20150697231293
B,490,24.01,1.29141843318939
B,491,24.059,1.1297013759613
B,492,24.108,1.09046232700348
B,493,24.157,1.06896770000458
B,494,24.206,1.02624940872192
B,495,24.255,1.15463209152222
B,496,24.304,1.1957573890686
B,497,24.353,1.15922904014587
B,498,24.402,1.16292941570282
B,499,24.451,1.20788848400116
B,500,24.5,1.10800385475159
B,501,24.549,1.31161320209503
B,502,24.598,1.19995820522308
B,503,24.647,1.44699060916901
B,504,24.696,1.05247211456299
B,505,24.745,1.26490831375122
B,506,24.794,1.35698878765106
B,507,24.843,1.40529656410217
B,508,24.892,1.20454788208008
B,509,24.941,1.15391802787781
B,510,24.99,1.1631281375885
B,511,25.039,1.1027055978775
B,512,25.088,1.15113806724548
B,513,25.137,1.15606009960175
B,514,25.186,1.21139371395111
B,515,25.235,1.22292804718018
B,516,25.284,1.21697402000427
B,517,25.333,1.31480526924133
B,518,25.382,1.30008780956268
B,519,25.431,1.20528852939606
B,520,25.48,1.08852505683899
B,521,25.529,1.22222173213959
B,522,25.578,1.13905704021454
B,523,25.627,1.25925278663635
B,524,25.676,1.27185761928558
B,525,25.725,1.24925911426544
B,526,25.774,1.36198651790619
B,527,25.823,1.23733818531036
B,528,25.872,1.24956083297729
B,529,25.921,1.28112077713013
B,530,25.97,1.21927976608276
B,531,26.019,1.20692300796509
B,532,26.068,1.20198261737823
B,533,26.117,1.17207968235016
B,534,26.166,1.23647022247314
B,535,26.215,1.25077533721924
B,536,26.264,1.35445713996887
B,537,26.313,1.3408408164978
B,538,26.362,1.3829745054245
B,539,26.411,1.26260507106781
B,540,26.46,1.41383922100067
B,541,26.509,1.40104031562805
B,542,26.558,1.33314061164856
B,543,26.607,1.21972012519836
B,544,26.656,1.18230009078979
B,545,26.705,1.36380767822266
B,546,26.754,1.3830441236496
B,547,26.803,1.28885912895203
B,548,26.852,1.28538930416107
B,549,26.901,1.15505135059357
B,550,26.95,1.26456069946289
B,551,26.999,1.27866399288177
B,552,27.048,1.19436454772949
B,553,27.097,1.30692064762115
B,554,27.146,1.15133142471313
B,555,27.195,1.10421395301819
B,556,27.244,1.20574879646301
B,557,27.293,1.1924455165863
B,558,27.342,1.15986120700836
B,559,27.391,1.226194024086
B,560,27.44,1.31504535675049
B,561,27.489,1.1355220079422
B,562,27.538,1.28135681152344
B,563,27.587,1.03487980365753
B,564,27.636,1.08762228488922
B,565,27.685,1.13822591304779
B,566,27.734,1.02449977397919
B,567,27.783,1.28337144851685
B,568,27.832,1.13713014125824
B,569,27.881,1.00727689266205
B,570,27.93,0.997283935546875
B,571,27.979,1.07722997665405
B,572,28.028,1.0912116765976
B,573,28.077,1.15387618541718
B,574,28.126,1.03924071788788
B,575,28.175,1.09134924411774
B,576,28.224,1.13433420658112
B,577,28.273,1.122922539711
B,578,28.322,1.18327379226685
B,579,28.371,1.15558505058289
B,580,28.42,1.14275646209717
B,581,28.469,1.15813302993774
B,582,28.518,1.08696901798248
B,583,28.567,1.15501606464386
B,584,28.616,1.08389937877655
B,585,28.665,1.03396272659302
B,586,28.714,1.16624045372009
B,587,28.763,1.12480330467224
B,588,28.812,1.25745368003845
B,589,28.861,1.2755343914032
B,590,28.91,1.11154282093048
B,591,28.959,1.11417829990387
B,592,29.008,1.21903550624847
B,593,29.057,1.10515224933624
B,594,29.106,1.11047089099884
B,595,29.155,1.24217522144318
B,596,29.204,1.2498744726181
B,597,29.253,1.24082040786743
B,598,29.302,1.2069901227951
B,599,29.351,1.2625048160553
B,600,29.4,1.35046350955963
B,601,29.449,1.30427730083466
B,602,29.498,1.3458343744278
B,603,29.547,1.14732432365417
B,604,29.596,1.24135053157806
B,605,29.645,1.24405264854431
B,606,29.694,1.12735056877136
B,607,29.743,1.14153122901917
B,608,29.792,1.24968433380127
B,609,29.841,1.2806202173233
B,610,29.89,1.24452042579651
B,611,29.939,1.25996601581573
B,612,29.988,1.18214297294617
B,613,30.037,1.2195291519165
B,614,30.086,1.19571876525879
B,615,30.135,1.30001163482666
B,616,30.184,1.19887673854828
B,617,30.233,1.24666142463684
B,618,30.282,1.31385958194733
B,619,30.331,1.25872480869293
B,620,30.38,1.22494721412659
B,621,30.429,1.29421281814575
B,622,30.478,1.28756141662598
B,623,30.527,1.1283985376358
B,624,30.576,0.99939227104187
B,625,30.625,1.18982148170471
B,626,30.674,1.1055508852005
B,627,30.723,1.19382476806641
B,628,30.772,1.1720712184906
B,629,30.821,1.04982268810272
B,630,30.87,1.12108635902405
B,631,30.919,1.10550427436829
B,632,30.968,1.11139380931854
B,633,31.017,1.14365744590759
B,634,31.066,1.22757470607758
B,635,31.115,1.24529433250427
B,636,31.164,1.31694173812866
B,637,31.213,1.28617537021637
B,638,31.262,1.28315699100494
B,639,31.311,1.22690951824188
B,640,31.36,1.27076578140259
B,641,31.409,1.25889587402344
B,642,31.458,1.36053013801575
B,643,31.507,1.29192566871643
B,644,31.556,1.23605728149414
B,645,31.605,1.1977823972702
B,646,31.654,1.09638237953186
B,647,31.703,1.09470725059509
B,648,31.752,1.0395679473877
B,649,31.801,1.17792403697968
B,650,31.85,1.14985179901123
B,651,31.899,1.19094133377075
B,652,31.948,1.17363607883453
B,653,31.997,1.12245345115662
B,654,32.046,1.11628925800323
B,655,32.095,1.10755240917206
B,656,32.144,1.1488299369812
B,657,32.193,1.38043487071991
B,658,32.242,1.29072213172913
B,659,32.291,1.15461528301239
B,660,32.34,1.40551507472992
B,661,32.389,1.16451978683472
B,662,32.438,1.21575582027435
B,663,32.487,1.23214876651764
B,664,32.536,1.27917349338531
B,665,32.585,1.10128200054169
B,666,32.634,1.14582133293152
B,667,32.683,1.27628862857819
B,668,32.732,1.20818793773651
B,669,32.781,1.30523884296417
B,670,32.83,1.23236274719238
B,671,32.879,1.29881262779236
B,672,32.928,1.32125329971313
B,673,32.977,1.28051602840424
B,674,33.026,1.1887047290802
B,675,33.075,1.13888573646545
B,676,33.124,1.10868668556213
B,677,33.173,1.11454999446869
B,678,33.222,1.19863057136536
B,679,33.271,1.08292162418365
B,680,33.32,0.940717160701752
B,681,33.369,1.19785618782043
B,682,33.418,1.18031787872314
B,683,33.467,1.11199009418488
B,684,33.516,1.14820206165314
B,685,33.565,1.20898258686066
B,686,33.614,1.28862524032593
B,687,33.663,1.25893020629883
B,688,33.712,1.28850555419922
B,689,33.761,1.43682217597961
B,690,33.81,1.2737797498703
B,691,33.859,1.24904096126556
B,692,33.908,1.32237958908081
B,693,33.957,1.26826989650726
B,694,34.006,1.30354607105255
B,695,34.055,1.25456988811493
B,696,34.104,1.34786224365234
B,697,34.153,1.34091699123383
B,698,34.202,1.23711585998535
B,699,34.251,1.23542428016663
B,700,34.3,1.09733664989471
B,701,34.349,1.20791876316071
B,702,34.398,1.24937641620636
B,703,34.447,1.31624114513397
B,704,34.496,1.09962856769562
B,705,34.545,1.35738611221313
B,706,34.594,1.25818264484406
B,707,34.643,1.2478643655777
B,708,34.692,1.18814074993134
B,709,34.741,1.2095787525177
B,710,34.79,1.14517855644226
B,711,34.839,1.15153813362122
B,712,34.888,1.18828058242798
B,713,34.937,1.23034918308258
B,714,34.986,1.2151186466217
B,715,35.035,1.25234031677246
B,716,35.084,1.18832123279572
B,717,35.133,1.18037438392639
B,718,35.182,1.24723291397095
B,719,35.231,1.13735032081604
B,720,35.28,1.14363873004913
B,721,35.329,1.06866550445557
B,722,35.378,1.06892895698547
B,723,35.427,1.1625360250473
B,724,35.476,1.24608874320984
B,725,35.525,1.28060281276703
B,726,35.574,1.13935208320618
B,727,35.623,1.18555021286011
B,728,35.672,1.16007781028748
B,729,35.721,1.17451393604279
B,730,35.77,1.26728129386902
B,731,35.819,1.28379762172699
B,732,35.868,1.29716563224792
B,733,35.917,1.26298475265503
B,734,35.966,1.28124380111694
B,735,36.015,1.17801141738892
B,736,36.064,1.16678547859192
B,737,36.113,1.14386689662933
B,738,36.162,1.18160045146942
B,739,36.211,1.12977290153503
B,740,36.26,1.25999248027802
B,741,36.309,1.32010388374329
B,742,36.358,1.21139121055603
B,743,36.407,1.29796135425568
B,744,36.456,1.25253248214722
B,745,36.505,1.35834240913391
B,746,36.554,1.20795559883118
B,747,36.603,1.26359021663666
B,748,36.652,1.29062819480896
B,749,36.701,1.23673045635223
B,750,36.75,1.265833735466
B,751,36.799,1.23064947128296
B,752,36.848,1.27540409564972
B,753,36.897,1.3083211183548
B,754,36.946,1.32541716098785
B,755,36.995,1.17518651485443
B,756,37.044,1.28665792942047
B,757,37.093,1.3510730266571
B,758,37.142,1.28846347332001
B,759,37.191,1.29807865619659
B,760,37.24,1.22709882259369
B,761,37.289,1.24284911155701
B,762,37.338,1.30888712406158
B,763,37.387,1.31830167770386
B,764,37.436,1.26201701164246
B,765,37.485,1.30905830860138
B,766,37.534,1.24983763694763
B,767,37.583,1.27574932575226
B,768,37.632,1.32130336761475
B,769,37.681,1.30879747867584
B,770,37.73,1.38973152637482
B,771,37.779,1.28370237350464
B,772,37.828,1.35722517967224
B,773,37.877,1.3196108341217
B,774,37.926,1.30991625785828
B,775,37.975,1.33426606655121
B,776,38.024,1.36449265480042
B,777,38.073,1.35671889781952
B,778,38.122,1.31747210025787
B,779,38.171,1.30416810512543
B,780,38.22,1.28161406517029
B,781,38.269,1.32905030250549
B,782,38.318,1.2705979347229
B,783,38.367,1.2079815864563
B,784,38.416,1.24444556236267
B,785,38.465,1.22223424911499
B,786,38.514,1.26265239715576
B,787,38.563,1.33445870876312
B,788,38.612,1.42991948127747
B,789,38.661,1.38445031642914
B,790,38.71,1.40423452854156
B,791,38.759,1.43530774116516
B,792,38.808,1.56920790672302
B,793,38.857,1.40022277832031
B,794,38.906,1.42157924175262
B,795,38.955,1.32029449939728
B,796,39.004,1.39406883716583
B,797,39.053,1.20596039295197
B,798,39.102,1.41585266590118
B,799,39.151,1.39262163639069
B,800,39.2,1.44266414642334
B,801,39.249,1.3834673166275
B,802,39.298,1.49695932865143
B,803,39.347,1.35321199893951
B,804,39.396,1.09686410427094
B,805,39.445,1.33934593200684
B,806,39.494,1.21330797672272
B,807,39.543,1.23976731300354
B,808,39.592,1.1774640083313
B,809,39.641,1.15426504611969
B,810,39.69,1.10546207427979
B,811,39.739,1.07516467571259
B,812,39.788,1.17633807659149
B,813,39.837,1.14044332504272
B,814,39.886,1.07142245769501
B,815,39.935,1.13193082809448
B,816,39.984,1.17185270786285
B,817,40.033,1.32198894023895
B,818,40.082,1.40427649021149
B,819,40.131,1.35558068752289
B,820,40.18,1.46307456493378
B,821,40.229,1.36825704574585
B,822,40.278,1.38730990886688
B,823,40.327,1.45219624042511
B,824,40.376,1.22431755065918
B,825,40.425,1.20625269412994
B,826,40.474,1.21498000621796
B,827,40.523,1.29018843173981
B,828,40.572,1.15470278263092
B,829,40.621,1.24626362323761
B,830,40.67,1.25978922843933
B,831,40.719,1.40468060970306
B,832,40.768,1.35251200199127
B,833,40.817,1.30083012580872
B,834,40.866,1.32649898529053
B,835,40.915,1.41200244426727
B,836,40.964,1.4045318365097
B,837,41.013,1.37187683582306
B,838,41.062,1.28628742694855
B,839,41.111,1.33070230484009
B,840,41.16,1.50157380104065
B,841,41.209,1.29106605052948
B,842,41.258,1.24958109855652
B,843,41.307,1.17167639732361
B,844,41.356,1.20913362503052
B,845,41.405,1.21908926963806
B,846,41.454,1.22401642799377
B,847,41.503,1.2761447429657
B,848,41.552,1.2127697467804
B,849,41.601,1.16802549362183
B,850,41.65,1.1985319852829
B,851,41.699,1.126624584198
B,852,41.748,1.18762111663818
B,853,41.797,1.11106729507446
B,854,41.846,1.11962485313416
B,855,41.895,1.16287899017334
B,856,41.944,1.23207294940948
B,857,41.993,1.14044260978699
B,858,42.042,1.16457843780518
B,859,42.091,1.21643388271332
B,860,42.14,1.15743911266327
B,861,42.189,1.22270286083221
B,862,42.238,1.17817008495331
B,863,42.287,1.05913186073303
B,864,42.336,1.08911800384521
B,865,42.385,1.13630831241608
B,866,42.434,1.19749069213867
B,867,42.483,1.19625902175903
B,868,42.532,1.25717163085938
B,869,42.581,1.20864117145538
B,870,42.63,1.1695808172226
B,871,42.679,1.19979846477509
B,872,42.728,1.14084446430206
B,873,42.777,1.15393626689911
B,874,42.826,1.07146561145782
B,875,42.875,1.1077789068222
B,876,42.924,1.1679208278656
B,877,42.973,1.19055664539337
B,878,43.022,1.07880473136902
B,879,43.071,1.03448534011841
B,880,43.12,1.04478204250336
B,881,43.169,1.28032386302948
B,882,43.218,1.19598293304443
B,883,43.267,1.17831015586853
B,884,43.316,1.1503986120224
B,885,43.365,1.02029466629028
B,886,43.414,1.00044310092926
B,887,43.463,0.953646540641785
B,888,43.512,0.96007114648819
B,889,43.561,0.985244631767273
B,890,43.61,1.04745483398438
B,891,43.659,1.02887392044067
B,892,43.708,1.29432797431946
B,893,43.757,1.2399640083313
B,894,43.806,1.15443003177643
B,895,43.855,1.07133615016937
B,896,43.904,1.09290993213654
B,897,43.953,1.2095353603363
B,898,44.002,1.13355207443237
B,899,44.051,1.07082557678223
B,900,44.1,1.02722692489624
B,901,44.149,1.0880560874939
B,902,44.198,1.20157992839813
B,903,44.247,1.10597515106201
B,904,44.296,1.2156046628952
B,905,44.345,1.47297811508179
B,906,44.394,1.36171078681946
B,907,44.443,1.38135623931885
B,908,44.492,1.44236433506012
B,909,44.541,1.44408619403839
B,910,44.59,1.44064819812775
B,911,44.639,1.48832404613495
B,912,44.688,1.47150182723999
B,913,44.737,1.33092641830444
B,914,44.786,1.38978910446167
B,915,44.835,1.41951596736908
B,916,44.884,1.45738768577576
B,917,44.933,1.50207352638245
B,918,44.982,1.41124927997589
B,919,45.031,1.37837600708008
B,920,45.08,1.49525713920593
B,921,45.129,1.46916389465332
B,922,45.178,1.5719245672226
B,923,45.227,1.44088065624237
B,924,45.276,1.41242825984955
B,925,45.325,1.30080783367157
B,926,45.374,1.17214751243591
B,927,45.423,1.17783617973328
B,928,45.472,1.30815899372101
B,929,45.521,1.12959778308868
B,930,45.57,1.19826447963715
B,931,45.619,1.23896670341492
B,932,45.668,1.25987875461578
B,933,45.717,1.20185017585754
B,934,45.766,1.0968005657196
B,935,45.815,1.14273881912231
B,936,45.864,1.13433766365051
B,937,45.913,1.02443063259125
B,938,45.962,1.10132956504822
B,939,46.011,1.13142716884613
B,940,46.06,1.07689666748047
B,941,46.109,0.985177516937256
B,942,46.158,1.16758847236633
B,943,46.207,1.1280277967453
B,944,46.256,1.04562067985535
B,945,46.305,1.12683963775635
B,946,46.354,1.08322763442993
B,947,46.403,1.25270891189575
B,948,46.452,1.16161549091339
B,949,46.501,1.08624255657196
B,950,46.55,1.24459147453308
B,951,46.599,1.17968904972076
B,952,46.648,1.23168277740479
B,953,46.697,1.0098625421524
B,954,46.746,1.12131381034851
B,955,46.795,1.20524430274963
B,956,46.844,1.27695941925049
B,957,46.893,1.30940783023834
B,958,46.942,1.30299437046051
B,959,46.991,1.25399649143219
B,960,47.04,1.251828789711
B,961,47.089,1.26938819885254
B,962,47.138,1.3909022808075
B,963,47.187,1.38422584533691
B,964,47.236,1.31879138946533
B,965,47.285,1.35948383808136
B,966,47.334,1.27590918540955
B,967,47.383,1.34127819538116
B,968,47.432,1.38679814338684
B,969,47.481,1.36882328987122
B,970,47.53,1.29662990570068
B,971,47.579,1.3598735332489
B,972,47.628,1.43970704078674
B,973,47.677,1.37950325012207
B,974,47.726,1.21331393718719
B,975,47.775,1.15968883037567
B,976,47.824,1.21826136112213
B,977,47.873,1.1372584104538
B,978,47.922,1.1471254825592
B,979,47.971,1.27292847633362
B,980,48.02,1.35418951511383
B,981,48.069,1.34282350540161
B,982,48.118,1.22911894321442
B,983,48.167,1.19735479354858
B,984,48.216,1.24674808979034
B,985,48.265,1.24720740318298
B,986,48.314,1.24531018733978
B,987,48.363,1.20517158508301
B,988,48.412,1.3093364238739
B,989,48.461,1.23786318302155
B,990,48.51,1.29270017147064
B,991,48.559,1.18492221832275
B,992,48.608,1.26697158813477
B,993,48.657,1.32149171829224
B,994,48.706,1.37116849422455
B,995,48.755,1.17348968982697
B,996,48.804,1.17252385616302
B,997,48.853,1.07940399646759
B,998,48.902,1.08029615879059
B,999,48.951,1.03124821186066
B,1000,49,1.21796250343323
B,1001,49.049,1.25402283668518
B,1002,49.098,1.37653613090515
B,1003,49.147,1.3305549621582
B,1004,49.196,1.40913116931915
B,1005,49.245,1.32503271102905
B,1006,49.294,1.38631892204285
B,1007,49.343,1.33074688911438
B,1008,49.392,1.28979730606079
B,1009,49.441,1.24198663234711
B,1010,49.49,1.39362895488739
B,1011,49.539,1.38406550884247
B,1012,49.588,1.28993022441864
B,1013,49.637,1.33593487739563
B,1014,49.686,1.29220700263977
B,1015,49.735,1.24833691120148
B,1016,49.784,1.40016996860504
B,1017,49.833,1.50079011917114
B,1018,49.882,1.33978641033173
B,1019,49.931,1.50045049190521
B,1020,49.98,1.30609893798828
B,1021,50.029,1.33711159229279
B,1022,50.078,1.24455726146698
B,1023,50.127,1.1849457025528
B,1024,50.176,1.30292451381683
B,1025,50.225,1.20422339439392
B,1026,50.274,1.174360871315
B,1027,50.323,1.36274588108063
B,1028,50.372,1.29655277729034
B,1029,50.421,1.27771615982056
B,1030,50.47,1.33188116550446
B,1031,50.519,1.17569947242737
B,1032,50.568,1.29586660861969
B,1033,50.617,1.23552775382996
B,1034,50.666,1.12057983875275
B,1035,50.715,1.23171555995941
B,1036,50.764,1.13439667224884
B,1037,50.813,1.16617405414581
B,1038,50.862,1.04040598869324
B,1039,50.911,1.11532926559448
B,1040,50.96,1.16323590278625
B,1041,51.009,1.14606058597565
B,1042,51.058,1.20551562309265
B,1043,51.107,1.2452689409256
B,1044,51.156,1.25378394126892
B,1045,51.205,1.30782496929169
B,1046,51.254,1.16957998275757
B,1047,51.303,1.27060651779175
B,1048,51.352,1.22178971767426
B,1049,51.401,1.19163239002228
B,1050,51.45,1.22070372104645
B,1051,51.499,1.14127707481384
B,1052,51.548,1.17686975002289
B,1053,51.597,1.0954133272171
B,1054,51.646,1.23244071006775
B,1055,51.695,1.15832197666168
B,1056,51.744,1.14017057418823
B,1057,51.793,1.15449607372284
B,1058,51.842,1.13548266887665
B,1059,51.891,1.22904634475708
B,1060,51.94,1.17169594764709
B,1061,51.989,1.23790276050568
B,1062,52.038,1.1862086057663
B,1063,52.087,1.27359962463379
B,1064,52.136,1.22951245307922
B,1065,52.185,1.30629217624664
B,1066,52.234,1.31241834163666
B,1067,52.283,1.14581954479218
B,1068,52.332,1.09500586986542
B,1069,52.381,1.06087589263916
B,1070,52.43,1.04390573501587
B,1071,52.479,1.23857080936432
B,1072,52.528,1.3007892370224
B,1073,52.577,1.30327427387238
B,1074,52.626,1.24454820156097
B,1075,52.675,1.20991361141205
B,1076,52.724,1.1339670419693
B,1077,52.773,1.12798237800598
B,1078,52.822,1.16524600982666
B,1079,52.871,1.21053040027618
B,1080,52.92,1.08738231658936
B,1081,52.969,1.17063128948212
B,1082,53.018,1.10355806350708
B,1083,53.067,1.10016322135925
B,1084,53.116,1.11073982715607
B,1085,53.165,1.04816436767578
B,1086,53.214,1.10733127593994
B,1087,53.263,0.958662927150726
B,1088,53.312,0.93132495880127
B,1089,53.361,0.947709381580353
B,1090,53.41,0.843354403972626
B,1091,53.459,0.928229510784149
B,1092,53.508,0.948473393917084
B,1093,53.557,0.886741816997528
B,1094,53.606,0.963177919387817
B,1095,53.655,0.977071106433868
B,1096,53.704,0.850654900074005
B,1097,53.753,1.0048451423645
B,1098,53.802,1.10864520072937
B,1099,53.851,1.0947961807251
B,1100,53.9,1.07197165489197
B,1101,53.949,1.04968059062958
B,1102,53.998,1.02400290966034
B,1103,54.047,1.003666639328
B,1104,54.096,0.990565001964569
B,1105,54.145,0.933236837387085
B,1106,54.194,0.892172574996948
B,1107,54.243,0.914533317089081
B,1108,54.292,0.94792765378952
B,1109,54.341,0.892272591590881
B,1110,54.39,0.953173637390137
B,1111,54.439,0.971759855747223
B,1112,54.488,1.0327376127243
B,1113,54.537,0.881468176841736
B,1114,54.586,0.994211971759796
B,1115,54.635,0.893823981285095
B,1116,54.684,1.01793837547302
B,1117,54.733,0.981563448905945
B,1118,54.782,0.822667121887207
B,1119,54.831,0.899695634841919
B,1120,54.88,0.969636797904968
B,1121,54.929,0.942442715167999
B,1122,54.978,0.984403848648071
B,1123,55.027,1.18107998371124
B,1124,55.076,1.10907351970673
B,1125,55.125,1.02673137187958
B,1126,55.174,0.849732518196106
B,1127,55.223,0.879036724567413
B,1128,55.272,1.07315289974213
B,1129,55.321,1.08383691310883
B,1130,55.37,1.00182700157166
B,1131,55.419,1.03347706794739
B,1132,55.468,1.06008672714233
B,1133,55.517,1.0205272436142
B,1134,55.566,1.20689833164215
B,1135,55.615,1.14126265048981
B,1136,55.664,1.11598145961761
B,1137,55.713,1.17763793468475
B,1138,55.762,1.16817021369934
B,1139,55.811,1.12340688705444
B,1140,55.86,1.13083899021149
B,1141,55.909,1.12281012535095
B,1142,55.958,1.10299801826477
B,1143,56.007,1.19112229347229
B,1144,56.056,1.14870309829712
B,1145,56.105,1.09444856643677
B,1146,56.154,1.11912131309509
B,1147,56.203,1.17554259300232
B,1148,56.252,1.20815110206604
B,1149,56.301,1.15377700328827
B,1150,56.35,0.973344027996063
B,1151,56.399,1.02143347263336
B,1152,56.448,0.906163513660431
B,1153,56.497,1.04653799533844
B,1154,56.546,1.10128390789032
B,1155,56.595,1.14976096153259
B,1156,56.644,1.05453944206238
B,1157,56.693,1.18687665462494
B,1158,56.742,1.01995098590851
B,1159,56.791,0.997800052165985
B,1160,56.84,1.00332868099213
B,1161,56.889,1.12230885028839
B,1162,56.938,0.907672166824341
B,1163,56.987,1.13605570793152
B,1164,57.036,1.16493558883667
B,1165,57.085,1.20629370212555
B,1166,57.134,1.11219227313995
B,1167,57.183,1.09749341011047
B,1168,57.232,1.01130044460297
B,1169,57.281,0.981745600700378
B,1170,57.33,0.99352365732193
B,1171,57.379,1.10230362415314
B,1172,57.428,1.008873462677
B,1173,57.477,0.973048746585846
B,1174,57.526,0.997511923313141
B,1175,57.575,0.944992303848267
B,1176,57.624,0.945752382278442
B,1177,57.673,0.968977570533752
B,1178,57.722,0.890158534049988
B,1179,57.771,0.945972263813019
B,1180,57.82,0.957071006298065
B,1181,57.869,1.07622790336609
B,1182,57.918,1.02861618995667
B,1183,57.967,0.978783428668976
B,1184,58.016,1.04765462875366
B,1185,58.065,1.0978696346283
B,1186,58.114,1.04508793354034
B,1187,58.163,1.04530048370361
B,1188,58.212,0.998129665851593
B,1189,58.261,1.00506818294525
B,1190,58.31,1.11466956138611
B,1191,58.359,1.2444669008255
B,1192,58.408,0.893224358558655
B,1193,58.457,1.03313386440277
B,1194,58.506,1.05908167362213
B,1195,58.555,1.0342470407486
B,1196,58.604,0.989379584789276
B,1197,58.653,0.948687016963959
B,1198,58.702,1.02333927154541
B,1199,58.751,0.965011358261108
B,1200,58.8,1.08971858024597
B,1201,58.849,1.07877099514008
B,1202,58.898,1.02834844589233
B,1203,58.947,1.11364793777466
B,1204,58.996,1.12373471260071
B,1205,59.045,1.11995768547058
B,1206,59.094,1.11047613620758
B,1207,59.143,1.01050615310669
B,1208,59.192,1.04887115955353
B,1209,59.241,1.09226787090302
B,1210,59.29,1.07416522502899
B,1211,59.339,1.15599012374878
B,1212,59.388,1.10832893848419
B,1213,59.437,1.1015213727951
B,1214,59.486,1.10456120967865
B,1215,59.535,1.28045535087585
B,1216,59.584,1.17745912075043
B,1217,59.633,1.19321179389954
B,1218,59.682,1.11889517307281
B,1219,59.731,1.23119020462036
B,1220,59.78,1.00422525405884
B,1221,59.829,1.13790059089661
B,1222,59.878,1.11988377571106
B,1223,59.927,1.04267966747284
B,1224,59.976,0.935966610908508
B,1225,60.025,1.01154983043671
B,1226,60.074,0.897477149963379
B,1227,60.123,1.13767552375793
B,1228,60.172,1.14490604400635
B,1229,60.221,1.08423483371735
B,1230,60.27,1.22533369064331
B,1231,60.319,1.17777299880981
B,1232,60.368,1.0124546289444
B,1233,60.417,0.990005731582642
B,1234,60.466,0.969568192958832
B,1235,60.515,0.914125084877014
B,1236,60.564,1.03224897384644
B,1237,60.613,1.04459989070892
B,1238,60.662,1.11489140987396
B,1239,60.711,0.990006983280182
B,1240,60.76,0.94108259677887
B,1241,60.809,0.917641699314117
B,1242,60.858,0.82444703578949
B,1243,60.907,0.927557826042175
B,1244,60.956,0.769252836704254
B,1245,61.005,0.871047258377075
B,1246,61.054,0.919449150562286
B,1247,61.103,0.975977540016174
B,1248,61.152,0.930535078048706
B,1249,61.201,1.01643347740173
B,1250,61.25,1.05106580257416
B,1251,61.299,0.899737358093262
B,1252,61.348,1.00835776329041
B,1253,61.397,1.10599040985107
B,1254,61.446,1.11462295055389
B,1255,61.495,1.03077411651611
B,1256,61.544,0.971967995166779
B,1257,61.593,1.03490579128265
B,1258,61.642,1.12256395816803
B,1259,61.691,1.02685582637787
B,1260,61.74,1.05840075016022
B,1261,61.789,1.07330727577209
B,1262,61.838,1.07065773010254
B,1263,61.887,1.16046619415283
B,1264,61.936,1.17615067958832
B,1265,61.985,1.09432029724121
B,1266,62.034,1.08311414718628
B,1267,62.083,1.08982026576996
B,1268,62.132,1.09666514396667
B,1269,62.181,0.963873744010925
B,1270,62.23,1.00810766220093
B,1271,62.279,1.02550208568573
B,1272,62.328,1.08272111415863
B,1273,62.377,1.03350925445557
B,1274,62.426,0.935673415660858
B,1275,62.475,1.1865998506546
B,1276,62.524,1.14427495002747
B,1277,62.573,0.999083757400513
B,1278,62.622,0.910653054714203
B,1279,62.671,1.05250644683838
B,1280,62.72,0.988555788993835
B,1281,62.769,0.926374673843384
B,1282,62.818,0.843298077583313
B,1283,62.867,0.964058637619019
B,1284,62.916,1.13126051425934
B,1285,62.965,1.08856618404388
B,1286,63.014,1.03092932701111
B,1287,63.063,0.964325249195099
B,1288,63.112,1.03533506393433
B,1289,63.161,1.09303951263428
B,1290,63.21,1.16494476795197
B,1291,63.259,1.09084904193878
B,1292,63.308,1.07501244544983
B,1293,63.357,1.08547484874725
B,1294,63.406,1.10375118255615
B,1295,63.455,0.983940660953522
B,1296,63.504,1.08634793758392
B,1297,63.553,0.983391582965851
B,1298,63.602,1.03180181980133
B,1299,63.651,1.17412221431732
B,1300,63.7,1.1511207818985
B,1301,63.749,1.21536564826965
B,1302,63.798,1.08137333393097
B,1303,63.847,1.22065258026123
B,1304,63.896,1.36709189414978
B,1305,63.945,1.18051159381866
B,1306,63.994,1.13067638874054
B,1307,64.043,1.13035094738007
B,1308,64.092,1.23116648197174
B,1309,64.141,1.22182404994965
B,1310,64.19,1.10254180431366
B,1311,64.239,1.08154535293579
B,1312,64.288,1.09606218338013
B,1313,64.337,1.06466865539551
B,1314,64.386,0.932599663734436
B,1315,64.435,0.962306380271912
B,1316,64.484,0.973213136196136
B,1317,64.533,0.91833770275116
B,1318,64.582,0.927869260311127
B,1319,64.631,0.864957690238953
B,1320,64.68,0.800173580646515
B,1321,64.729,0.88890665769577
B,1322,64.778,0.97017103433609
B,1323,64.827,0.903743982315063
B,1324,64.876,0.836933195590973
B,1325,64.925,0.839876651763916
B,1326,64.974,0.889789819717407
B,1327,65.023,0.888943433761597
B,1328,65.072,0.925909519195557
B,1329,65.121,1.02971231937408
B,1330,65.17,0.822848856449127
B,1331,65.219,0.885833919048309
B,1332,65.268,0.901494145393372
B,1333,65.317,0.915405988693237
B,1334,65.366,0.929347813129425
B,1335,65.415,1.00402009487152
B,1336,65.464,0.999363243579865
B,1337,65.513,0.937816739082336
B,1338,65.562,0.986589074134827
B,1339,65.611,0.91531503200531
B,1340,65.66,0.956030488014221
B,1341,65.709,0.949650287628174
B,1342,65.758,0.918950736522675
B,1343,65.807,1.05522656440735
B,1344,65.856,1.14462649822235
B,1345,65.905,1.13229238986969
B,1346,65.954,1.14817309379578
B,1347,66.003,1.16108727455139
B,1348,66.052,1.093914270401
B,1349,66.101,1.23722636699677
B,1350,66.15,1.11246836185455
B,1351,66.199,0.946178734302521
B,1352,66.248,0.998118996620178
B,1353,66.297,0.889889597892761
B,1354,66.346,0.806164979934692
B,1355,66.395,0.774313271045685
B,1356,66.444,0.909500181674957
B,1357,66.493,0.970547139644623
B,1358,66.542,1.09814941883087
B,1359,66.591,0.917474448680878
B,1360,66.64,0.98333740234375
B,1361,66.689,1.05259132385254
B,1362,66.738,0.972565770149231
B,1363,66.787,1.049196600914
B,1364,66.836,0.960519969463348
B,1365,66.885,1.06979012489319
B,1366,66.934,0.89269232749939
B,1367,66.983,0.972933232784271
B,1368,67.032,0.7754927277565
B,1369,67.081,0.786542654037476
B,1370,67.13,0.801501393318176
B,1371,67.179,0.780444085597992
B,1372,67.228,0.858405470848083
B,1373,67.277,0.922840118408203
B,1374,67.326,1.03758132457733
B,1375,67.375,0.837387979030609
B,1376,67.424,0.894154727458954
B,1377,67.473,0.913773357868195
B,1378,67.522,0.883855044841766
B,1379,67.571,0.964728772640228
B,1380,67.62,0.78587281703949
B,1381,67.669,0.813779830932617
B,1382,67.718,0.909872591495514
B,1383,67.767,0.876614928245544
B,1384,67.816,1.05817723274231
B,1385,67.865,0.918661952018738
B,1386,67.914,1.00757360458374
B,1387,67.963,0.88260817527771
B,1388,68.012,0.922455430030823
B,1389,68.061,0.933507800102234
B,1390,68.11,0.748173773288727
B,1391,68.159,0.987597584724426
B,1392,68.208,1.09620082378387
B,1393,68.257,1.08026695251465
B,1394,68.306,1.16464567184448
B,1395,68.355,1.13891494274139
B,1396,68.404,1.16911005973816
B,1397,68.453,1.03205931186676
B,1398,68.502,0.95494669675827
B,1399,68.551,1.07837331295013
B,1400,68.6,1.07593595981598
B,1401,68.649,1.17857909202576
B,1402,68.698,1.04812169075012
B,1403,68.747,1.17460227012634
B,1404,68.796,1.07849490642548
B,1405,68.845,1.01927292346954
B,1406,68.894,1.02737212181091
B,1407,68.943,1.18513441085815
B,1408,68.992,1.26074361801147
B,1409,69.041,1.09580719470978
B,1410,69.09,1.04745197296143
B,1411,69.139,0.994285523891449
B,1412,69.188,1.06806790828705
B,1413,69.237,1.00868403911591
B,1414,69.286,1.01099896430969
B,1415,69.335,0.923831760883331
B,1416,69.384,1.12221622467041
B,1417,69.433,0.902818381786346
B,1418,69.482,0.906136035919189
B,1419,69.531,0.954540431499481
B,1420,69.58,1.07986259460449
B,1421,69.629,0.998043060302734
B,1422,69.678,0.942396879196167
B,1423,69.727,0.897528648376465
B,1424,69.776,0.984725534915924
B,1425,69.825,1.01714968681335
B,1426,69.874,0.878136456012726
B,1427,69.923,0.91881388425827
B,1428,69.972,0.902660548686981
B,1429,70.021,0.973826944828033
B,1430,70.07,0.976935267448425
B,1431,70.119,0.967760145664215
B,1432,70.168,0.880487382411957
B,1433,70.217,0.827737152576447
B,1434,70.266,0.930663526058197
B,1435,70.315,0.947067320346832
B,1436,70.364,1.06423401832581
B,1437,70.413,1.06411826610565
B,1438,70.462,1.02171492576599
B,1439,70.511,1.04747796058655
B,1440,70.56,0.925241589546204
B,1441,70.609,0.992104053497314
B,1442,70.658,0.965226531028748
B,1443,70.707,0.973551452159882
B,1444,70.756,1.02788758277893
B,1445,70.805,1.01820063591003
B,1446,70.854,0.941969871520996
B,1447,70.903,0.999882578849792
B,1448,70.952,0.937116026878357
B,1449,71.001,0.958744883537292
B,1450,71.05,0.997997224330902
B,1451,71.099,0.956684172153473
B,1452,71.148,0.884278059005737
B,1453,71.197,0.838521063327789
B,1454,71.246,1.07282960414886
B,1455,71.295,0.973882079124451
B,1456,71.344,0.973446488380432
B,1457,71.393,0.897910237312317
B,1458,71.442,0.857684016227722
B,1459,71.491,0.880348682403564
B,1460,71.54,0.812542378902435
B,1461,71.589,0.89394599199295
B,1462,71.638,0.884153366088867
B,1463,71.687,0.943824350833893
B,1464,71.736,0.899051547050476
B,1465,71.785,1.03486549854279
B,1466,71.834,1.04239594936371
B,1467,71.883,1.17862010002136
B,1468,71.932,1.16738414764404
B,1469,71.981,1.03896069526672
B,1470,72.03,0.976805984973907
B,1471,72.079,0.95975136756897
B,1472,72.128,0.978188753128052
B,1473,72.177,1.02959048748016
B,1474,72.226,1.09281039237976
B,1475,72.275,1.05050206184387
B,1476,72.324,0.968917608261108
B,1477,72.373,1.01174700260162
B,1478,72.422,1.09497129917145
B,1479,72.471,0.972676813602448
B,1480,72.52,0.880982160568237
B,1481,72.569,1.01090037822723
B,1482,72.618,0.915761172771454
B,1483,72.667,0.923843622207642
B,1484,72.716,1.02609741687775
B,1485,72.765,0.952288568019867
B,1486,72.814,0.865986049175262
B,1487,72.863,0.927264869213104
B,1488,72.912,0.939854502677917
B,1489,72.961,0.82890921831131
B,1490,73.01,0.928853571414948
B,1491,73.059,0.936241805553436
B,1492,73.108,0.889447748661041
B,1493,73.157,0.878792405128479
B,1494,73.206,0.830282807350159
B,1495,73.255,0.89445686340332
B,1496,73.304,0.900736331939697
B,1497,73.353,1.06283783912659
B,1498,73.402,1.15160441398621
B,1499,73.451,1.02605438232422
B,1500,73.5,1.00159537792206
B,1501,73.549,0.986810803413391
B,1502,73.598,1.05360662937164
B,1503,73.647,1.06416511535645
B,1504,73.696,1.05634343624115
B,1505,73.745,1.21778607368469
B,1506,73.794,1.12328147888184
B,1507,73.843,0.938803195953369
B,1508,73.892,1.07802617549896
B,1509,73.941,1.03178143501282
B,1510,73.99,0.991326034069061
B,1511,74.039,1.0115612745285
B,1512,74.088,0.858300268650055
B,1513,74.137,0.998353779315948
B,1514,74.186,0.886826574802399
B,1515,74.235,0.827722787857056
B,1516,74.284,0.868517875671387
B,1517,74.333,0.820392549037933
B,1518,74.382,0.841208398342133
B,1519,74.431,0.907176554203033
B,1520,74.48,0.817586839199066
B,1521,74.529,0.836152851581573
B,1522,74.578,0.89787745475769
B,1523,74.627,1.07818448543549
B,1524,74.676,0.930044412612915
B,1525,74.725,0.99446964263916
B,1526,74.774,0.965835630893707
B,1527,74.823,0.828723967075348
B,1528,74.872,0.811824023723602
B,1529,74.921,0.800542116165161
B,1530,74.97,0.852756977081299
B,1531,75.019,0.826932847499847
B,1532,75.068,0.916920721530914
B,1533,75.117,0.860737264156342
B,1534,75.166,0.942088842391968
B,1535,75.215,0.931167960166931
B,1536,75.264,0.871568202972412
B,1537,75.313,0.958236634731293
B,1538,75.362,0.97387820482254
B,1539,75.411,1.03306353092194
B,1540,75.46,0.974560976028442
B,1541,75.509,0.929646074771881
B,1542,75.558,0.872877359390259
B,1543,75.607,0.890674352645874
B,1544,75.656,0.886146247386932
B,1545,75.705,1.03945696353912
B,1546,75.754,0.950724363327026
B,1547,75.803,1.05611801147461
B,1548,75.852,1.09368014335632
B,1549,75.901,1.08977735042572
B,1550,75.95,1.06536185741425
B,1551,75.999,1.12150228023529
B,1552,76.048,1.03740322589874
B,1553,76.097,1.09099078178406
B,1554,76.146,1.16378355026245
B,1555,76.195,1.07167100906372
B,1556,76.244,1.08585357666016
B,1557,76.293,1.15129435062408
B,1558,76.342,1.1213743686676
B,1559,76.391,1.01118910312653
B,1560,76.44,1.03365814685822
B,1561,76.489,0.956103920936584
B,1562,76.538,0.9787437915802
B,1563,76.587,1.04448688030243
B,1564,76.636,0.834398031234741
B,1565,76.685,0.929232776165009
B,1566,76.734,1.01184153556824
B,1567,76.783,1.07997488975525
B,1568,76.832,1.09523355960846
B,1569,76.881,0.920406401157379
B,1570,76.93,0.964599370956421
B,1571,76.979,0.954683840274811
B,1572,77.028,0.963801801204681
B,1573,77.077,1.01738941669464
B,1574,77.126,0.890323996543884
B,1575,77.175,0.959573686122894
B,1576,77.224,0.913036704063416
B,1577,77.273,1.02607548236847
B,1578,77.322,0.95599776506424
B,1579,77.371,0.990885138511658
B,1580,77.42,0.994113266468048
B,1581,77.469,0.912807703018188
B,1582,77.518,1.04693102836609
B,1583,77.567,0.908561587333679
B,1584,77.616,0.99625289440155
B,1585,77.665,0.873685300350189
B,1586,77.714,0.862647354602814
B,1587,77.763,0.762045741081238
B,1588,77.812,0.946146488189697
B,1589,77.861,0.915079951286316
B,1590,77.91,0.902657806873322
B,1591,77.959,0.842831492424011
B,1592,78.008,0.832389116287231
B,1593,78.057,0.976800739765167
B,1594,78.106,1.01284348964691
B,1595,78.155,0.984895288944244
B,1596,78.204,0.882224321365356
B,1597,78.253,1.04585003852844
B,1598,78.302,0.974691331386566
B,1599,78.351,0.954845130443573
B,1600,78.4,1.03648853302002
B,1601,78.449,0.925073742866516
B,1602,78.498,0.886865556240082
B,1603,78.547,0.948365867137909
B,1604,78.596,0.932812690734863
B,1605,78.645,0.857932150363922
B,1606,78.694,0.866153657436371
B,1607,78.743,0.961961269378662
B,1608,78.792,0.967268049716949
B,1609,78.841,0.977161228656769
B,1610,78.89,0.947404980659485
B,1611,78.939,1.02597630023956
B,1612,78.988,1.00296425819397
B,1613,79.037,0.941246151924133
B,1614,79.086,1.04233479499817
B,1615,79.135,1.08113777637482
B,1616,79.184,1.03664708137512
B,1617,79.233,1.05847346782684
B,1618,79.282,1.1097651720047
B,1619,79.331,1.04853177070618
B,1620,79.38,0.984203577041626
B,1621,79.429,0.932425141334534
B,1622,79.478,1.0071542263031
B,1623,79.527,1.07452535629272
B,1624,79.576,1.03160178661346
B,1625,79.625,1.08953857421875
B,1626,79.674,1.03067123889923
B,1627,79.723,1.24289107322693
B,1628,79.772,1.09850573539734
B,1629,79.821,1.06516623497009
B,1630,79.87,1.13520872592926
B,1631,79.919,1.05348610877991
B,1632,79.968,1.02398610115051
B,1633,80.017,1.14671492576599
B,1634,80.066,1.04028034210205
B,1635,80.115,1.05145251750946
B,1636,80.164,1.24640548229218
B,1637,80.213,1.1914963722229
B,1638,80.262,1.28146171569824
B,1639,80.311,1.15338170528412
B,1640,80.36,1.151034116745
B,1641,80.409,1.11380505561829
B,1642,80.458,1.18442571163177
B,1643,80.507,1.09682214260101
B,1644,80.556,1.02367663383484
B,1645,80.605,0.967418432235718
B,1646,80.654,0.947037756443024
B,1647,80.703,0.871748924255371
B,1648,80.752,0.963175773620605
B,1649,80.801,0.955125987529755
B,1650,80.85,1.080153465271
B,1651,80.899,1.04701268672943
B,1652,80.948,1.04109632968903
B,1653,80.997,0.941306710243225
B,1654,81.046,1.01208472251892
B,1655,81.095,1.10389244556427
B,1656,81.144,1.05582594871521
B,1657,81.193,0.970549345016479
B,1658,81.242,0.982209324836731
B,1659,81.291,0.979737877845764
B,1660,81.34,1.20970320701599
B,1661,81.389,1.11408317089081
B,1662,81.438,1.1609799861908
B,1663,81.487,1.11102640628815
B,1664,81.536,0.986352741718292
B,1665,81.585,0.992431998252869
B,1666,81.634,0.987909495830536
B,1667,81.683,1.07576668262482
B,1668,81.732,1.02289164066315
B,1669,81.781,1.05707144737244
B,1670,81.83,1.19986069202423
B,1671,81.879,1.10737574100494
B,1672,81.928,1.17169773578644
B,1673,81.977,1.04890811443329
B,1674,82.026,0.996075332164764
B,1675,82.075,0.975677847862244
B,1676,82.124,0.948537647724152
B,1677,82.173,1.09574449062347
B,1678,82.222,1.17989206314087
B,1679,82.271,1.04372644424438
B,1680,82.32,1.09110522270203
B,1681,82.369,1.01896166801453
B,1682,82.418,0.973426997661591
B,1683,82.467,1.11975824832916
B,1684,82.516,1.05957686901093
B,1685,82.565,1.10882878303528
B,1686,82.614,1.07195734977722
B,1687,82.663,1.00827145576477
B,1688,82.712,0.961931109428406
B,1689,82.761,1.04000568389893
B,1690,82.81,1.03162622451782
B,1691,82.859,1.03153538703918
B,1692,82.908,0.99190366268158
B,1693,82.957,0.956257045269012
B,1694,83.006,1.03359496593475
B,1695,83.055,1.06335556507111
B,1696,83.104,1.03215432167053
B,1697,83.153,1.03591191768646
B,1698,83.202,1.08533728122711
B,1699,83.251,1.03627145290375
B,1700,83.3,1.02756726741791
B,1701,83.349,0.977619051933289
B,1702,83.398,1.14243125915527
B,1703,83.447,1.08985865116119
B,1704,83.496,1.050985455513
B,1705,83.545,1.18643772602081
B,1706,83.594,0.984003007411957
B,1707,83.643,1.10025179386139
B,1708,83.692,1.06773364543915
B,1709,83.741,1.19504642486572
B,1710,83.79,0.973348736763
B,1711,83.839,0.972229897975922
B,1712,83.888,0.930772066116333
B,1713,83.937,0.855151653289795
B,1714,83.986,0.981284439563751
B,1715,84.035,0.955946028232574
B,1716,84.084,0.981423854827881
B,1717,84.133,1.06746184825897
B,1718,84.182,1.01028263568878
B,1719,84.231,1.00641453266144
B,1720,84.28,1.07593369483948
B,1721,84.329,1.11217141151428
B,1722,84.378,0.977494657039642
B,1723,84.427,1.01088953018188
B,1724,84.476,1.17890787124634
B,1725,84.525,1.00428903102875
B,1726,84.574,1.0450474023819
B,1727,84.623,1.0591379404068
B,1728,84.672,0.999557137489319
B,1729,84.721,1.04467260837555
B,1730,84.77,0.996153295040131
B,1731,84.819,1.14651083946228
B,1732,84.868,1.07977640628815
B,1733,84.917,1.21084582805634
B,1734,84.966,1.1430948972702
B,1735,85.015,1.20304179191589
B,1736,85.064,1.22429013252258
B,1737,85.113,1.09208118915558
B,1738,85.162,1.35062777996063
B,1739,85.211,1.3593248128891
B,1740,85.26,1.25474488735199
B,1741,85.309,1.20713210105896
B,1742,85.358,1.17029118537903
B,1743,85.407,1.14454102516174
B,1744,85.456,1.13325977325439
B,1745,85.505,1.23501455783844
B,1746,85.554,1.18274772167206
B,1747,85.603,1.19342994689941
B,1748,85.652,1.10502648353577
B,1749,85.701,1.14815211296082
B,1750,85.75,1.04571723937988
B,1751,85.799,0.949007153511047
B,1752,85.848,1.05247855186462
B,1753,85.897,1.02258837223053
B,1754,85.946,1.02122724056244
B,1755,85.995,1.00174248218536
B,1756,86.044,1.13592171669006
B,1757,86.093,0.947500228881836
B,1758,86.142,0.959381341934204
B,1759,86.191,1.11236500740051
B,1760,86.24,1.17575073242188
B,1761,86.289,1.0868421792984
B,1762,86.338,1.12609660625458
B,1763,86.387,0.997320830821991
B,1764,86.436,1.0185090303421
B,1765,86.485,1.10464560985565
B,1766,86.534,1.11332535743713
B,1767,86.583,1.09274446964264
B,1768,86.632,1.13319826126099
B,1769,86.681,1.0636979341507
B,1770,86.73,0.981875061988831
B,1771,86.779,1.04182469844818
B,1772,86.828,1.04027223587036
B,1773,86.877,1.02821063995361
B,1774,86.926,1.01003611087799
B,1775,86.975,0.938167452812195
B,1776,87.024,1.08668720722198
B,1777,87.073,1.05541360378265
B,1778,87.122,1.02207541465759
B,1779,87.171,0.971012771129608
B,1780,87.22,1.01395678520203
B,1781,87.269,0.910801827907562
B,1782,87.318,1.12722718715668
B,1783,87.367,1.0848845243454
B,1784,87.416,1.11436975002289
B,1785,87.465,0.975175738334656
B,1786,87.514,0.899743139743805
B,1787,87.563,1.03590428829193
B,1788,87.612,0.932842671871185
B,1789,87.661,0.904624998569489
B,1790,87.71,1.02429664134979
B,1791,87.759,0.869255423545837
B,1792,87.808,1.04487669467926
B,1793,87.857,0.933398187160492
B,1794,87.906,1.03367376327515
B,1795,87.955,0.992316007614136
B,1796,88.004,1.02229583263397
B,1797,88.053,1.08640587329865
B,1798,88.102,1.00537014007568
B,1799,88.151,0.945219695568085
B,1800,88.2,1.04268658161163
B,1801,88.249,1.06113529205322
B,1802,88.298,1.03926062583923
B,1803,88.347,0.869228661060333
B,1804,88.396,0.93066930770874
B,1805,88.445,0.912056148052216
B,1806,88.494,0.98136579990387
B,1807,88.543,1.07988154888153
B,1808,88.592,1.14767527580261
B,1809,88.641,1.11752092838287
B,1810,88.69,1.01886653900146
B,1811,88.739,1.01038181781769
B,1812,88.788,0.989214777946472
B,1813,88.837,1.12980723381042
B,1814,88.886,1.14850497245789
B,1815,88.935,1.09879612922668
B,1816,88.984,1.03152775764465
B,1817,89.033,0.821420967578888
B,1818,89.082,1.01691663265228
B,1819,89.131,0.976875126361847
B,1820,89.18,0.931077659130096
B,1821,89.229,0.97264963388443
B,1822,89.278,1.03298568725586
B,1823,89.327,1.08032703399658
B,1824,89.376,1.02966916561127
B,1825,89.425,1.06047630310059
B,1826,89.474,1.03304731845856
B,1827,89.523,0.886105477809906
B,1828,89.572,1.02043962478638
B,1829,89.621,0.943466305732727
B,1830,89.67,1.01310384273529
B,1831,89.719,0.87696099281311
B,1832,89.768,1.02899765968323
B,1833,89.817,0.966954529285431
B,1834,89.866,0.866250932216644
B,1835,89.915,0.955661356449127
B,1836,89.964,0.883150339126587
B,1837,90.013,0.892010390758514
B,1838,90.062,1.01362502574921
B,1839,90.111,0.843712151050568
B,1840,90.16,0.895845711231232
B,1841,90.209,0.986275374889374
B,1842,90.258,1.08251333236694
B,1843,90.307,1.03375422954559
B,1844,90.356,1.13301050662994
B,1845,90.405,0.851541101932526
B,1846,90.454,0.875567138195038
B,1847,90.503,0.808742642402649
B,1848,90.552,0.865921854972839
B,1849,90.601,0.847434222698212
B,1850,90.65,0.781172394752502
B,1851,90.699,0.852610886096954
B,1852,90.748,0.787746667861938
B,1853,90.797,0.842041373252869
B,1854,90.846,0.797006905078888
B,1855,90.895,0.807478427886963
B,1856,90.944,0.874561905860901
B,1857,90.993,0.897828221321106
B,1858,91.042,0.925642073154449
B,1859,91.091,0.84650844335556
B,1860,91.14,0.812586843967438
B,1861,91.189,0.891457498073578
B,1862,91.238,0.890994429588318
B,1863,91.287,0.924002230167389
B,1864,91.336,0.756510078907013
B,1865,91.385,0.873022377490997
B,1866,91.434,0.935463666915894
B,1867,91.483,0.896572411060333
B,1868,91.532,0.798248589038849
B,1869,91.581,1.00216698646545
B,1870,91.63,0.93368935585022
B,1871,91.679,1.02807319164276
B,1872,91.728,0.932407736778259
B,1873,91.777,0.855487763881683
B,1874,91.826,0.874615907669067
B,1875,91.875,0.903558194637299
B,1876,91.924,0.902764022350311
B,1877,91.973,0.979938447475433
B,1878,92.022,0.848928153514862
B,1879,92.071,1.05825626850128
B,1880,92.12,0.901683151721954
B,1881,92.169,1.01352822780609
B,1882,92.218,0.824040710926056
B,1883,92.267,0.889170169830322
B,1884,92.316,0.839398980140686
B,1885,92.365,0.898627102375031
B,1886,92.414,0.873771548271179
B,1887,92.463,0.907798707485199
B,1888,92.512,0.927143692970276
B,1889,92.561,0.874553859233856
B,1890,92.61,0.917010843753815
B,1891,92.659,1.0829826593399
B,1892,92.708,0.970790863037109
B,1893,92.757,0.891147553920746
B,1894,92.806,0.956477463245392
B,1895,92.855,0.930278420448303
B,1896,92.904,1.00293505191803
B,1897,92.953,0.944276094436646
B,1898,93.002,1.11517810821533
B,1899,93.051,1.0001825094223
B,1900,93.1,0.931432783603668
B,1901,93.149,0.950487196445465
B,1902,93.198,0.969459652900696
B,1903,93.247,0.94040846824646
B,1904,93.296,0.904864966869354
B,1905,93.345,0.947922050952911
B,1906,93.394,0.928377330303192
B,1907,93.443,0.902633011341095
B,1908,93.492,0.918126344680786
B,1909,93.541,0.940241098403931
B,1910,93.59,0.932508587837219
B,1911,93.639,0.95564204454422
B,1912,93.688,0.896166443824768
B,1913,93.737,0.990077614784241
B,1914,93.786,0.99559885263443
B,1915,93.835,0.853760838508606
B,1916,93.884,0.904596745967865
B,1917,93.933,0.86484706401825
B,1918,93.982,0.95210063457489
B,1919,94.031,0.960273683071136
B,1920,94.08,0.904205322265625
B,1921,94.129,0.884873449802399
B,1922,94.178,0.893154382705688
B,1923,94.227,1.01207602024078
B,1924,94.276,0.964604437351227
B,1925,94.325,0.891993582248688
B,1926,94.374,0.890165030956268
B,1927,94.423,0.907831907272339
B,1928,94.472,0.968457162380219
B,1929,94.521,1.04786515235901
B,1930,94.57,0.912917613983154
B,1931,94.619,0.859401226043701
B,1932,94.668,0.935678958892822
B,1933,94.717,0.911295711994171
B,1934,94.766,1.00305724143982
B,1935,94.815,0.983843982219696
B,1936,94.864,0.937935590744019
B,1937,94.913,0.919869184494019
B,1938,94.962,0.927681982517242
B,1939,95.011,1.06055307388306
B,1940,95.06,1.04760301113129
B,1941,95.109,0.970957338809967
B,1942,95.158,0.935403764247894
B,1943,95.207,0.872270882129669
B,1944,95.256,1.00579977035522
B,1945,95.305,0.871261298656464
B,1946,95.354,0.955058038234711
B,1947,95.403,0.970680713653564
B,1948,95.452,0.871025025844574
B,1949,95.501,0.970652043819427
B,1950,95.55,1.04323923587799
B,1951,95.599,1.06803703308105
B,1952,95.648,0.992459416389465
B,1953,95.697,0.987105369567871
B,1954,95.746,0.966902434825897
B,1955,95.795,1.04972279071808
B,1956,95.844,0.926024436950684
B,1957,95.893,1.00328207015991
B,1958,95.942,1.15458607673645
B,1959,95.991,1.07444894313812
B,1960,96.04,0.976639568805695
B,1961,96.089,0.970587253570557
B,1962,96.138,0.982876718044281
B,1963,96.187,1.10748827457428
B,1964,96.236,1.18298077583313
B,1965,96.285,1.16354095935822
B,1966,96.334,1.16989290714264
B,1967,96.383,1.09838366508484
B,1968,96.432,1.03880655765533
B,1969,96.481,1.21108627319336
B,1970,96.53,1.24511659145355
B,1971,96.579,1.17785120010376
B,1972,96.628,1.16654670238495
B,1973,96.677,1.07384812831879
B,1974,96.726,1.09868466854095
B,1975,96.775,1.10959768295288
B,1976,96.824,1.09528756141663
B,1977,96.873,1.0625696182251
B,1978,96.922,0.943703413009644
B,1979,96.971,0.984760820865631
B,1980,97.02,0.973494529724121
B,1981,97.069,1.13307023048401
B,1982,97.118,0.997874915599823
B,1983,97.167,1.06709444522858
B,1984,97.216,0.943693339824677
B,1985,97.265,0.925303876399994
B,1986,97.314,1.03712105751038
B,1987,97.363,0.946201205253601
B,1988,97.412,0.871502637863159
B,1989,97.461,0.940243422985077
B,1990,97.51,0.896756768226624
B,1991,97.559,0.976468086242676
B,1992,97.608,0.956984400749207
B,1993,97.657,0.940026581287384
B,1994,97.706,0.959488749504089
B,1995,97.755,0.928684890270233
B,1996,97.804,1.05018103122711
B,1997,97.853,0.969264984130859
B,1998,97.902,0.892480850219727
B,1999,97.951,0.93358588218689
B,2000,98,0.946333408355713
B,2001,98.049,0.873728036880493
B,2002,98.098,0.886096179485321
B,2003,98.147,0.875212788581848
B,2004,98.196,0.965401649475098
B,2005,98.245,0.903049767017365
B,2006,98.294,0.955161273479462
B,2007,98.343,1.00232899188995
B,2008,98.392,0.981217861175537
B,2009,98.441,0.963042378425598
B,2010,98.49,0.9830242395401
B,2011,98.539,0.823618292808533
B,2012,98.588,0.936424076557159
B,2013,98.637,1.06247520446777
B,2014,98.686,1.06463861465454
B,2015,98.735,1.04960954189301
B,2016,98.784,1.04080247879028
B,2017,98.833,1.00808656215668
B,2018,98.882,0.939584016799927
B,2019,98.931,0.996231198310852
B,2020,98.98,0.994041740894318
B,2021,99.029,1.05117726325989
B,2022,99.078,1.06684386730194
B,2023,99.127,1.10507309436798
B,2024,99.176,1.01643097400665
B,2025,99.225,0.959843337535858
B,2026,99.274,0.932651042938232
B,2027,99.323,1.16926074028015
B,2028,99.372,1.09438693523407
B,2029,99.421,0.999648451805115
B,2030,99.47,1.02760779857635
B,2031,99.519,1.2309752702713
B,2032,99.568,1.1673070192337
B,2033,99.617,1.09659600257874
B,2034,99.666,1.18165004253387
B,2035,99.715,1.41413962841034
B,2036,99.764,1.24302637577057
B,2037,99.813,1.10614037513733
B,2038,99.862,0.977001190185547
B,2039,99.911,0.960906565189362
B,2040,99.96,0.885769486427307
B,2041,100.009,0.908745884895325
B,2042,100.058,1.07816135883331
B,2043,100.107,1.05688750743866
B,2044,100.156,0.983599662780762
B,2045,100.205,0.957782030105591
B,2046,100.254,0.972585678100586
B,2047,100.303,1.01023280620575
B,2048,100.352,1.09266757965088
B,2049,100.401,1.17590820789337
B,2050,100.45,1.03924345970154
B,2051,100.499,1.01752805709839
B,2052,100.548,0.904622912406921
B,2053,100.597,0.848193287849426
B,2054,100.646,0.858577311038971
B,2055,100.695,0.805633664131165
B,2056,100.744,0.870869815349579
B,2057,100.793,0.884601652622223
B,2058,100.842,0.974574863910675
B,2059,100.891,0.971183776855469
B,2060,100.94,0.955110728740692
B,2061,100.989,0.998613297939301
B,2062,101.038,0.99711400270462
B,2063,101.087,1.07768702507019
B,2064,101.136,0.896190404891968
B,2065,101.185,0.999779880046844
B,2066,101.234,0.985167622566223
B,2067,101.283,0.970891952514648
B,2068,101.332,0.896566331386566
B,2069,101.381,0.908241868019104
B,2070,101.43,0.824848651885986
B,2071,101.479,1.12833118438721
B,2072,101.528,1.10663497447968
B,2073,101.577,0.950880825519562
B,2074,101.626,1.0625786781311
B,2075,101.675,1.11496937274933
B,2076,101.724,1.21149659156799
B,2077,101.773,1.07119703292847
B,2078,101.822,1.15020716190338
B,2079,101.871,1.08703184127808
B,2080,101.92,1.30245387554169
B,2081,101.969,1.11364507675171
B,2082,102.018,1.04380571842194
B,2083,102.067,1.21396148204803
B,2084,102.116,1.0099858045578
B,2085,102.165,0.90467381477356
B,2086,102.214,0.991231918334961
B,2087,102.263,0.954837679862976
B,2088,102.312,1.05549693107605
B,2089,102.361,1.11223065853119
B,2090,102.41,1.13875293731689
B,2091,102.459,1.07926464080811
B,2092,102.508,1.1433447599411
B,2093,102.557,1.01340615749359
B,2094,102.606,1.08223271369934
B,2095,102.655,1.11633229255676
B,2096,102.704,1.11396634578705
B,2097,102.753,1.2634608745575
B,2098,102.802,1.08156096935272
B,2099,102.851,1.13659763336182
B,2100,102.9,1.22673714160919
B,2101,102.949,1.09689855575562
B,2102,102.998,1.16759788990021
B,2103,103.047,1.05566954612732
B,2104,103.096,1.15129506587982
B,2105,103.145,1.22275710105896
B,2106,103.194,1.09565615653992
B,2107,103.243,1.02649366855621
B,2108,103.292,0.852448701858521
B,2109,103.341,0.935636043548584
B,2110,103.39,0.863010823726654
B,2111,103.439,1.0084547996521
B,2112,103.488,0.986563861370087
B,2113,103.537,1.00415301322937
B,2114,103.586,0.989987730979919
B,2115,103.635,0.950905680656433
B,2116,103.684,1.03406846523285
B,2117,103.733,1.05277168750763
B,2118,103.782,1.07901692390442
B,2119,103.831,1.12234568595886
B,2120,103.88,1.13316917419434
B,2121,103.929,1.0177538394928
B,2122,103.978,1.05492746829987
B,2123,104.027,1.12585127353668
B,2124,104.076,1.08876156806946
B,2125,104.125,1.03815448284149
B,2126,104.174,1.03874790668488
B,2127,104.223,0.933965265750885
B,2128,104.272,0.916287064552307
B,2129,104.321,0.873485147953033
B,2130,104.37,0.8707395195961
B,2131,104.419,0.862042307853699
B,2132,104.468,0.793634116649628
B,2133,104.517,1.00828051567078
B,2134,104.566,0.895926594734192
B,2135,104.615,0.853059887886047
B,2136,104.664,0.825784981250763
B,2137,104.713,0.923576056957245
B,2138,104.762,0.900112688541412
B,2139,104.811,0.885265529155731
B,2140,104.86,0.976538300514221
B,2141,104.909,0.92857563495636
B,2142,104.958,0.94488137960434
B,2143,105.007,1.04146862030029
B,2144,105.056,1.15239262580872
B,2145,105.105,1.18457996845245
B,2146,105.154,1.24863874912262
B,2147,105.203,1.07644867897034
B,2148,105.252,1.1738086938858
B,2149,105.301,1.01421701908112
B,2150,105.35,0.986698925495148
B,2151,105.399,0.99428403377533
B,2152,105.448,1.11109101772308
B,2153,105.497,1.30118882656097
B,2154,105.546,1.19931316375732
B,2155,105.595,1.03590106964111
B,2156,105.644,1.10099220275879
B,2157,105.693,1.01143765449524
B,2158,105.742,0.93410849571228
B,2159,105.791,0.891424477100372
B,2160,105.84,0.923242390155792
B,2161,105.889,1.01600480079651
B,2162,105.938,0.932612836360931
B,2163,105.987,1.08423018455505
B,2164,106.036,1.09090209007263
B,2165,106.085,1.08443880081177
B,2166,106.134,0.955779254436493
B,2167,106.183,1.03117430210114
B,2168,106.232,1.07224500179291
B,2169,106.281,1.13432013988495
B,2170,106.33,1.12416470050812
B,2171,106.379,1.28079295158386
B,2172,106.428,1.22798192501068
B,2173,106.477,1.27941656112671
B,2174,106.526,1.1806960105896
B,2175,106.575,1.2947301864624
B,2176,106.624,1.20600533485413
B,2177,106.673,1.28261125087738
B,2178,106.722,1.29289758205414
B,2179,106.771,1.1744122505188
B,2180,106.82,1.17554581165314
B,2181,106.869,1.18365967273712
B,2182,106.918,1.16532385349274
B,2183,106.967,1.14704036712646
B,2184,107.016,1.05271053314209
B,2185,107.065,1.1433721780777
B,2186,107.114,1.20260739326477
B,2187,107.163,1.18979835510254
B,2188,107.212,1.30903244018555
B,2189,107.261,1.25971162319183
B,2190,107.31,1.13316655158997
B,2191,107.359,1.04539918899536
B,2192,107.408,1.01254975795746
B,2193,107.457,1.07839930057526
B,2194,107.506,1.02656733989716
B,2195,107.555,1.04855918884277
B,2196,107.604,0.953042805194855
B,2197,107.653,0.902218520641327
B,2198,107.702,0.943264424800873
B,2199,107.751,0.997672498226166
B,2200,107.8,1.05364954471588
B,2201,107.849,1.13190758228302
B,2202,107.898,1.01439237594604
B,2203,107.947,0.947144329547882
B,2204,107.996,1.07518863677979
B,2205,108.045,0.968904197216034
B,2206,108.094,1.06123757362366
B,2207,108.143,1.11411488056183
B,2208,108.192,1.13822722434998
B,2209,108.241,1.17792773246765
B,2210,108.29,1.06105303764343
B,2211,108.339,1.05915498733521
B,2212,108.388,0.91734254360199
B,2213,108.437,1.08929741382599
B,2214,108.486,1.28084921836853
B,2215,108.535,1.21728801727295
B,2216,108.584,1.34796667098999
B,2217,108.633,1.24370157718658
B,2218,108.682,1.24295747280121
B,2219,108.731,1.11488211154938
B,2220,108.78,1.14475917816162
B,2221,108.829,1.20690727233887
B,2222,108.878,1.21071231365204
B,2223,108.927,1.23494601249695
B,2224,108.976,1.21431529521942
B,2225,109.025,1.28208231925964
B,2226,109.074,1.3953001499176
B,2227,109.123,1.40553569793701
B,2228,109.172,1.04959416389465
B,2229,109.221,1.14675748348236
B,2230,109.27,1.15062963962555
B,2231,109.319,1.18752384185791
B,2232,109.368,1.29796433448792
B,2233,109.417,1.14330852031708
B,2234,109.466,1.03821277618408
B,2235,109.515,0.977072238922119
B,2236,109.564,0.879450082778931
B,2237,109.613,0.990483999252319
B,2238,109.662,0.949443995952606
B,2239,109.711,1.03166961669922
B,2240,109.76,1.08625340461731
B,2241,109.809,1.06241512298584
B,2242,109.858,1.04925763607025
B,2243,109.907,1.064528465271
B,2244,109.956,1.15111184120178
B,2245,110.005,0.963618636131287
B,2246,110.054,1.03498387336731
B,2247,110.103,1.0458642244339
B,2248,110.152,0.954804062843323
B,2249,110.201,1.13570284843445
B,2250,110.25,1.14965212345123
B,2251,110.299,0.955004334449768
B,2252,110.348,1.16690766811371
B,2253,110.397,1.15687131881714
B,2254,110.446,1.1656813621521
B,2255,110.495,1.02819049358368
B,2256,110.544,1.05288326740265
B,2257,110.593,1.01147365570068
B,2258,110.642,1.0936998128891
B,2259,110.691,1.17233276367188
B,2260,110.74,1.13409328460693
B,2261,110.789,1.17728996276855
B,2262,110.838,1.20764791965485
B,2263,110.887,1.15379273891449
B,2264,110.936,1.06797814369202
B,2265,110.985,0.949355006217957
B,2266,111.034,1.05971431732178
B,2267,111.083,0.967565715312958
B,2268,111.132,1.00039172172546
B,2269,111.181,1.00787997245789
B,2270,111.23,1.03109991550446
B,2271,111.279,1.11117160320282
B,2272,111.328,0.948367536067963
B,2273,111.377,0.98054027557373
B,2274,111.426,0.995418906211853
B,2275,111.475,1.11315631866455
B,2276,111.524,1.23071360588074
B,2277,111.573,1.25512897968292
B,2278,111.622,1.3146311044693
B,2279,111.671,1.04893720149994
B,2280,111.72,1.2140417098999
B,2281,111.769,1.28494775295258
B,2282,111.818,1.17085039615631
B,2283,111.867,1.19167351722717
B,2284,111.916,1.27621424198151
B,2285,111.965,1.26510214805603
B,2286,112.014,1.40266799926758
B,2287,112.063,1.23083806037903
B,2288,112.112,1.28048491477966
B,2289,112.161,1.34623897075653
B,2290,112.21,1.35101187229156
B,2291,112.259,1.4040355682373
B,2292,112.308,1.38203871250153
B,2293,112.357,1.34440588951111
B,2294,112.406,1.31289827823639
B,2295,112.455,1.32362103462219
B,2296,112.504,1.22535693645477
B,2297,112.553,1.33746147155762
B,2298,112.602,1.38560891151428
B,2299,112.651,1.26169502735138
B,2300,112.7,1.15599977970123
B,2301,112.749,1.09974884986877
B,2302,112.798,1.15227615833282
B,2303,112.847,1.23878395557404
B,2304,112.896,1.34972679615021
B,2305,112.945,1.38880813121796
B,2306,112.994,1.26050078868866
B,2307,113.043,1.21222460269928
B,2308,113.092,1.13398802280426
B,2309,113.141,1.23315131664276
B,2310,113.19,1.13670337200165
B,2311,113.239,1.24790167808533
B,2312,113.288,1.25062787532806
B,2313,113.337,1.15011048316956
B,2314,113.386,1.28656554222107
B,2315,113.435,1.2692699432373
B,2316,113.484,1.36993873119354
B,2317,113.533,1.40361428260803
B,2318,113.582,1.39499926567078
B,2319,113.631,1.36575102806091
B,2320,113.68,1.2759393453598
B,2321,113.729,1.16494393348694
B,2322,113.778,1.03047871589661
B,2323,113.827,1.10338807106018
B,2324,113.876,1.06846296787262
B,2325,113.925,1.10191178321838
B,2326,113.974,1.20076608657837
B,2327,114.023,1.26472055912018
B,2328,114.072,1.2589054107666
B,2329,114.121,1.10921251773834
B,2330,114.17,1.02732849121094
B,2331,114.219,1.04363334178925
B,2332,114.268,1.16276609897614
B,2333,114.317,1.22832584381104
B,2334,114.366,1.22404265403748
B,2335,114.415,1.17758166790009
B,2336,114.464,1.1905677318573
B,2337,114.513,1.20712792873383
B,2338,114.562,1.33742642402649
B,2339,114.611,1.38776850700378
B,2340,114.66,1.33970606327057
B,2341,114.709,1.48146998882294
B,2342,114.758,1.45123279094696
B,2343,114.807,1.52670037746429
B,2344,114.856,1.47391200065613
B,2345,114.905,1.273064494133
B,2346,114.954,1.26550769805908
B,2347,115.003,1.17891347408295
B,2348,115.052,1.24983024597168
B,2349,115.101,1.11575675010681
B,2350,115.15,0.942349791526794
B,2351,115.199,1.16582942008972
B,2352,115.248,1.06642007827759
B,2353,115.297,1.17009508609772
B,2354,115.346,1.14833807945251
B,2355,115.395,1.33619141578674
B,2356,115.444,1.17365753650665
B,2357,115.493,1.1396324634552
B,2358,115.542,1.08441352844238
B,2359,115.591,1.06347393989563
B,2360,115.64,1.09605312347412
B,2361,115.689,1.18282163143158
B,2362,115.738,1.20520162582397
B,2363,115.787,1.16206967830658
B,2364,115.836,1.39529287815094
B,2365,115.885,1.34412622451782
B,2366,115.934,1.39904499053955
B,2367,115.983,1.27749729156494
B,2368,116.032,1.41457235813141
B,2369,116.081,1.34155476093292
B,2370,116.13,1.2995719909668
B,2371,116.179,1.3471999168396
B,2372,116.228,1.45062744617462
B,2373,116.277,1.46747303009033
B,2374,116.326,1.49977695941925
B,2375,116.375,1.46252000331879
B,2376,116.424,1.26215636730194
B,2377,116.473,1.34871625900269
B,2378,116.522,1.23716950416565
B,2379,116.571,1.16156435012817
B,2380,116.62,1.05012500286102
B,2381,116.669,0.993744313716888
B,2382,116.718,0.935352861881256
B,2383,116.767,0.880863308906555
B,2384,116.816,0.776581346988678
B,2385,116.865,0.852172791957855
B,2386,116.914,0.919428884983063
B,2387,116.963,0.910257935523987
B,2388,117.012,1.06927812099457
B,2389,117.061,1.0270026922226
B,2390,117.11,1.01126658916473
B,2391,117.159,0.953002631664276
B,2392,117.208,0.936704158782959
B,2393,117.257,0.962745249271393
B,2394,117.306,1.02666461467743
B,2395,117.355,1.06044173240662
B,2396,117.404,1.04752898216248
B,2397,117.453,1.01022410392761
B,2398,117.502,0.955270171165466
B,2399,117.551,1.02058947086334
B,2400,117.6,1.11830270290375
B,2401,117.649,1.03402554988861
B,2402,117.698,1.05476331710815
B,2403,117.747,0.992140412330627
B,2404,117.796,1.02075517177582
B,2405,117.845,1.01751708984375
B,2406,117.894,1.05509543418884
B,2407,117.943,0.975614666938782
B,2408,117.992,0.837379038333893
B,2409,118.041,0.837087035179138
B,2410,118.09,0.909345924854279
B,2411,118.139,0.812467336654663
B,2412,118.188,0.928885638713837
B,2413,118.237,0.949251234531403
B,2414,118.286,0.877703189849854
B,2415,118.335,0.990517973899841
B,2416,118.384,1.01633048057556
B,2417,118.433,1.00052618980408
B,2418,118.482,1.02159488201141
B,2419,118.531,1.03504741191864
B,2420,118.58,1.10422503948212
B,2421,118.629,1.0029102563858
B,2422,118.678,1.05455315113068
B,2423,118.727,1.10435342788696
B,2424,118.776,1.10587453842163
B,2425,118.825,1.06358754634857
B,2426,118.874,1.24445569515228
B,2427,118.923,1.17558920383453
B,2428,118.972,1.19137108325958
B,2429,119.021,0.981812357902527
B,2430,119.07,1.00497579574585
B,2431,119.119,0.915067076683044
B,2432,119.168,0.959954619407654
B,2433,119.217,1.00562119483948
B,2434,119.266,1.12842082977295
B,2435,119.315,1.03869152069092
B,2436,119.364,0.942463517189026
B,2437,119.413,1.10878705978394
B,2438,119.462,1.06513011455536
B,2439,119.511,1.03275740146637
B,2440,119.56,0.987535893917084
B,2441,119.609,1.1665700674057
B,2442,119.658,1.10183155536652
B,2443,119.707,1.07547867298126
B,2444,119.756,1.14244592189789
B,2445,119.805,1.20157718658447
B,2446,119.854,1.05609512329102
B,2447,119.903,1.0424131155014
B,2448,119.952,1.024338722229
B,2449,120.001,0.972649455070496
B,2450,120.05,0.888987481594086
B,2451,120.099,0.962225556373596
B,2452,120.148,1.00908482074738
B,2453,120.197,0.962690770626068
B,2454,120.246,0.921891748905182
B,2455,120.295,0.96578186750412
B,2456,120.344,1.20144081115723
B,2457,120.393,1.2382048368454
B,2458,120.442,1.2571507692337
B,2459,120.491,1.27505540847778
B,2460,120.54,1.14359903335571
B,2461,120.589,1.12915003299713
B,2462,120.638,1.17981374263763
B,2463,120.687,1.14186549186707
B,2464,120.736,1.23718583583832
B,2465,120.785,1.31088268756866
B,2466,120.834,1.27790510654449
B,2467,120.883,1.31578326225281
B,2468,120.932,1.38607382774353
B,2469,120.981,1.48167276382446
B,2470,121.03,1.35124087333679
B,2471,121.079,1.30733609199524
B,2472,121.128,1.40758609771729
B,2473,121.177,1.2315673828125
B,2474,121.226,1.50407671928406
B,2475,121.275,1.20742273330688
B,2476,121.324,1.34745371341705
B,2477,121.373,1.22454452514648
B,2478,121.422,1.28892862796783
B,2479,121.471,1.02229535579681
B,2480,121.52,1.10372841358185
B,2481,121.569,1.26710593700409
B,2482,121.618,1.2006322145462
B,2483,121.667,1.11077606678009
B,2484,121.716,1.10287773609161
B,2485,121.765,1.1026862859726
B,2486,121.814,1.15209019184113
B,2487,121.863,1.14030456542969
B,2488,121.912,1.193678855896
B,2489,121.961,1.16220366954803
B,2490,122.01,1.17761242389679
B,2491,122.059,1.13740217685699
B,2492,122.108,1.23554086685181
B,2493,122.157,1.1909304857254
B,2494,122.206,1.13333773612976
B,2495,122.255,1.14755010604858
B,2496,122.304,1.08413994312286
B,2497,122.353,1.05915415287018
B,2498,122.402,1.03745472431183
B,2499,122.451,1.00076162815094
B,2500,122.5,0.943113267421722
B,2501,122.549,1.06383121013641
B,2502,122.598,1.17721676826477
B,2503,122.647,1.08515691757202
B,2504,122.696,1.13446485996246
B,2505,122.745,1.14737033843994
B,2506,122.794,1.27222561836243
B,2507,122.843,1.20090281963348
B,2508,122.892,1.34279692173004
B,2509,122.941,1.25651681423187
B,2510,122.99,1.24794363975525
B,2511,123.039,1.03817200660706
B,2512,123.088,1.16168713569641
B,2513,123.137,1.24217975139618
B,2514,123.186,1.27979362010956
B,2515,123.235,1.21707534790039
B,2516,123.284,1.46651768684387
B,2517,123.333,1.26033532619476
B,2518,123.382,1.14513790607452
B,2519,123.431,1.26131343841553
B,2520,123.48,1.23977339267731
B,2521,123.529,1.30461823940277
B,2522,123.578,1.15673220157623
B,2523,123.627,1.00540769100189
B,2524,123.676,1.1911473274231
B,2525,123.725,1.11464905738831
B,2526,123.774,1.01839697360992
B,2527,123.823,1.02778732776642
B,2528,123.872,1.00295007228851
B,2529,123.921,1.090775847435
B,2530,123.97,1.15259492397308
B,2531,124.019,0.94527542591095
B,2532,124.068,1.01624047756195
B,2533,124.117,1.07641279697418
B,2534,124.166,1.1182781457901
B,2535,124.215,1.20436036586761
B,2536,124.264,1.08689153194427
B,2537,124.313,0.960703909397125
B,2538,124.362,1.03893220424652
B,2539,124.411,1.09708261489868
B,2540,124.46,1.2303854227066
B,2541,124.509,1.21076023578644
B,2542,124.558,1.20893156528473
B,2543,124.607,1.2162367105484
B,2544,124.656,1.21970617771149
B,2545,124.705,1.33815240859985
B,2546,124.754,1.11517250537872
B,2547,124.803,1.31281805038452
B,2548,124.852,1.30996894836426
B,2549,124.901,1.36976146697998
B,2550,124.95,1.11382710933685
B,2551,124.999,1.06835436820984
B,2552,125.048,1.16233551502228
B,2553,125.097,1.01058113574982
B,2554,125.146,1.0583860874176
B,2555,125.195,1.19107365608215
B,2556,125.244,1.19805932044983
B,2557,125.293,1.20970666408539
B,2558,125.342,1.21878826618195
B,2559,125.391,1.34624576568604
B,2560,125.44,1.26327240467072
B,2561,125.489,1.04298400878906
B,2562,125.538,1.0081113576889
B,2563,125.587,0.948628723621368
B,2564,125.636,1.07963228225708
B,2565,125.685,1.11102688312531
B,2566,125.734,1.08976912498474
B,2567,125.783,1.00080466270447
B,2568,125.832,1.00086307525635
B,2569,125.881,0.993359208106995
B,2570,125.93,1.01698136329651
B,2571,125.979,1.031134724617
B,2572,126.028,1.00372898578644
B,2573,126.077,1.04830741882324
B,2574,126.126,1.04872488975525
B,2575,126.175,1.2103658914566
B,2576,126.224,1.04835021495819
B,2577,126.273,1.27330553531647
B,2578,126.322,1.15608704090118
B,2579,126.371,1.04972660541534
B,2580,126.42,1.19000458717346
B,2581,126.469,1.08386564254761
B,2582,126.518,1.16929256916046
B,2583,126.567,1.09340023994446
B,2584,126.616,1.27438569068909
B,2585,126.665,1.20792090892792
B,2586,126.714,1.11652517318726
B,2587,126.763,0.98684173822403
B,2588,126.812,1.08284091949463
B,2589,126.861,0.977117002010345
B,2590,126.91,1.12262463569641
B,2591,126.959,1.29703521728516
B,2592,127.008,1.10809063911438
B,2593,127.057,1.15657210350037
B,2594,127.106,1.07944595813751
B,2595,127.155,1.10967862606049
B,2596,127.204,1.10361015796661
B,2597,127.253,1.08116567134857
B,2598,127.302,1.0273015499115
B,2599,127.351,1.06035017967224
B,2600,127.4,1.18768465518951
B,2601,127.449,1.09302365779877
B,2602,127.498,1.01966845989227
B,2603,127.547,1.15322625637054
B,2604,127.596,1.12933850288391
B,2605,127.645,1.10190463066101
B,2606,127.694,1.02891790866852
B,2607,127.743,1.02097678184509
B,2608,127.792,1.05136156082153
B,2609,127.841,0.989962339401245
B,2610,127.89,0.853563487529755
B,2611,127.939,0.818434000015259
B,2612,127.988,0.969981133937836
B,2613,128.037,0.965912401676178
B,2614,128.086,0.865150034427643
B,2615,128.135,0.878388524055481
B,2616,128.184,0.91853404045105
B,2617,128.233,0.864991128444672
B,2618,128.282,1.0270824432373
B,2619,128.331,1.04671406745911
B,2620,128.38,1.02085494995117
B,2621,128.429,0.993989825248718
B,2622,128.478,1.15956604480743
B,2623,128.527,1.02819156646729
B,2624,128.576,0.99134373664856
B,2625,128.625,0.994413077831268
B,2626,128.674,1.03544187545776
B,2627,128.723,1.03770637512207
B,2628,128.772,1.07405352592468
B,2629,128.821,1.13674056529999
B,2630,128.87,1.13255250453949
B,2631,128.919,1.10328722000122
B,2632,128.968,1.06746709346771
B,2633,129.017,1.17297148704529
B,2634,129.066,1.22269010543823
B,2635,129.115,0.939677238464355
B,2636,129.164,0.948958098888397
B,2637,129.213,1.0587021112442
B,2638,129.262,1.08876848220825
B,2639,129.311,1.34536290168762
B,2640,129.36,1.15613412857056
B,2641,129.409,1.06156313419342
B,2642,129.458,1.09353947639465
B,2643,129.507,1.18808305263519
B,2644,129.556,1.17382967472076
B,2645,129.605,1.09412252902985
B,2646,129.654,1.12435746192932
B,2647,129.703,1.08137929439545
B,2648,129.752,1.03780496120453
B,2649,129.801,1.05637109279633
B,2650,129.85,1.11740410327911
B,2651,129.899,1.14266276359558
B,2652,129.948,0.950465679168701
B,2653,129.997,1.04056680202484
B,2654,130.046,0.962203562259674
B,2655,130.095,0.926252245903015
B,2656,130.144,0.953978836536407
B,2657,130.193,0.884079873561859
B,2658,130.242,1.02532064914703
B,2659,130.291,0.966898262500763
B,2660,130.34,1.0882910490036
B,2661,130.389,1.07032346725464
B,2662,130.438,1.17115366458893
B,2663,130.487,1.06160759925842
B,2664,130.536,0.991530120372772
B,2665,130.585,0.871507823467255
B,2666,130.634,0.860909938812256
B,2667,130.683,1.09929609298706
B,2668,130.732,0.93329131603241
B,2669,130.781,0.954298257827759
B,2670,130.83,0.904700875282288
B,2671,130.879,0.96718829870224
B,2672,130.928,1.16823351383209
B,2673,130.977,1.15303885936737
B,2674,131.026,1.10304582118988
B,2675,131.075,1.01956450939178
B,2676,131.124,1.14954900741577
B,2677,131.173,1.11555516719818
B,2678,131.222,1.02170407772064
B,2679,131.271,1.11939084529877
B,2680,131.32,1.07061266899109
B,2681,131.369,1.07740962505341
B,2682,131.418,1.05809390544891
B,2683,131.467,1.12267518043518
B,2684,131.516,1.0575065612793
B,2685,131.565,1.0748096704483
B,2686,131.614,0.921018600463867
B,2687,131.663,1.00374615192413
B,2688,131.712,1.09131324291229
B,2689,131.761,1.18296468257904
B,2690,131.81,1.08169758319855
B,2691,131.859,1.014399766922
B,2692,131.908,0.973046898841858
B,2693,131.957,0.984271228313446
B,2694,132.006,1.04742455482483
B,2695,132.055,1.03631269931793
B,2696,132.104,1.0346919298172
B,2697,132.153,0.955501854419708
B,2698,132.202,0.942255318164825
B,2699,132.251,0.928582787513733
B,2700,132.3,1.01734364032745
B,2701,132.349,1.09263300895691
B,2702,132.398,1.04873216152191
B,2703,132.447,1.16309106349945
B,2704,132.496,1.27714717388153
B,2705,132.545,1.0174685716629
B,2706,132.594,1.08824217319489
B,2707,132.643,1.05055069923401
B,2708,132.692,1.12346827983856
B,2709,132.741,1.11918365955353
B,2710,132.79,1.18202412128448
B,2711,132.839,1.17167150974274
B,2712,132.888,1.06345391273499
B,2713,132.937,1.1597900390625
B,2714,132.986,1.1514585018158
B,2715,133.035,0.970086097717285
B,2716,133.084,1.16576898097992
B,2717,133.133,1.04892456531525
B,2718,133.182,1.05127692222595
B,2719,133.231,0.924793243408203
B,2720,133.28,1.00105953216553
B,2721,133.329,0.877955973148346
B,2722,133.378,0.964423418045044
B,2723,133.427,1.03088939189911
B,2724,133.476,1.01326489448547
B,2725,133.525,0.966835081577301
B,2726,133.574,0.944020807743073
B,2727,133.623,1.05632638931274
B,2728,133.672,0.939951002597809
B,2729,133.721,1.01801085472107
B,2730,133.77,0.95740818977356
B,2731,133.819,0.957841157913208
B,2732,133.868,0.846395671367645
B,2733,133.917,0.992404103279114
B,2734,133.966,1.04738175868988
B,2735,134.015,0.857281446456909
B,2736,134.064,0.873722493648529
B,2737,134.113,0.96953558921814
B,2738,134.162,0.867599844932556
B,2739,134.211,0.958960890769958
B,2740,134.26,1.01510810852051
B,2741,134.309,0.949616730213165
B,2742,134.358,0.909824013710022
B,2743,134.407,0.895990192890167
B,2744,134.456,0.805000364780426
B,2745,134.505,0.818808138370514
B,2746,134.554,0.8162482380867
B,2747,134.603,0.846582412719727
B,2748,134.652,0.822156369686127
B,2749,134.701,0.822957217693329
B,2750,134.75,0.868840992450714
B,2751,134.799,0.96756112575531
B,2752,134.848,0.863661289215088
B,2753,134.897,0.994654774665833
B,2754,134.946,1.03404545783997
B,2755,134.995,1.14693784713745
B,2756,135.044,0.980547726154327
B,2757,135.093,1.02222442626953
B,2758,135.142,1.09376060962677
B,2759,135.191,0.998616576194763
B,2760,135.24,1.0742084980011
B,2761,135.289,1.00884687900543
B,2762,135.338,0.952053308486938
B,2763,135.387,0.944773018360138
B,2764,135.436,0.965716481208801
B,2765,135.485,0.893761873245239
B,2766,135.534,0.90469354391098
B,2767,135.583,0.872425258159637
B,2768,135.632,0.830599427223206
B,2769,135.681,1.02329897880554
B,2770,135.73,1.13273274898529
B,2771,135.779,1.06925487518311
B,2772,135.828,0.798945426940918
B,2773,135.877,0.845824003219604
B,2774,135.926,0.934511721134186
B,2775,135.975,0.983704268932343
B,2776,136.024,0.950393974781036
B,2777,136.073,1.02535998821259
B,2778,136.122,0.978143036365509
B,2779,136.171,0.98148250579834
B,2780,136.22,0.918022096157074
B,2781,136.269,1.07135879993439
B,2782,136.318,0.918566107749939
B,2783,136.367,0.926077485084534
B,2784,136.416,0.852890253067017
B,2785,136.465,0.748442649841309
B,2786,136.514,0.919920444488525
B,2787,136.563,0.917604267597198
B,2788,136.612,0.837929129600525
B,2789,136.661,0.965207457542419
B,2790,136.71,0.932035684585571
B,2791,136.759,1.03203022480011
B,2792,136.808,0.916286170482635
B,2793,136.857,0.970115840435028
B,2794,136.906,0.970257937908173
B,2795,136.955,0.925930440425873
B,2796,137.004,1.07483470439911
B,2797,137.053,1.00076282024384
B,2798,137.102,1.01881456375122
B,2799,137.151,1.02133119106293
B,2800,137.2,1.0375634431839
B,2801,137.249,0.870438098907471
B,2802,137.298,0.959637403488159
B,2803,137.347,0.993596971035004
B,2804,137.396,0.886130332946777
B,2805,137.445,0.868247985839844
B,2806,137.494,0.898674130439758
B,2807,137.543,0.88912570476532
B,2808,137.592,0.878204762935638
B,2809,137.641,0.944179058074951
B,2810,137.69,0.990807712078094
B,2811,137.739,0.985119938850403
B,2812,137.788,0.872006475925446
B,2813,137.837,0.953060865402222
B,2814,137.886,0.947260081768036
B,2815,137.935,0.973924398422241
B,2816,137.984,0.906461834907532
B,2817,138.033,0.870411813259125
B,2818,138.082,0.879889130592346
B,2819,138.131,0.904217302799225
B,2820,138.18,0.9564288854599
B,2821,138.229,0.879159092903137
B,2822,138.278,0.873236060142517
B,2823,138.327,0.906882286071777
B,2824,138.376,0.957508623600006
B,2825,138.425,1.04756963253021
B,2826,138.474,1.02284014225006
B,2827,138.523,0.838216483592987
B,2828,138.572,0.933649361133575
B,2829,138.621,0.83907014131546
B,2830,138.67,0.935428380966187
B,2831,138.719,0.950086355209351
B,2832,138.768,0.99771249294281
B,2833,138.817,0.92104560136795
B,2834,138.866,1.04592823982239
B,2835,138.915,0.967648863792419
B,2836,138.964,1.06964480876923
B,2837,139.013,1.07484555244446
B,2838,139.062,1.00648963451385
B,2839,139.111,1.11736309528351
B,2840,139.16,0.97532594203949
B,2841,139.209,0.990509331226349
B,2842,139.258,0.947123885154724
B,2843,139.307,0.876561284065247
B,2844,139.356,0.953513264656067
B,2845,139.405,0.912683367729187
B,2846,139.454,0.928250193595886
B,2847,139.503,0.816364347934723
B,2848,139.552,0.846931278705597
B,2849,139.601,0.857909858226776
B,2850,139.65,0.912007689476013
B,2851,139.699,0.868925988674164
B,2852,139.748,0.885721385478973
B,2853,139.797,0.940775632858276
B,2854,139.846,0.891005456447601
B,2855,139.895,0.886063635349274
B,2856,139.944,0.81598949432373
B,2857,139.993,0.854823231697083
B,2858,140.042,0.791163384914398
B,2859,140.091,0.80281662940979
B,2860,140.14,0.802000820636749
B,2861,140.189,0.880942344665527
B,2862,140.238,0.876899778842926
B,2863,140.287,0.878805696964264
B,2864,140.336,0.866178810596466
B,2865,140.385,0.975734174251556
B,2866,140.434,0.847010672092438
B,2867,140.483,0.840485751628876
B,2868,140.532,0.928942024707794
B,2869,140.581,0.950154781341553
B,2870,140.63,0.872161746025085
B,2871,140.679,0.956199765205383
B,2872,140.728,0.835810661315918
B,2873,140.777,0.871160209178925
B,2874,140.826,0.876766800880432
B,2875,140.875,0.842099070549011
B,2876,140.924,0.939187407493591
B,2877,140.973,0.91342556476593
B,2878,141.022,0.902125954627991
B,2879,141.071,0.898003935813904
B,2880,141.12,0.892980337142944
B,2881,141.169,0.994226515293121
B,2882,141.218,1.00469148159027
B,2883,141.267,1.04336285591125
B,2884,141.316,0.924312829971313
B,2885,141.365,0.967689275741577
B,2886,141.414,1.03624975681305
B,2887,141.463,1.00365722179413
B,2888,141.512,0.885054349899292
B,2889,141.561,0.96834409236908
B,2890,141.61,0.929372668266296
B,2891,141.659,0.962964594364166
B,2892,141.708,0.871642589569092
B,2893,141.757,0.999854028224945
B,2894,141.806,0.919241309165955
B,2895,141.855,0.835243105888367
B,2896,141.904,0.997038185596466
B,2897,141.953,0.849131166934967
B,2898,142.002,0.920577347278595
B,2899,142.051,1.04627346992493
B,2900,142.1,1.00925230979919
B,2901,142.149,1.0133068561554
B,2902,142.198,0.970041155815125
B,2903,142.247,1.00698745250702
B,2904,142.296,0.967523515224457
B,2905,142.345,0.931468486785889
B,2906,142.394,1.00985932350159
B,2907,142.443,0.938630163669586
B,2908,142.492,0.913675963878632
B,2909,142.541,1.01106142997742
B,2910,142.59,0.996263921260834
B,2911,142.639,0.928886353969574
B,2912,142.688,0.948978126049042
B,2913,142.737,0.921549320220947
B,2914,142.786,0.902127981185913
B,2915,142.835,0.94845312833786
B,2916,142.884,0.865776240825653
B,2917,142.933,1.01005399227142
B,2918,142.982,0.969427287578583
B,2919,143.031,0.871222496032715
B,2920,143.08,0.917101621627808
B,2921,143.129,0.900831818580627
B,2922,143.178,0.996652722358704
B,2923,143.227,0.889304339885712
B,2924,143.276,0.93168568611145
B,2925,143.325,0.981261968612671
B,2926,143.374,0.960142016410828
B,2927,143.423,0.936425805091858
B,2928,143.472,1.07173752784729
B,2929,143.521,1.05731785297394
B,2930,143.57,1.08046519756317
B,2931,143.619,1.03157043457031
B,2932,143.668,0.941087305545807
B,2933,143.717,1.07206380367279
B,2934,143.766,1.0489639043808
B,2935,143.815,1.144615650177
B,2936,143.864,1.19296002388
B,2937,143.913,1.10182881355286
B,2938,143.962,1.07695198059082
B,2939,144.011,1.0693701505661
B,2940,144.06,1.00369620323181
B,2941,144.109,1.08978235721588
B,2942,144.158,1.03939151763916
B,2943,144.207,1.06046032905579
B,2944,144.256,1.11859285831451
B,2945,144.305,1.05736398696899
B,2946,144.354,1.07679390907288
B,2947,144.403,1.06423044204712
B,2948,144.452,0.917855978012085
B,2949,144.501,0.919185400009155
B,2950,144.55,0.891959369182587
B,2951,144.599,0.989237248897552
B,2952,144.648,1.00150811672211
B,2953,144.697,1.0588401556015
B,2954,144.746,1.0968337059021
B,2955,144.795,1.13586211204529
B,2956,144.844,1.11790835857391
B,2957,144.893,1.09030079841614
B,2958,144.942,1.07533740997314
B,2959,144.991,1.05472493171692
B,2960,145.04,1.2041107416153
B,2961,145.089,1.18960690498352
B,2962,145.138,1.04896259307861
B,2963,145.187,1.13382792472839
B,2964,145.236,0.998447418212891
B,2965,145.285,1.13676190376282
B,2966,145.334,1.108842253685
B,2967,145.383,1.15812706947327
B,2968,145.432,1.19551813602448
B,2969,145.481,1.04423344135284
B,2970,145.53,1.09888660907745
B,2971,145.579,1.15517568588257
B,2972,145.628,1.08354949951172
B,2973,145.677,1.0799355506897
B,2974,145.726,1.04837143421173
B,2975,145.775,1.16056060791016
B,2976,145.824,1.23614513874054
B,2977,145.873,1.21463930606842
B,2978,145.922,1.24011504650116
B,2979,145.971,1.04265332221985
B,2980,146.02,1.16610288619995
B,2981,146.069,1.09693884849548
B,2982,146.118,1.23007953166962
B,2983,146.167,1.16611754894257
B,2984,146.216,1.09160435199738
B,2985,146.265,1.12091791629791
B,2986,146.314,1.05759012699127
B,2987,146.363,1.07743144035339
B,2988,146.412,1.06873822212219
B,2989,146.461,1.09023916721344
B,2990,146.51,1.09814095497131
B,2991,146.559,1.22212171554565
B,2992,146.608,1.23517310619354
B,2993,146.657,1.22541117668152
B,2994,146.706,1.11559152603149
B,2995,146.755,1.04895269870758
B,2996,146.804,0.941242575645447
B,2997,146.853,0.985459089279175
B,2998,146.902,1.02651596069336
B,2999,146.951,1.01009321212769
B,3000,147,0.986377596855164
B,3001,147.049,1.02397048473358
B,3002,147.098,1.08522701263428
B,3003,147.147,1.06948709487915
B,3004,147.196,1.27954030036926
B,3005,147.245,1.21587264537811
B,3006,147.294,1.10931515693665
B,3007,147.343,1.09076285362244
B,3008,147.392,1.19309520721436
B,3009,147.441,1.21725428104401
B,3010,147.49,1.11004185676575
B,3011,147.539,1.13826549053192
B,3012,147.588,1.24831736087799
B,3013,147.637,1.35019469261169
B,3014,147.686,1.33415830135345
B,3015,147.735,1.25872778892517
B,3016,147.784,1.26419842243195
B,3017,147.833,1.05944204330444
B,3018,147.882,0.920694947242737
B,3019,147.931,1.12591159343719
B,3020,147.98,0.992721676826477
B,3021,148.029,1.04957759380341
B,3022,148.078,1.14307916164398
B,3023,148.127,1.040247797966
B,3024,148.176,1.04266703128815
B,3025,148.225,1.0764547586441
B,3026,148.274,1.23698115348816
B,3027,148.323,1.25097596645355
B,3028,148.372,1.32117700576782
B,3029,148.421,1.27528154850006
B,3030,148.47,1.31182730197906
B,3031,148.519,1.23311471939087
B,3032,148.568,1.22195255756378
B,3033,148.617,1.09428262710571
B,3034,148.666,1.19439351558685
B,3035,148.715,1.06313049793243
B,3036,148.764,1.07521843910217
B,3037,148.813,1.1491926908493
B,3038,148.862,1.04905366897583
B,3039,148.911,1.0612256526947
B,3040,148.96,1.07904803752899
B,3041,149.009,0.994595885276794
B,3042,149.058,1.07056248188019
B,3043,149.107,1.1060893535614
B,3044,149.156,1.17989110946655
B,3045,149.205,1.01957452297211
B,3046,149.254,1.02077543735504
B,3047,149.303,0.981619417667389
B,3048,149.352,0.965751230716705
B,3049,149.401,0.898122668266296
B,3050,149.45,0.905024766921997
B,3051,149.499,0.945635378360748
B,3052,149.548,0.981183528900146
B,3053,149.597,1.16881513595581
B,3054,149.646,1.14943826198578
B,3055,149.695,1.07428574562073
B,3056,149.744,0.985388398170471
B,3057,149.793,1.06909811496735
B,3058,149.842,1.05772078037262
B,3059,149.891,1.06566977500916
B,3060,149.94,1.2568027973175
B,3061,149.989,0.948706984519958
B,3062,150.038,0.951474189758301
B,3063,150.087,1.07767045497894
B,3064,150.136,1.00914645195007
B,3065,150.185,0.994027853012085
B,3066,150.234,1.00746810436249
B,3067,150.283,1.15450608730316
B,3068,150.332,1.12353658676147
B,3069,150.381,0.988887369632721
B,3070,150.43,0.946162462234497
B,3071,150.479,0.917318880558014
B,3072,150.528,0.919013440608978
B,3073,150.577,0.901395738124847
B,3074,150.626,1.01640689373016
B,3075,150.675,1.05422949790955
B,3076,150.724,0.96165531873703
B,3077,150.773,1.00129759311676
B,3078,150.822,0.834974408149719
B,3079,150.871,0.943424880504608
B,3080,150.92,0.902176797389984
B,3081,150.969,0.92904144525528
B,3082,151.018,0.992426574230194
B,3083,151.067,1.03009760379791
B,3084,151.116,1.08837604522705
B,3085,151.165,1.14828979969025
B,3086,151.214,1.05989289283752
B,3087,151.263,0.99444854259491
B,3088,151.312,1.06305134296417
B,3089,151.361,0.988402187824249
B,3090,151.41,0.988328814506531
B,3091,151.459,1.06365156173706
B,3092,151.508,1.07111012935638
B,3093,151.557,1.06064879894257
B,3094,151.606,1.10940313339233
B,3095,151.655,1.06915462017059
B,3096,151.704,1.14893734455109
B,3097,151.753,1.16664099693298
B,3098,151.802,1.03824949264526
B,3099,151.851,1.23315024375916
B,3100,151.9,1.30169200897217
B,3101,151.949,1.19943702220917
B,3102,151.998,1.33708727359772
B,3103,152.047,1.33993589878082
B,3104,152.096,1.19274795055389
B,3105,152.145,0.946179151535034
B,3106,152.194,1.08119404315948
B,3107,152.243,1.06834650039673
B,3108,152.292,1.06106996536255
B,3109,152.341,1.11683070659637
B,3110,152.39,1.18271994590759
B,3111,152.439,1.17245554924011
B,3112,152.488,1.11263394355774
B,3113,152.537,1.11788928508759
B,3114,152.586,1.05277168750763
B,3115,152.635,0.969282627105713
B,3116,152.684,0.965610861778259
B,3117,152.733,1.03614151477814
B,3118,152.782,0.990325808525085
B,3119,152.831,1.05805993080139
B,3120,152.88,1.11944222450256
B,3121,152.929,1.03932189941406
B,3122,152.978,1.07997167110443
B,3123,153.027,1.08032929897308
B,3124,153.076,1.03050589561462
B,3125,153.125,1.08283007144928
B,3126,153.174,1.15589237213135
B,3127,153.223,1.1899254322052
B,3128,153.272,1.13781630992889
B,3129,153.321,1.22912406921387
B,3130,153.37,0.94010055065155
B,3131,153.419,0.883551359176636
B,3132,153.468,1.01173901557922
B,3133,153.517,1.10770642757416
B,3134,153.566,0.962998807430267
B,3135,153.615,0.963073670864105
B,3136,153.664,1.04291713237762
B,3137,153.713,1.15969181060791
B,3138,153.762,1.08026015758514
B,3139,153.811,1.18167972564697
B,3140,153.86,1.08042466640472
B,3141,153.909,1.02607774734497
B,3142,153.958,1.02890062332153
B,3143,154.007,1.17048096656799
B,3144,154.056,1.18141567707062
B,3145,154.105,1.25692403316498
B,3146,154.154,1.08141052722931
B,3147,154.203,1.13377821445465
B,3148,154.252,1.19866240024567
B,3149,154.301,1.04752552509308
B,3150,154.35,1.05009925365448
B,3151,154.399,1.15741360187531
B,3152,154.448,1.20195817947388
B,3153,154.497,1.13704264163971
B,3154,154.546,1.23476159572601
B,3155,154.595,1.2267427444458
B,3156,154.644,1.2916716337204
B,3157,154.693,1.24035656452179
B,3158,154.742,1.21012008190155
B,3159,154.791,1.34877800941467
B,3160,154.84,1.28542983531952
B,3161,154.889,1.2538388967514
B,3162,154.938,1.2346156835556
B,3163,154.987,1.35089242458344
B,3164,155.036,1.16332602500916
B,3165,155.085,1.1665780544281
B,3166,155.134,0.951736271381378
B,3167,155.183,1.1522159576416
B,3168,155.232,1.12511157989502
B,3169,155.281,1.09230959415436
B,3170,155.33,1.21519112586975
B,3171,155.379,1.1973397731781
B,3172,155.428,1.25601708889008
B,3173,155.477,1.34195303916931
B,3174,155.526,1.19976687431335
B,3175,155.575,1.2801570892334
B,3176,155.624,1.12645161151886
B,3177,155.673,0.997018098831177
B,3178,155.722,0.967137455940247
B,3179,155.771,0.956323206424713
B,3180,155.82,1.02066588401794
B,3181,155.869,0.997998595237732
B,3182,155.918,1.01664352416992
B,3183,155.967,0.958082735538483
B,3184,156.016,1.02733600139618
B,3185,156.065,0.975986242294312
B,3186,156.114,0.943314135074615
B,3187,156.163,0.954350292682648
B,3188,156.212,1.07832157611847
B,3189,156.261,1.19598364830017
B,3190,156.31,1.13486897945404
B,3191,156.359,1.06555759906769
B,3192,156.408,1.08039021492004
B,3193,156.457,1.12225556373596
B,3194,156.506,1.09227097034454
B,3195,156.555,1.14162802696228
B,3196,156.604,1.12289202213287
B,3197,156.653,1.06383216381073
B,3198,156.702,1.23250448703766
B,3199,156.751,1.19376492500305
B,3200,156.8,1.19992387294769
B,3201,156.849,1.20542001724243
B,3202,156.898,1.22308552265167
B,3203,156.947,1.15913248062134
B,3204,156.996,1.17505276203156
B,3205,157.045,1.31304109096527
B,3206,157.094,1.17924439907074
B,3207,157.143,1.17837738990784
B,3208,157.192,1.14109802246094
B,3209,157.241,1.21203434467316
B,3210,157.29,1.17496514320374
B,3211,157.339,1.10542464256287
B,3212,157.388,1.0257123708725
B,3213,157.437,1.09369444847107
B,3214,157.486,1.07373929023743
B,3215,157.535,1.20458161830902
B,3216,157.584,1.19751060009003
B,3217,157.633,1.26585447788239
B,3218,157.682,1.25249946117401
B,3219,157.731,1.29211032390594
B,3220,157.78,1.17704045772552
B,3221,157.829,1.2473828792572
B,3222,157.878,1.22410941123962
B,3223,157.927,1.36114943027496
B,3224,157.976,1.23300957679749
B,3225,158.025,1.34388506412506
B,3226,158.074,1.30840635299683
B,3227,158.123,1.37557744979858
B,3228,158.172,1.34854543209076
B,3229,158.221,1.20448338985443
B,3230,158.27,1.15499365329742
B,3231,158.319,1.19288218021393
B,3232,158.368,1.21555924415588
B,3233,158.417,1.21690404415131
B,3234,158.466,1.22042429447174
B,3235,158.515,1.2028249502182
B,3236,158.564,1.22417223453522
B,3237,158.613,1.14132261276245
B,3238,158.662,1.25187397003174
B,3239,158.711,1.22387874126434
B,3240,158.76,1.22099268436432
B,3241,158.809,1.35613358020782
B,3242,158.858,1.48658752441406
B,3243,158.907,1.3764591217041
B,3244,158.956,1.32653391361237
B,3245,159.005,1.39752101898193
B,3246,159.054,1.58221566677094
B,3247,159.103,1.27595329284668
B,3248,159.152,1.27255690097809
B,3249,159.201,1.34497618675232
B,3250,159.25,1.33315134048462
B,3251,159.299,1.30681383609772
B,3252,159.348,1.42305839061737
B,3253,159.397,1.37799608707428
B,3254,159.446,1.38732624053955
B,3255,159.495,1.38507747650146
B,3256,159.544,1.29909563064575
B,3257,159.593,1.37418830394745
B,3258,159.642,1.38898468017578
B,3259,159.691,1.27309024333954
B,3260,159.74,1.1803674697876
B,3261,159.789,1.18238985538483
B,3262,159.838,1.40120494365692
B,3263,159.887,1.25994002819061
B,3264,159.936,1.4478155374527
B,3265,159.985,1.35135817527771
B,3266,160.034,1.29459881782532
B,3267,160.083,1.24194002151489
B,3268,160.132,1.02866673469543
B,3269,160.181,1.0333160161972
B,3270,160.23,1.18011283874512
B,3271,160.279,1.22523331642151
B,3272,160.328,1.21162593364716
B,3273,160.377,1.31835269927979
B,3274,160.426,1.17259156703949
B,3275,160.475,1.09085929393768
B,3276,160.524,1.07835066318512
B,3277,160.573,1.15992319583893
B,3278,160.622,1.31435739994049
B,3279,160.671,1.25286173820496
B,3280,160.72,1.37307417392731
B,3281,160.769,1.31094110012054
B,3282,160.818,1.24558699131012
B,3283,160.867,1.24377870559692
B,3284,160.916,1.29873657226562
B,3285,160.965,1.36608719825745
B,3286,161.014,1.47335410118103
B,3287,161.063,1.26494169235229
B,3288,161.112,1.37560284137726
B,3289,161.161,1.26678323745728
B,3290,161.21,1.33554363250732
B,3291,161.259,1.23549473285675
B,3292,161.308,1.20687794685364
B,3293,161.357,1.30548298358917
B,3294,161.406,1.18054974079132
B,3295,161.455,1.07395339012146
B,3296,161.504,1.19675242900848
B,3297,161.553,1.26063287258148
B,3298,161.602,1.51563429832458
B,3299,161.651,1.44370114803314
B,3300,161.7,1.4921727180481
B,3301,161.749,1.41411244869232
B,3302,161.798,1.28630352020264
B,3303,161.847,1.27118301391602
B,3304,161.896,1.31547439098358
B,3305,161.945,1.33063507080078
B,3306,161.994,1.43027949333191
B,3307,162.043,1.49143505096436
B,3308,162.092,1.41803848743439
B,3309,162.141,1.3651682138443
B,3310,162.19,1.26854705810547
B,3311,162.239,1.3929899930954
B,3312,162.288,1.37852931022644
B,3313,162.337,1.33355522155762
B,3314,162.386,1.26503229141235
B,3315,162.435,1.31389725208282
B,3316,162.484,1.34924876689911
B,3317,162.533,1.37678837776184
B,3318,162.582,1.33305561542511
B,3319,162.631,1.40072202682495
B,3320,162.68,1.30828607082367
B,3321,162.729,1.17828023433685
B,3322,162.778,1.20775210857391
B,3323,162.827,1.22037065029144
B,3324,162.876,1.37741351127625
B,3325,162.925,1.25399327278137
B,3326,162.974,1.37325811386108
B,3327,163.023,1.21103954315186
B,3328,163.072,1.20142388343811
B,3329,163.121,1.15332686901093
B,3330,163.17,1.19652771949768
B,3331,163.219,1.11089396476746
B,3332,163.268,1.13607895374298
B,3333,163.317,1.11947429180145
B,3334,163.366,1.07946813106537
B,3335,163.415,0.94813483953476
B,3336,163.464,0.964143812656403
B,3337,163.513,1.04094111919403
B,3338,163.562,1.04648816585541
B,3339,163.611,1.06035876274109
B,3340,163.66,1.16648638248444
B,3341,163.709,1.12033343315125
B,3342,163.758,0.942674279212952
B,3343,163.807,1.01681017875671
B,3344,163.856,1.12737762928009
B,3345,163.905,1.15141689777374
B,3346,163.954,1.04603207111359
B,3347,164.003,1.12006461620331
B,3348,164.052,1.2225341796875
B,3349,164.101,1.26073443889618
B,3350,164.15,1.23956167697906
B,3351,164.199,1.3664003610611
B,3352,164.248,1.23912858963013
B,3353,164.297,1.40848290920258
B,3354,164.346,1.42820727825165
B,3355,164.395,1.520667552948
B,3356,164.444,1.46093499660492
B,3357,164.493,1.49628984928131
B,3358,164.542,1.48370814323425
B,3359,164.591,1.55255687236786
B,3360,164.64,1.6216744184494
B,3361,164.689,1.7455735206604
B,3362,164.738,1.60428750514984
B,3363,164.787,1.56032407283783
B,3364,164.836,1.48538601398468
B,3365,164.885,1.47614967823029
B,3366,164.934,1.43216812610626
B,3367,164.983,1.42386102676392
B,3368,165.032,1.45350193977356
B,3369,165.081,1.4935564994812
B,3370,165.13,1.30162715911865
B,3371,165.179,1.20804870128632
B,3372,165.228,1.17798459529877
B,3373,165.277,1.29728353023529
B,3374,165.326,1.23749208450317
B,3375,165.375,1.31320118904114
B,3376,165.424,1.28306591510773
B,3377,165.473,1.07260501384735
B,3378,165.522,1.16467952728271
B,3379,165.571,1.17025935649872
B,3380,165.62,1.05549693107605
B,3381,165.669,1.25991368293762
B,3382,165.718,1.2661954164505
B,3383,165.767,1.16113781929016
B,3384,165.816,1.09467482566833
B,3385,165.865,0.948554992675781
B,3386,165.914,0.9344322681427
B,3387,165.963,0.851079165935516
B,3388,166.012,0.862961947917938
B,3389,166.061,1.04179155826569
B,3390,166.11,1.23387968540192
B,3391,166.159,1.14135730266571
B,3392,166.208,1.04781782627106
B,3393,166.257,1.10131454467773
B,3394,166.306,1.12544798851013
B,3395,166.355,1.1815197467804
B,3396,166.404,1.24327111244202
B,3397,166.453,1.2682718038559
B,3398,166.502,1.21160387992859
B,3399,166.551,1.2430135011673
B,3400,166.6,1.12607884407043
B,3401,166.649,1.34981048107147
B,3402,166.698,1.27150678634644
B,3403,166.747,1.2062896490097
B,3404,166.796,1.08461081981659
B,3405,166.845,1.22006189823151
B,3406,166.894,1.23091733455658
B,3407,166.943,1.20641803741455
B,3408,166.992,1.19168937206268
B,3409,167.041,1.09121513366699
B,3410,167.09,1.25241351127625
B,3411,167.139,1.13966417312622
B,3412,167.188,1.22304999828339
B,3413,167.237,1.03542351722717
B,3414,167.286,1.25334215164185
B,3415,167.335,1.16562068462372
B,3416,167.384,1.13232398033142
B,3417,167.433,1.18914699554443
B,3418,167.482,1.24962019920349
B,3419,167.531,1.2374039888382
B,3420,167.58,1.33778119087219
B,3421,167.629,1.1160329580307
B,3422,167.678,1.10045790672302
B,3423,167.727,1.10203087329865
B,3424,167.776,1.01281070709229
B,3425,167.825,1.14072167873383
B,3426,167.874,1.17346739768982
B,3427,167.923,1.11696648597717
B,3428,167.972,1.19732224941254
B,3429,168.021,1.05632209777832
B,3430,168.07,1.15813994407654
B,3431,168.119,1.20122253894806
B,3432,168.168,1.16641736030579
B,3433,168.217,1.11333549022675
B,3434,168.266,1.0773766040802
B,3435,168.315,1.19267249107361
B,3436,168.364,1.13089084625244
B,3437,168.413,1.01318299770355
B,3438,168.462,1.04617500305176
B,3439,168.511,1.11526608467102
B,3440,168.56,1.14799702167511
B,3441,168.609,1.1033878326416
B,3442,168.658,1.2418817281723
B,3443,168.707,1.28294038772583
B,3444,168.756,1.32737052440643
B,3445,168.805,1.22351253032684
B,3446,168.854,1.26309716701508
B,3447,168.903,1.4725706577301
B,3448,168.952,1.30975067615509
B,3449,169.001,1.30059969425201
B,3450,169.05,1.1742023229599
B,3451,169.099,1.20759069919586
B,3452,169.148,1.23018884658813
B,3453,169.197,1.27843987941742
B,3454,169.246,1.32167398929596
B,3455,169.295,1.28618264198303
B,3456,169.344,1.35998809337616
B,3457,169.393,1.40871572494507
B,3458,169.442,1.3611855506897
B,3459,169.491,1.22159838676453
B,3460,169.54,1.29090774059296
B,3461,169.589,1.11789321899414
B,3462,169.638,1.27738904953003
B,3463,169.687,1.25080811977386
B,3464,169.736,1.40477561950684
B,3465,169.785,1.39128077030182
B,3466,169.834,1.32798171043396
B,3467,169.883,1.24667918682098
B,3468,169.932,1.38148248195648
B,3469,169.981,1.31378519535065
B,3470,170.03,1.28074991703033
B,3471,170.079,1.35688483715057
B,3472,170.128,1.36244356632233
B,3473,170.177,1.33157050609589
B,3474,170.226,1.36365032196045
B,3475,170.275,1.34114503860474
B,3476,170.324,1.28181874752045
B,3477,170.373,1.34836208820343
B,3478,170.422,1.30349242687225
B,3479,170.471,1.32977712154388
B,3480,170.52,1.26052737236023
B,3481,170.569,1.27788126468658
B,3482,170.618,1.20968341827393
B,3483,170.667,1.25981450080872
B,3484,170.716,1.19121217727661
B,3485,170.765,1.17398107051849
B,3486,170.814,1.25893998146057
B,3487,170.863,1.11708641052246
B,3488,170.912,1.25914001464844
B,3489,170.961,1.23700273036957
B,3490,171.01,1.22029948234558
B,3491,171.059,1.24104475975037
B,3492,171.108,1.14119350910187
B,3493,171.157,1.24405980110168
B,3494,171.206,1.12218296527863
B,3495,171.255,1.24151492118835
B,3496,171.304,1.24579071998596
B,3497,171.353,1.25994920730591
B,3498,171.402,1.32617998123169
B,3499,171.451,1.28486299514771
B,3500,171.5,1.34676992893219
B,3501,171.549,1.36052334308624
B,3502,171.598,1.35707294940948
B,3503,171.647,1.36007523536682
B,3504,171.696,1.28838765621185
B,3505,171.745,1.26534461975098
B,3506,171.794,1.32123363018036
B,3507,171.843,1.36234271526337
B,3508,171.892,1.39344489574432
B,3509,171.941,1.3019608259201
B,3510,171.99,1.19099414348602
B,3511,172.039,1.15982806682587
B,3512,172.088,1.23630058765411
B,3513,172.137,1.3974574804306
B,3514,172.186,1.35719549655914
B,3515,172.235,1.38361263275146
B,3516,172.284,1.46373558044434
B,3517,172.333,1.45878887176514
B,3518,172.382,1.34936857223511
B,3519,172.431,1.25816690921783
B,3520,172.48,1.13863837718964
B,3521,172.529,1.20354044437408
B,3522,172.578,1.28829276561737
B,3523,172.627,1.4194563627243
B,3524,172.676,1.37766826152802
B,3525,172.725,1.35620176792145
B,3526,172.774,1.45146834850311
B,3527,172.823,1.33606660366058
B,3528,172.872,1.33163034915924
B,3529,172.921,1.36142683029175
B,3530,172.97,1.44805991649628
B,3531,173.019,1.46031260490417
B,3532,173.068,1.49996364116669
B,3533,173.117,1.3839362859726
B,3534,173.166,1.26237952709198
B,3535,173.215,1.26782441139221
B,3536,173.264,1.34670734405518
B,3537,173.313,1.22341084480286
B,3538,173.362,1.21633338928223
B,3539,173.411,1.10099756717682
B,3540,173.46,1.13489818572998
B,3541,173.509,1.25452744960785
B,3542,173.558,1.36367166042328
B,3543,173.607,1.27599442005157
B,3544,173.656,1.36408817768097
B,3545,173.705,1.24132347106934
B,3546,173.754,1.144660115242
B,3547,173.803,1.16045022010803
B,3548,173.852,1.36320447921753
B,3549,173.901,1.27355301380157
B,3550,173.95,1.23706388473511
B,3551,173.999,1.05654966831207
B,3552,174.048,1.06756842136383
B,3553,174.097,1.04107642173767
B,3554,174.146,1.12092864513397
B,3555,174.195,1.1824814081192
B,3556,174.244,1.03226912021637
B,3557,174.293,1.12902617454529
B,3558,174.342,1.16756236553192
B,3559,174.391,1.02142453193665
B,3560,174.44,1.01932013034821
B,3561,174.489,1.15155613422394
B,3562,174.538,1.15964818000793
B,3563,174.587,1.13279986381531
B,3564,174.636,0.989427745342255
B,3565,174.685,1.02679479122162
B,3566,174.734,0.917287349700928
B,3567,174.783,0.970049798488617
B,3568,174.832,1.01107716560364
B,3569,174.881,1.12838852405548
B,3570,174.93,0.979334592819214
B,3571,174.979,1.17125570774078
B,3572,175.028,0.968681275844574
B,3573,175.077,0.889212250709534
B,3574,175.126,0.939716696739197
B,3575,175.175,1.17420876026154
B,3576,175.224,1.1965399980545
B,3577,175.273,1.13625729084015
B,3578,175.322,1.07076644897461
B,3579,175.371,0.987783193588257
B,3580,175.42,1.02122521400452
B,3581,175.469,0.989218354225159
B,3582,175.518,1.06885075569153
B,3583,175.567,0.953664779663086
B,3584,175.616,1.13069176673889
B,3585,175.665,1.13694179058075
B,3586,175.714,1.10236465930939
B,3587,175.763,1.07567977905273
B,3588,175.812,1.0151983499527
B,3589,175.861,0.999862909317017
B,3590,175.91,0.960998058319092
B,3591,175.959,1.02532696723938
B,3592,176.008,0.943747878074646
B,3593,176.057,1.10082566738129
B,3594,176.106,1.04502713680267
B,3595,176.155,0.963180184364319
B,3596,176.204,1.03512585163116
B,3597,176.253,1.01464974880219
B,3598,176.302,0.9847172498703
B,3599,176.351,1.00808906555176
B,3600,176.4,0.98175460100174
B,3601,176.449,0.886665105819702
B,3602,176.498,0.943380773067474
B,3603,176.547,0.942714869976044
B,3604,176.596,1.02580404281616
B,3605,176.645,0.937699913978577
B,3606,176.694,0.89986115694046
B,3607,176.743,1.05090069770813
B,3608,176.792,0.990488767623901
B,3609,176.841,1.07319509983063
B,3610,176.89,1.21473777294159
B,3611,176.939,1.09740781784058
B,3612,176.988,0.906443059444427
B,3613,177.037,0.977192044258118
B,3614,177.086,0.92303454875946
B,3615,177.135,0.8463454246521
B,3616,177.184,0.959576308727264
B,3617,177.233,1.0146256685257
B,3618,177.282,1.0158839225769
B,3619,177.331,1.00880336761475
B,3620,177.38,0.918841302394867
B,3621,177.429,0.990067720413208
B,3622,177.478,0.991849482059479
B,3623,177.527,0.973536670207977
B,3624,177.576,1.03128111362457
B,3625,177.625,0.962179660797119
B,3626,177.674,0.977181613445282
B,3627,177.723,0.866235136985779
B,3628,177.772,0.982934594154358
B,3629,177.821,1.07490742206573
B,3630,177.87,1.05809199810028
B,3631,177.919,0.973799705505371
B,3632,177.968,1.03289783000946
B,3633,178.017,1.01084661483765
B,3634,178.066,0.926953256130219
B,3635,178.115,0.894382476806641
B,3636,178.164,0.930508136749268
B,3637,178.213,0.821619272232056
B,3638,178.262,0.785275518894196
B,3639,178.311,0.902250647544861
B,3640,178.36,0.846121668815613
B,3641,178.409,0.869383156299591
B,3642,178.458,0.843500673770905
B,3643,178.507,0.765854477882385
B,3644,178.556,0.825348734855652
B,3645,178.605,0.861444473266602
B,3646,178.654,0.895030677318573
B,3647,178.703,0.997169196605682
B,3648,178.752,0.845917999744415
B,3649,178.801,1.07786738872528
B,3650,178.85,1.00000166893005
B,3651,178.899,0.854732096195221
B,3652,178.948,0.875730514526367
B,3653,178.997,0.828449845314026
B,3654,179.046,0.939186811447144
B,3655,179.095,0.969034492969513
B,3656,179.144,0.889946937561035
B,3657,179.193,0.911013960838318
B,3658,179.242,1.02792298793793
B,3659,179.291,1.02085852622986
B,3660,179.34,0.997154653072357
B,3661,179.389,1.12845373153687
B,3662,179.438,1.09821808338165
B,3663,179.487,1.08638191223145
B,3664,179.536,1.05213463306427
B,3665,179.585,1.12670910358429
B,3666,179.634,0.953624606132507
B,3667,179.683,0.897924900054932
B,3668,179.732,0.991504371166229
B,3669,179.781,0.98990523815155
B,3670,179.83,1.05438661575317
B,3671,179.879,0.945405423641205
B,3672,179.928,1.13683784008026
B,3673,179.977,1.09268176555634
B,3674,180.026,0.975192487239838
B,3675,180.075,0.97198760509491
B,3676,180.124,0.901838302612305
B,3677,180.173,0.991182625293732
B,3678,180.222,1.01088082790375
B,3679,180.271,1.00431597232819
B,3680,180.32,1.07828414440155
B,3681,180.369,1.13654172420502
B,3682,180.418,0.99057799577713
B,3683,180.467,0.966485917568207
B,3684,180.516,0.994358956813812
B,3685,180.565,0.872142195701599
B,3686,180.614,0.976352870464325
B,3687,180.663,0.926874756813049
B,3688,180.712,0.866992294788361
B,3689,180.761,0.951842308044434
B,3690,180.81,1.08659422397614
B,3691,180.859,1.05941987037659
B,3692,180.908,1.2875075340271
B,3693,180.957,1.10693383216858
B,3694,181.006,1.04332518577576
B,3695,181.055,1.09635317325592
B,3696,181.104,1.04380786418915
B,3697,181.153,0.942951261997223
B,3698,181.202,1.00191426277161
B,3699,181.251,0.982180655002594
B,3700,181.3,1.05148530006409
B,3701,181.349,1.14865934848785
B,3702,181.398,0.975909411907196
B,3703,181.447,1.12817752361298
B,3704,181.496,1.13446152210236
B,3705,181.545,0.951775252819061
B,3706,181.594,1.11528384685516
B,3707,181.643,1.15812575817108
B,3708,181.692,1.03771376609802
B,3709,181.741,0.990799188613892
B,3710,181.79,0.878210842609406
B,3711,181.839,1.08867979049683
B,3712,181.888,0.860976278781891
B,3713,181.937,0.873680472373962
B,3714,181.986,1.00607430934906
B,3715,182.035,1.05100131034851
B,3716,182.084,0.985933184623718
B,3717,182.133,1.03687918186188
B,3718,182.182,1.05816555023193
B,3719,182.231,1.08240509033203
B,3720,182.28,1.13357937335968
B,3721,182.329,1.11403346061707
B,3722,182.378,1.03178322315216
B,3723,182.427,1.13831377029419
B,3724,182.476,1.25342738628387
B,3725,182.525,1.22065258026123
B,3726,182.574,1.08275842666626
B,3727,182.623,1.07468557357788
B,3728,182.672,1.12636721134186
B,3729,182.721,1.15199720859528
B,3730,182.77,1.07565712928772
B,3731,182.819,0.995135366916656
B,3732,182.868,1.00461006164551
B,3733,182.917,0.953263700008392
B,3734,182.966,0.910219132900238
B,3735,183.015,0.885392844676971
B,3736,183.064,0.876999199390411
B,3737,183.113,0.890099346637726
B,3738,183.162,0.805729746818542
B,3739,183.211,0.917061984539032
B,3740,183.26,1.0399135351181
B,3741,183.309,0.888687610626221
B,3742,183.358,0.837499737739563
B,3743,183.407,0.884706139564514
B,3744,183.456,0.928194522857666
B,3745,183.505,0.79729163646698
B,3746,183.554,0.901690900325775
B,3747,183.603,0.867487728595734
B,3748,183.652,0.962424218654633
B,3749,183.701,0.989023864269257
B,3750,183.75,0.909798920154572
B,3751,183.799,0.92365700006485
B,3752,183.848,0.971726477146149
B,3753,183.897,0.875969767570496
B,3754,183.946,0.913137912750244
B,3755,183.995,0.955887913703918
B,3756,184.044,0.936949253082275
B,3757,184.093,0.993742883205414
B,3758,184.142,0.868611574172974
B,3759,184.191,0.913649916648865
B,3760,184.24,1.02835822105408
B,3761,184.289,1.01010096073151
B,3762,184.338,0.98323929309845
B,3763,184.387,0.969906091690063
B,3764,184.436,1.07687449455261
B,3765,184.485,1.01319992542267
B,3766,184.534,1.07399427890778
B,3767,184.583,0.958731472492218
B,3768,184.632,1.20638763904572
B,3769,184.681,1.15995740890503
B,3770,184.73,1.0226594209671
B,3771,184.779,0.932006776332855
B,3772,184.828,0.803967356681824
B,3773,184.877,0.854959189891815
B,3774,184.926,1.03115153312683
B,3775,184.975,0.916468322277069
B,3776,185.024,0.896077215671539
B,3777,185.073,0.897379696369171
B,3778,185.122,0.892034292221069
B,3779,185.171,0.776013553142548
B,3780,185.22,0.854098558425903
B,3781,185.269,0.790379464626312
B,3782,185.318,0.769664287567139
B,3783,185.367,0.859516680240631
B,3784,185.416,0.760082900524139
B,3785,185.465,0.897027194499969
B,3786,185.514,0.925515353679657
B,3787,185.563,0.901724874973297
B,3788,185.612,0.892937123775482
B,3789,185.661,1.09160387516022
B,3790,185.71,1.10018062591553
B,3791,185.759,0.900883376598358
B,3792,185.808,0.90350615978241
B,3793,185.857,0.806222021579742
B,3794,185.906,0.745744109153748
B,3795,185.955,0.939410626888275
B,3796,186.004,0.943267405033112
B,3797,186.053,1.02686786651611
B,3798,186.102,0.945347607135773
B,3799,186.151,0.949021816253662
B,3800,186.2,0.958353102207184
B,3801,186.249,0.912329494953156
B,3802,186.298,0.739173054695129
B,3803,186.347,0.702467381954193
B,3804,186.396,0.773892760276794
B,3805,186.445,0.820986330509186
B,3806,186.494,0.864051282405853
B,3807,186.543,0.884509563446045
B,3808,186.592,0.869602799415588
B,3809,186.641,0.99931812286377
B,3810,186.69,0.859892308712006
B,3811,186.739,0.916893422603607
B,3812,186.788,0.993296027183533
B,3813,186.837,0.849488794803619
B,3814,186.886,0.905301511287689
B,3815,186.935,0.746707856655121
B,3816,186.984,0.902452766895294
B,3817,187.033,0.871046543121338
B,3818,187.082,0.932143032550812
B,3819,187.131,1.106116771698
B,3820,187.18,0.965159237384796
B,3821,187.229,1.05032217502594
B,3822,187.278,0.937981903553009
B,3823,187.327,0.888822197914124
B,3824,187.376,1.11085295677185
B,3825,187.425,1.01055240631104
B,3826,187.474,1.05706596374512
B,3827,187.523,0.853257298469543
B,3828,187.572,0.928251564502716
B,3829,187.621,0.94785350561142
B,3830,187.67,0.904945731163025
B,3831,187.719,0.881852209568024
B,3832,187.768,1.00242435932159
B,3833,187.817,0.877756595611572
B,3834,187.866,0.994446754455566
B,3835,187.915,0.901688396930695
B,3836,187.964,0.966128349304199
B,3837,188.013,0.945521831512451
B,3838,188.062,1.00717413425446
B,3839,188.111,1.01645338535309
B,3840,188.16,1.00256633758545
B,3841,188.209,0.940030157566071
B,3842,188.258,0.940680742263794
B,3843,188.307,0.964041590690613
B,3844,188.356,0.833913803100586
B,3845,188.405,0.969683349132538
B,3846,188.454,0.894445776939392
B,3847,188.503,0.918550133705139
B,3848,188.552,0.905676543712616
B,3849,188.601,0.88187563419342
B,3850,188.65,0.870547950267792
B,3851,188.699,0.815071880817413
B,3852,188.748,0.822719097137451
B,3853,188.797,0.828128099441528
B,3854,188.846,0.811062216758728
B,3855,188.895,0.809887588024139
B,3856,188.944,0.787859618663788
B,3857,188.993,0.791950881481171
B,3858,189.042,0.789263188838959
B,3859,189.091,0.895862817764282
B,3860,189.14,0.926164448261261
B,3861,189.189,0.739036619663239
B,3862,189.238,0.824823260307312
B,3863,189.287,0.828487813472748
B,3864,189.336,0.901787638664246
B,3865,189.385,0.963891923427582
B,3866,189.434,0.994760811328888
B,3867,189.483,0.884379088878632
B,3868,189.532,0.824420034885406
B,3869,189.581,0.777154207229614
B,3870,189.63,0.703615307807922
B,3871,189.679,0.753968834877014
B,3872,189.728,0.903923034667969
B,3873,189.777,0.839966952800751
B,3874,189.826,0.823388338088989
B,3875,189.875,0.894208133220673
B,3876,189.924,0.937505602836609
B,3877,189.973,0.947421073913574
B,3878,190.022,0.898484110832214
B,3879,190.071,0.863588333129883
B,3880,190.12,1.00821471214294
B,3881,190.169,0.943528652191162
B,3882,190.218,0.792568922042847
B,3883,190.267,0.843734860420227
B,3884,190.316,0.805145978927612
B,3885,190.365,0.764920592308044
B,3886,190.414,0.823908865451813
B,3887,190.463,0.79609477519989
B,3888,190.512,0.753318130970001
B,3889,190.561,0.918433904647827
B,3890,190.61,0.980928719043732
B,3891,190.659,0.931287884712219
B,3892,190.708,0.929469466209412
B,3893,190.757,0.9549760222435
B,3894,190.806,0.890902400016785
B,3895,190.855,1.13466536998749
B,3896,190.904,1.11692929267883
B,3897,190.953,0.946344196796417
B,3898,191.002,1.17074227333069
B,3899,191.051,1.12532866001129
B,3900,191.1,1.18804669380188
B,3901,191.149,1.02188432216644
B,3902,191.198,1.07737684249878
B,3903,191.247,0.971108078956604
B,3904,191.296,1.01285469532013
B,3905,191.345,0.977181434631348
B,3906,191.394,0.903303980827332
B,3907,191.443,0.979720234870911
B,3908,191.492,0.987367928028107
B,3909,191.541,1.04177832603455
B,3910,191.59,1.05667972564697
B,3911,191.639,0.974282801151276
B,3912,191.688,1.0064389705658
B,3913,191.737,0.964917302131653
B,3914,191.786,1.06668984889984
B,3915,191.835,1.26853215694427
B,3916,191.884,1.14632964134216
B,3917,191.933,1.12327992916107
B,3918,191.982,1.04690074920654
B,3919,192.031,1.11260163784027
B,3920,192.08,1.11087906360626
B,3921,192.129,1.05531561374664
B,3922,192.178,1.01215541362762
B,3923,192.227,1.02619802951813
B,3924,192.276,1.01549053192139
B,3925,192.325,0.984696328639984
B,3926,192.374,1.00851082801819
B,3927,192.423,1.01840436458588
B,3928,192.472,1.06745338439941
B,3929,192.521,1.13488388061523
B,3930,192.57,1.02825677394867
B,3931,192.619,0.999693870544434
B,3932,192.668,1.09260869026184
B,3933,192.717,1.08091998100281
B,3934,192.766,1.01690256595612
B,3935,192.815,0.940640211105347
B,3936,192.864,0.991717457771301
B,3937,192.913,0.938308537006378
B,3938,192.962,0.955270886421204
B,3939,193.011,1.00837206840515
B,3940,193.06,0.991268038749695
B,3941,193.109,0.950047671794891
B,3942,193.158,1.01652324199677
B,3943,193.207,1.08782684803009
B,3944,193.256,1.10142886638641
B,3945,193.305,1.05467879772186
B,3946,193.354,1.09104382991791
B,3947,193.403,1.10385143756866
B,3948,193.452,1.072469830513
B,3949,193.501,1.10805022716522
B,3950,193.55,1.1044989824295
B,3951,193.599,1.00966775417328
B,3952,193.648,0.948321878910065
B,3953,193.697,1.09030902385712
B,3954,193.746,0.992723405361176
B,3955,193.795,1.03179597854614
B,3956,193.844,1.06300818920135
B,3957,193.893,1.03091990947723
B,3958,193.942,0.928134799003601
B,3959,193.991,1.03989481925964
B,3960,194.04,0.973848462104797
B,3961,194.089,0.892552375793457
B,3962,194.138,0.81703644990921
B,3963,194.187,0.817012012004852
B,3964,194.236,0.975161552429199
B,3965,194.285,0.919234573841095
B,3966,194.334,0.890396237373352
B,3967,194.383,0.928789734840393
B,3968,194.432,1.0045952796936
B,3969,194.481,1.08664500713348
B,3970,194.53,1.0294326543808
B,3971,194.579,0.94214254617691
B,3972,194.628,0.937594532966614
B,3973,194.677,1.0136581659317
B,3974,194.726,0.958566844463348
B,3975,194.775,1.08948254585266
B,3976,194.824,1.17648983001709
B,3977,194.873,1.27257394790649
B,3978,194.922,1.12183547019958
B,3979,194.971,1.18141973018646
B,3980,195.02,1.12869203090668
B,3981,195.069,1.16373372077942
B,3982,195.118,0.99186897277832
B,3983,195.167,1.09619772434235
B,3984,195.216,1.06924903392792
B,3985,195.265,1.02291214466095
B,3986,195.314,1.1607973575592
B,3987,195.363,1.05424249172211
B,3988,195.412,0.999274671077728
B,3989,195.461,1.07177901268005
B,3990,195.51,1.03502357006073
B,3991,195.559,1.10419499874115
B,3992,195.608,1.11537289619446
B,3993,195.657,1.00881135463715
B,3994,195.706,1.12365901470184
B,3995,195.755,1.02247095108032
B,3996,195.804,1.13148093223572
B,3997,195.853,1.13202571868896
B,3998,195.902,1.05123221874237
B,3999,195.951,0.926344931125641
B,4000,196,0.892631530761719
B,4001,196.049,0.875177681446075
B,4002,196.098,0.985914945602417
B,4003,196.147,1.04335856437683
B,4004,196.196,1.02341330051422
B,4005,196.245,1.05752599239349
B,4006,196.294,0.949708521366119
B,4007,196.343,0.972730576992035
B,4008,196.392,0.907647371292114
B,4009,196.441,1.14108204841614
B,4010,196.49,1.06638431549072
B,4011,196.539,0.964692056179047
B,4012,196.588,1.08139944076538
B,4013,196.637,1.00780212879181
B,4014,196.686,1.11927938461304
B,4015,196.735,1.10986196994781
B,4016,196.784,1.18910503387451
B,4017,196.833,0.921117842197418
B,4018,196.882,0.899726808071136
B,4019,196.931,0.945558369159698
B,4020,196.98,1.11299061775208
B,4021,197.029,1.13798439502716
B,4022,197.078,1.1066335439682
B,4023,197.127,1.12413311004639
B,4024,197.176,0.998160243034363
B,4025,197.225,1.09979236125946
B,4026,197.274,0.980055868625641
B,4027,197.323,1.05851674079895
B,4028,197.372,1.11635184288025
B,4029,197.421,1.05456411838531
B,4030,197.47,1.12049627304077
B,4031,197.519,1.18174946308136
B,4032,197.568,1.19294500350952
B,4033,197.617,1.05601727962494
B,4034,197.666,1.03194713592529
B,4035,197.715,1.13035607337952
B,4036,197.764,0.952145516872406
B,4037,197.813,1.03203320503235
B,4038,197.862,1.03088438510895
B,4039,197.911,0.970424056053162
B,4040,197.96,1.11159646511078
B,4041,198.009,1.01886737346649
B,4042,198.058,1.04875075817108
B,4043,198.107,1.06182825565338
B,4044,198.156,1.03271758556366
B,4045,198.205,1.02517533302307
B,4046,198.254,1.06155335903168
B,4047,198.303,1.15115249156952
B,4048,198.352,1.15991747379303
B,4049,198.401,1.1238819360733
B,4050,198.45,1.14073741436005
B,4051,198.499,1.27393925189972
B,4052,198.548,1.20878446102142
B,4053,198.597,1.20673012733459
B,4054,198.646,1.23287963867188
B,4055,198.695,1.15357375144958
B,4056,198.744,1.07390773296356
B,4057,198.793,1.00040209293365
B,4058,198.842,1.08246767520905
B,4059,198.891,1.07793366909027
B,4060,198.94,1.0912276506424
B,4061,198.989,1.11988115310669
B,4062,199.038,1.04640793800354
B,4063,199.087,1.11280393600464
B,4064,199.136,0.946099162101746
B,4065,199.185,1.15680885314941
B,4066,199.234,1.14413130283356
B,4067,199.283,1.19613003730774
B,4068,199.332,1.02733719348907
B,4069,199.381,1.17590272426605
B,4070,199.43,1.23448741436005
B,4071,199.479,1.24817192554474
B,4072,199.528,1.20145499706268
B,4073,199.577,1.30680990219116
B,4074,199.626,1.05833745002747
B,4075,199.675,1.02109253406525
B,4076,199.724,1.1530784368515
B,4077,199.773,1.10942566394806
B,4078,199.822,1.08490252494812
B,4079,199.871,1.08346343040466
B,4080,199.92,1.03299176692963
B,4081,199.969,1.13723945617676
B,4082,200.018,1.1167311668396
B,4083,200.067,1.23724484443665
B,4084,200.116,1.25677871704102
B,4085,200.165,1.25139451026917
B,4086,200.214,1.18096077442169
B,4087,200.263,1.23856770992279
B,4088,200.312,1.23034739494324
B,4089,200.361,1.15409123897552
B,4090,200.41,1.21765577793121
B,4091,200.459,1.26270198822021
B,4092,200.508,1.2233579158783
B,4093,200.557,1.06969225406647
B,4094,200.606,1.09932029247284
B,4095,200.655,1.03995990753174
B,4096,200.704,1.23901915550232
B,4097,200.753,1.16396915912628
B,4098,200.802,1.16346526145935
B,4099,200.851,1.08786237239838
B,4100,200.9,1.14241218566895
B,4101,200.949,1.14610755443573
B,4102,200.998,1.15931951999664
B,4103,201.047,1.02952492237091
B,4104,201.096,1.05903375148773
B,4105,201.145,1.04753029346466
B,4106,201.194,1.11675083637238
B,4107,201.243,1.18502020835876
B,4108,201.292,1.29675436019897
B,4109,201.341,1.27206516265869
B,4110,201.39,1.08254086971283
B,4111,201.439,0.925123035907745
B,4112,201.488,1.07767653465271
B,4113,201.537,1.24678409099579
B,4114,201.586,1.31986355781555
B,4115,201.635,1.30486679077148
B,4116,201.684,1.28283035755157
B,4117,201.733,1.21250200271606
B,4118,201.782,1.38572037220001
B,4119,201.831,1.38276827335358
B,4120,201.88,1.31284773349762
B,4121,201.929,1.3250584602356
B,4122,201.978,1.37330567836761
B,4123,202.027,1.42529678344727
B,4124,202.076,1.50243723392487
B,4125,202.125,1.46975743770599
B,4126,202.174,1.49189817905426
B,4127,202.223,1.51924216747284
B,4128,202.272,1.39686560630798
B,4129,202.321,1.41666460037231
B,4130,202.37,1.29056215286255
B,4131,202.419,1.46781861782074
B,4132,202.468,1.35953414440155
B,4133,202.517,1.32209610939026
B,4134,202.566,1.4469701051712
B,4135,202.615,1.53157389163971
B,4136,202.664,1.4915097951889
B,4137,202.713,1.4529367685318
B,4138,202.762,1.28890657424927
B,4139,202.811,1.34837937355042
B,4140,202.86,1.37213742733002
B,4141,202.909,1.39216494560242
B,4142,202.958,1.33005833625793
B,4143,203.007,1.32232892513275
B,4144,203.056,1.28266036510468
B,4145,203.105,1.33878135681152
B,4146,203.154,1.30858182907104
B,4147,203.203,1.42568588256836
B,4148,203.252,1.26069903373718
B,4149,203.301,1.28534758090973
B,4150,203.35,1.51425576210022
B,4151,203.399,1.32011651992798
B,4152,203.448,1.23165762424469
B,4153,203.497,1.39028716087341
B,4154,203.546,1.51051497459412
B,4155,203.595,1.38604187965393
B,4156,203.644,1.4069459438324
B,4157,203.693,1.41296470165253
B,4158,203.742,1.33629906177521
B,4159,203.791,1.22871816158295
B,4160,203.84,1.34832441806793
B,4161,203.889,1.36138129234314
B,4162,203.938,1.52891802787781
B,4163,203.987,1.43996024131775
B,4164,204.036,1.2928159236908
B,4165,204.085,1.27874505519867
B,4166,204.134,1.26565992832184
B,4167,204.183,1.26502811908722
B,4168,204.232,1.29039859771729
B,4169,204.281,1.32192718982697
B,4170,204.33,1.3497097492218
B,4171,204.379,1.37488901615143
B,4172,204.428,1.2844545841217
B,4173,204.477,1.24927639961243
B,4174,204.526,1.24609291553497
B,4175,204.575,1.12150740623474
B,4176,204.624,1.17288661003113
B,4177,204.673,1.37261307239532
B,4178,204.722,1.2660596370697
B,4179,204.771,1.26260459423065
B,4180,204.82,1.4301563501358
B,4181,204.869,1.34470450878143
B,4182,204.918,1.38593590259552
B,4183,204.967,1.31659090518951
B,4184,205.016,1.29128324985504
B,4185,205.065,1.45100891590118
B,4186,205.114,1.39542186260223
B,4187,205.163,1.39009821414948
B,4188,205.212,1.50114631652832
B,4189,205.261,1.5222407579422
B,4190,205.31,1.46270096302032
B,4191,205.359,1.50728356838226
B,4192,205.408,1.40643763542175
B,4193,205.457,1.45536494255066
B,4194,205.506,1.5114598274231
B,4195,205.555,1.41029417514801
B,4196,205.604,1.55736780166626
B,4197,205.653,1.35840404033661
B,4198,205.702,1.17682957649231
B,4199,205.751,1.25309252738953
B,4200,205.8,1.22558724880219
B,4201,205.849,1.31617319583893
B,4202,205.898,1.30099546909332
B,4203,205.947,1.24292254447937
B,4204,205.996,1.28470170497894
B,4205,206.045,1.4801059961319
B,4206,206.094,1.4330108165741
B,4207,206.143,1.26744508743286
B,4208,206.192,1.28570866584778
B,4209,206.241,1.21514737606049
B,4210,206.29,1.29943740367889
B,4211,206.339,1.45462143421173
B,4212,206.388,1.37458491325378
B,4213,206.437,1.24875223636627
B,4214,206.486,1.18668246269226
B,4215,206.535,1.35743021965027
B,4216,206.584,1.39366233348846
B,4217,206.633,1.49407339096069
B,4218,206.682,1.38208425045013
B,4219,206.731,1.52817010879517
B,4220,206.78,1.5043032169342
B,4221,206.829,1.50027990341187
B,4222,206.878,1.44918489456177
B,4223,206.927,1.34515714645386
B,4224,206.976,1.36223375797272
B,4225,207.025,1.32093942165375
B,4226,207.074,1.27210056781769
B,4227,207.123,1.28713631629944
B,4228,207.172,1.18811869621277
B,4229,207.221,1.33979570865631
B,4230,207.27,1.35075652599335
B,4231,207.319,1.23841595649719
B,4232,207.368,1.17248821258545
B,4233,207.417,1.16236877441406
B,4234,207.466,1.21316432952881
B,4235,207.515,1.25206243991852
B,4236,207.564,1.24210870265961
B,4237,207.613,1.19203448295593
B,4238,207.662,1.23025989532471
B,4239,207.711,1.16772413253784
B,4240,207.76,1.24808967113495
B,4241,207.809,1.22068083286285
B,4242,207.858,1.19994580745697
B,4243,207.907,1.25219130516052
B,4244,207.956,1.12357473373413
B,4245,208.005,1.2186826467514
B,4246,208.054,1.29640400409698
B,4247,208.103,1.2947723865509
B,4248,208.152,1.370361328125
B,4249,208.201,1.29248738288879
B,4250,208.25,1.12979817390442
B,4251,208.299,1.21466302871704
B,4252,208.348,1.35365319252014
B,4253,208.397,1.32585871219635
B,4254,208.446,1.09507429599762
B,4255,208.495,1.18961191177368
B,4256,208.544,1.25230634212494
B,4257,208.593,1.30154573917389
B,4258,208.642,1.44018971920013
B,4259,208.691,1.42443144321442
B,4260,208.74,1.33125460147858
B,4261,208.789,1.38891351222992
B,4262,208.838,1.46828675270081
B,4263,208.887,1.39664149284363
B,4264,208.936,1.34759140014648
B,4265,208.985,1.43668472766876
B,4266,209.034,1.44335222244263
B,4267,209.083,1.377760887146
B,4268,209.132,1.49630653858185
B,4269,209.181,1.47614967823029
B,4270,209.23,1.50489330291748
B,4271,209.279,1.44703388214111
B,4272,209.328,1.50636076927185
B,4273,209.377,1.54362535476685
B,4274,209.426,1.558145403862
B,4275,209.475,1.51583850383759
B,4276,209.524,1.56438684463501
B,4277,209.573,1.46521735191345
B,4278,209.622,1.43636584281921
B,4279,209.671,1.42947220802307
B,4280,209.72,1.515509724617
B,4281,209.769,1.39645397663116
B,4282,209.818,1.44298446178436
B,4283,209.867,1.45901954174042
B,4284,209.916,1.41635966300964
B,4285,209.965,1.32478737831116
B,4286,210.014,1.33179402351379
B,4287,210.063,1.46673572063446
B,4288,210.112,1.49796628952026
B,4289,210.161,1.38697326183319
B,4290,210.21,1.57484614849091
B,4291,210.259,1.59685027599335
B,4292,210.308,1.44057476520538
B,4293,210.357,1.51480042934418
B,4294,210.406,1.56790566444397
B,4295,210.455,1.44685530662537
B,4296,210.504,1.38130044937134
B,4297,210.553,1.20759916305542
B,4298,210.602,1.29180145263672
B,4299,210.651,1.25942409038544
B,4300,210.7,1.307501912117
B,4301,210.749,1.30061507225037
B,4302,210.798,1.21751248836517
B,4303,210.847,1.3025404214859
B,4304,210.896,1.23280465602875
B,4305,210.945,1.31543719768524
B,4306,210.994,1.31522464752197
B,4307,211.043,1.24358487129211
B,4308,211.092,1.35392534732819
B,4309,211.141,1.448690533638
B,4310,211.19,1.35669684410095
B,4311,211.239,1.419304728508
B,4312,211.288,1.37489902973175
B,4313,211.337,1.40096521377563
B,4314,211.386,1.39521920681
B,4315,211.435,1.39268791675568
B,4316,211.484,1.25294709205627
B,4317,211.533,1.36025643348694
B,4318,211.582,1.43192160129547
B,4319,211.631,1.39126217365265
B,4320,211.68,1.20411825180054
B,4321,211.729,1.14211642742157
B,4322,211.778,1.15934014320374
B,4323,211.827,1.19710516929626
B,4324,211.876,1.21658718585968
B,4325,211.925,1.21195292472839
B,4326,211.974,1.10934460163116
B,4327,212.023,1.26285922527313
B,4328,212.072,1.2052286863327
B,4329,212.121,1.01843202114105
B,4330,212.17,1.20621860027313
B,4331,212.219,1.18414795398712
B,4332,212.268,1.14109313488007
B,4333,212.317,1.22298467159271
B,4334,212.366,1.18712675571442
B,4335,212.415,1.10117673873901
B,4336,212.464,1.19438886642456
B,4337,212.513,1.17481815814972
B,4338,212.562,1.07914626598358
B,4339,212.611,1.12089312076569
B,4340,212.66,1.20105183124542
B,4341,212.709,1.01958727836609
B,4342,212.758,1.17368769645691
B,4343,212.807,1.1952965259552
B,4344,212.856,1.24596333503723
B,4345,212.905,1.12209391593933
B,4346,212.954,1.11182105541229
B,4347,213.003,1.19174575805664
B,4348,213.052,1.13884460926056
B,4349,213.101,1.19421863555908
B,4350,213.15,1.19833195209503
B,4351,213.199,1.19163811206818
B,4352,213.248,1.1785546541214
B,4353,213.297,1.28839075565338
B,4354,213.346,1.28460705280304
B,4355,213.395,1.37496423721313
B,4356,213.444,1.39967346191406
B,4357,213.493,1.32063698768616
B,4358,213.542,1.38084197044373
B,4359,213.591,1.46811497211456
B,4360,213.64,1.40789341926575
B,4361,213.689,1.39109408855438
B,4362,213.738,1.26434636116028
B,4363,213.787,1.41327953338623
B,4364,213.836,1.52608942985535
B,4365,213.885,1.3976024389267
B,4366,213.934,1.39785540103912
B,4367,213.983,1.35341465473175
B,4368,214.032,1.44537472724915
B,4369,214.081,1.27145409584045
B,4370,214.13,1.32540035247803
B,4371,214.179,1.25139772891998
B,4372,214.228,1.16670191287994
B,4373,214.277,1.1660315990448
B,4374,214.326,1.27326762676239
B,4375,214.375,1.19312644004822
B,4376,214.424,1.20686674118042
B,4377,214.473,1.29691648483276
B,4378,214.522,1.23724138736725
B,4379,214.571,1.2550083398819
B,4380,214.62,1.27374422550201
B,4381,214.669,1.19002282619476
B,4382,214.718,1.20556855201721
B,4383,214.767,1.06724274158478
B,4384,214.816,1.18238043785095
B,4385,214.865,1.2222808599472
B,4386,214.914,1.20483696460724
B,4387,214.963,1.14504313468933
B,4388,215.012,1.1649329662323
B,4389,215.061,1.11727821826935
B,4390,215.11,1.23481547832489
B,4391,215.159,1.19048285484314
B,4392,215.208,1.0959540605545
B,4393,215.257,1.06626427173615
B,4394,215.306,1.11491572856903
B,4395,215.355,1.02579307556152
B,4396,215.404,1.1814136505127
B,4397,215.453,1.20529532432556
B,4398,215.502,1.27808892726898
B,4399,215.551,1.22547662258148
B,4400,215.6,1.25425827503204
B,4401,215.649,1.39131009578705
B,4402,215.698,1.5038685798645
B,4403,215.747,1.38661730289459
B,4404,215.796,1.33981239795685
B,4405,215.845,1.48658657073975
B,4406,215.894,1.48786997795105
B,4407,215.943,1.42658019065857
B,4408,215.992,1.41592967510223
B,4409,216.041,1.43175482749939
B,4410,216.09,1.39433908462524
B,4411,216.139,1.41741836071014
B,4412,216.188,1.31662821769714
B,4413,216.237,1.39435863494873
B,4414,216.286,1.4236912727356
B,4415,216.335,1.36563885211945
B,4416,216.384,1.40273070335388
B,4417,216.433,1.48340725898743
B,4418,216.482,1.41678535938263
B,4419,216.531,1.34374248981476
B,4420,216.58,1.36659789085388
B,4421,216.629,1.36446416378021
B,4422,216.678,1.34563720226288
B,4423,216.727,1.34303033351898
B,4424,216.776,1.25877487659454
B,4425,216.825,1.39051818847656
B,4426,216.874,1.39301109313965
B,4427,216.923,1.34861540794373
B,4428,216.972,1.08006536960602
B,4429,217.021,1.19286596775055
B,4430,217.07,1.29410767555237
B,4431,217.119,1.2532867193222
B,4432,217.168,1.42814469337463
B,4433,217.217,1.28048312664032
B,4434,217.266,1.41165053844452
B,4435,217.315,1.52570700645447
B,4436,217.364,1.43332362174988
B,4437,217.413,1.5797266960144
B,4438,217.462,1.52613627910614
B,4439,217.511,1.64590859413147
B,4440,217.56,1.71977782249451
B,4441,217.609,1.58579695224762
B,4442,217.658,1.72762596607208
B,4443,217.707,1.49167966842651
B,4444,217.756,1.53801989555359
B,4445,217.805,1.45073556900024
B,4446,217.854,1.40240800380707
B,4447,217.903,1.39943289756775
B,4448,217.952,1.21979331970215
B,4449,218.001,1.33808481693268
B,4450,218.05,1.36772811412811
B,4451,218.099,1.33249282836914
B,4452,218.148,1.41176617145538
B,4453,218.197,1.38373279571533
B,4454,218.246,1.47417020797729
B,4455,218.295,1.27103877067566
B,4456,218.344,1.36957573890686
B,4457,218.393,1.26356792449951
B,4458,218.442,1.41404128074646
B,4459,218.491,1.45995306968689
B,4460,218.54,1.34317278862
B,4461,218.589,1.46724081039429
B,4462,218.638,1.27453899383545
B,4463,218.687,1.42632293701172
B,4464,218.736,1.47274136543274
B,4465,218.785,1.52063834667206
B,4466,218.834,1.218137383461
B,4467,218.883,1.31082117557526
B,4468,218.932,1.36265873908997
B,4469,218.981,1.37974154949188
B,4470,219.03,1.13131260871887
B,4471,219.079,1.21678507328033
B,4472,219.128,1.10451817512512
B,4473,219.177,1.10423803329468
B,4474,219.226,1.08575701713562
B,4475,219.275,1.26009571552277
B,4476,219.324,1.11232507228851
B,4477,219.373,1.15883028507233
B,4478,219.422,1.14497435092926
B,4479,219.471,1.06602835655212
B,4480,219.52,1.12107574939728
B,4481,219.569,1.21379470825195
B,4482,219.618,1.21910262107849
B,4483,219.667,1.20145881175995
B,4484,219.716,1.35071361064911
B,4485,219.765,1.20480155944824
B,4486,219.814,1.27516520023346
B,4487,219.863,1.19420158863068
B,4488,219.912,1.21180832386017
B,4489,219.961,1.29979193210602
B,4490,220.01,1.27497315406799
B,4491,220.059,1.21370887756348
B,4492,220.108,1.07674241065979
B,4493,220.157,1.10302066802979
B,4494,220.206,1.09375476837158
B,4495,220.255,1.11451804637909
B,4496,220.304,1.15640485286713
B,4497,220.353,1.19594395160675
B,4498,220.402,1.17345142364502
B,4499,220.451,1.09889650344849
B,4500,220.5,1.2306809425354
B,4501,220.549,1.35550665855408
B,4502,220.598,1.26894760131836
B,4503,220.647,1.35769033432007
B,4504,220.696,1.21421051025391
B,4505,220.745,1.27988946437836
B,4506,220.794,1.32705450057983
B,4507,220.843,1.30141854286194
B,4508,220.892,1.18652260303497
B,4509,220.941,1.192999958992
B,4510,220.99,1.24990010261536
B,4511,221.039,1.23425531387329
B,4512,221.088,1.19162654876709
B,4513,221.137,1.21527051925659
B,4514,221.186,1.16341853141785
B,4515,221.235,1.03159272670746
B,4516,221.284,1.21616446971893
B,4517,221.333,1.27652776241302
B,4518,221.382,1.33628749847412
B,4519,221.431,1.19228279590607
B,4520,221.48,1.12956297397614
B,4521,221.529,1.28364968299866
B,4522,221.578,1.2646062374115
B,4523,221.627,1.16167783737183
B,4524,221.676,1.2934695482254
B,4525,221.725,1.17264938354492
B,4526,221.774,1.27647411823273
B,4527,221.823,1.29902482032776
B,4528,221.872,1.2187557220459
B,4529,221.921,1.38999712467194
B,4530,221.97,1.2544424533844
B,4531,222.019,1.37264454364777
B,4532,222.068,1.40374743938446
B,4533,222.117,1.35294497013092
B,4534,222.166,1.27421748638153
B,4535,222.215,1.2702784538269
B,4536,222.264,1.38170051574707
B,4537,222.313,1.24919891357422
B,4538,222.362,1.27598607540131
B,4539,222.411,1.19006931781769
B,4540,222.46,1.13022029399872
B,4541,222.509,1.15203714370728
B,4542,222.558,1.15880441665649
B,4543,222.607,1.17467296123505
B,4544,222.656,1.2351781129837
B,4545,222.705,1.23297917842865
B,4546,222.754,1.16796505451202
B,4547,222.803,1.16822159290314
B,4548,222.852,1.09835290908813
B,4549,222.901,1.19816315174103
B,4550,222.95,1.26687824726105
B,4551,222.999,1.19110882282257
B,4552,223.048,1.1020895242691
B,4553,223.097,1.262002825737
B,4554,223.146,1.30965733528137
B,4555,223.195,1.21263265609741
B,4556,223.244,1.21486485004425
B,4557,223.293,1.3510274887085
B,4558,223.342,1.31588125228882
B,4559,223.391,1.21451807022095
B,4560,223.44,1.32175898551941
B,4561,223.489,1.46783852577209
B,4562,223.538,1.28836452960968
B,4563,223.587,1.40433466434479
B,4564,223.636,1.31445825099945
B,4565,223.685,1.17579638957977
B,4566,223.734,1.1933399438858
B,4567,223.783,1.38091647624969
B,4568,223.832,1.35981726646423
B,4569,223.881,1.28350043296814
B,4570,223.93,1.38314354419708
B,4571,223.979,1.3165727853775
B,4572,224.028,1.28190863132477
B,4573,224.077,1.2055412530899
B,4574,224.126,1.24775981903076
B,4575,224.175,1.2672107219696
B,4576,224.224,1.18094623088837
B,4577,224.273,1.2547070980072
B,4578,224.322,1.27391541004181
B,4579,224.371,1.10932528972626
B,4580,224.42,1.14364016056061
B,4581,224.469,1.05910933017731
B,4582,224.518,1.20786869525909
B,4583,224.567,1.20862531661987
B,4584,224.616,1.01950454711914
B,4585,224.665,1.04667925834656
B,4586,224.714,1.14232766628265
B,4587,224.763,1.24815392494202
B,4588,224.812,1.14625227451324
B,4589,224.861,1.10294055938721
B,4590,224.91,1.12801671028137
B,4591,224.959,0.904262542724609
B,4592,225.008,0.957988142967224
B,4593,225.057,0.91571831703186
B,4594,225.106,0.836584627628326
B,4595,225.155,0.913131058216095
B,4596,225.204,0.990534603595734
B,4597,225.253,1.12333738803864
B,4598,225.302,1.08621454238892
B,4599,225.351,1.15264546871185
B,4600,225.4,1.09993612766266
B,4601,225.449,1.17426431179047
B,4602,225.498,1.14168202877045
B,4603,225.547,1.2482578754425
B,4604,225.596,1.06481683254242
B,4605,225.645,1.06772637367249
B,4606,225.694,0.995066046714783
B,4607,225.743,1.14396059513092
B,4608,225.792,1.06947886943817
B,4609,225.841,1.06104302406311
B,4610,225.89,1.05967354774475
B,4611,225.939,1.16522562503815
B,4612,225.988,1.30359065532684
B,4613,226.037,1.1761382818222
B,4614,226.086,1.42527878284454
B,4615,226.135,1.40092945098877
B,4616,226.184,1.34902715682983
B,4617,226.233,1.11446213722229
B,4618,226.282,1.27420330047607
B,4619,226.331,1.30245852470398
B,4620,226.38,1.20952522754669
B,4621,226.429,1.24650907516479
B,4622,226.478,1.12426745891571
B,4623,226.527,1.21520256996155
B,4624,226.576,1.39440155029297
B,4625,226.625,1.18866527080536
B,4626,226.674,1.23802947998047
B,4627,226.723,1.1416562795639
B,4628,226.772,1.27629148960114
B,4629,226.821,1.26742100715637
B,4630,226.87,1.33839213848114
B,4631,226.919,1.52167117595673
B,4632,226.968,1.54448211193085
B,4633,227.017,1.38937330245972
B,4634,227.066,1.52728843688965
B,4635,227.115,1.55226361751556
B,4636,227.164,1.49052917957306
B,4637,227.213,1.44180965423584
B,4638,227.262,1.57965207099915
B,4639,227.311,1.53901374340057
B,4640,227.36,1.49929332733154
B,4641,227.409,1.44521260261536
B,4642,227.458,1.42740333080292
B,4643,227.507,1.29278540611267
B,4644,227.556,1.28878331184387
B,4645,227.605,1.32170855998993
B,4646,227.654,1.29320788383484
B,4647,227.703,1.56628096103668
B,4648,227.752,1.42520785331726
B,4649,227.801,1.44892466068268
B,4650,227.85,1.56652688980103
B,4651,227.899,1.61443197727203
B,4652,227.948,1.60618722438812
B,4653,227.997,1.61855912208557
B,4654,228.046,1.46940743923187
B,4655,228.095,1.63598453998566
B,4656,228.144,1.63077211380005
B,4657,228.193,1.5304936170578
B,4658,228.242,1.50066125392914
B,4659,228.291,1.53147375583649
B,4660,228.34,1.54323756694794
B,4661,228.389,1.56609606742859
B,4662,228.438,1.46754825115204
B,4663,228.487,1.53704535961151
B,4664,228.536,1.40297365188599
B,4665,228.585,1.57999408245087
B,4666,228.634,1.60415303707123
B,4667,228.683,1.5395827293396
B,4668,228.732,1.52238178253174
B,4669,228.781,1.40890789031982
B,4670,228.83,1.45179283618927
B,4671,228.879,1.59003841876984
B,4672,228.928,1.57777321338654
B,4673,228.977,1.49273633956909
B,4674,229.026,1.46035718917847
B,4675,229.075,1.53907811641693
B,4676,229.124,1.55756282806396
B,4677,229.173,1.62538528442383
B,4678,229.222,1.51775002479553
B,4679,229.271,1.5275661945343
B,4680,229.32,1.50624942779541
B,4681,229.369,1.32358038425446
B,4682,229.418,1.29133379459381
B,4683,229.467,1.21785604953766
B,4684,229.516,1.28513824939728
B,4685,229.565,1.10481941699982
B,4686,229.614,1.22478246688843
B,4687,229.663,1.2968430519104
B,4688,229.712,1.18817400932312
B,4689,229.761,1.33240568637848
B,4690,229.81,1.43197894096375
B,4691,229.859,1.33449375629425
B,4692,229.908,1.29846286773682
B,4693,229.957,1.29483020305634
B,4694,230.006,1.35917866230011
B,4695,230.055,1.32061421871185
B,4696,230.104,1.37124407291412
B,4697,230.153,1.46899616718292
B,4698,230.202,1.29422271251678
B,4699,230.251,1.44267594814301
B,4700,230.3,1.36975121498108
B,4701,230.349,1.37449705600739
B,4702,230.398,1.59449768066406
B,4703,230.447,1.5753607749939
B,4704,230.496,1.53963434696198
B,4705,230.545,1.41639375686646
B,4706,230.594,1.37373900413513
B,4707,230.643,1.28103530406952
B,4708,230.692,1.29499125480652
B,4709,230.741,1.38084483146667
B,4710,230.79,1.34051764011383
B,4711,230.839,1.36588287353516
B,4712,230.888,1.32170736789703
B,4713,230.937,1.17678344249725
B,4714,230.986,1.31684017181396
B,4715,231.035,1.31366717815399
B,4716,231.084,1.39807939529419
B,4717,231.133,1.21247136592865
B,4718,231.182,1.16922414302826
B,4719,231.231,0.956001222133636
B,4720,231.28,0.962058782577515
B,4721,231.329,1.10947632789612
B,4722,231.378,0.987026572227478
B,4723,231.427,0.973975598812103
B,4724,231.476,0.992406904697418
B,4725,231.525,1.05445623397827
B,4726,231.574,1.06787467002869
B,4727,231.623,1.1970374584198
B,4728,231.672,1.2131621837616
B,4729,231.721,1.24669253826141
B,4730,231.77,1.23184454441071
B,4731,231.819,1.15626358985901
B,4732,231.868,1.15912806987762
B,4733,231.917,1.12259566783905
B,4734,231.966,1.19877099990845
B,4735,232.015,1.45485353469849
B,4736,232.064,1.32711923122406
B,4737,232.113,1.32569599151611
B,4738,232.162,1.22426784038544
B,4739,232.211,1.26322627067566
B,4740,232.26,1.27073609828949
B,4741,232.309,1.11211454868317
B,4742,232.358,1.12136363983154
B,4743,232.407,1.23476195335388
B,4744,232.456,1.20114493370056
B,4745,232.505,1.2502920627594
B,4746,232.554,1.13875424861908
B,4747,232.603,1.26809108257294
B,4748,232.652,1.43657577037811
B,4749,232.701,1.3256858587265
B,4750,232.75,1.30733144283295
B,4751,232.799,1.30305063724518
B,4752,232.848,1.35802972316742
B,4753,232.897,1.37665224075317
B,4754,232.946,1.28528547286987
B,4755,232.995,1.13568079471588
B,4756,233.044,1.17402827739716
B,4757,233.093,1.35408961772919
B,4758,233.142,1.14958536624908
B,4759,233.191,1.18044137954712
B,4760,233.24,1.10316133499146
B,4761,233.289,1.21821177005768
B,4762,233.338,1.26262581348419
B,4763,233.387,1.23113715648651
B,4764,233.436,1.23314487934113
B,4765,233.485,1.10780215263367
B,4766,233.534,1.47922563552856
B,4767,233.583,1.20924592018127
B,4768,233.632,1.171750664711
B,4769,233.681,1.21071779727936
B,4770,233.73,1.1690765619278
B,4771,233.779,1.14625000953674
B,4772,233.828,1.15225672721863
B,4773,233.877,1.4276647567749
B,4774,233.926,1.31980276107788
B,4775,233.975,1.28417992591858
B,4776,234.024,1.23912942409515
B,4777,234.073,1.16341018676758
B,4778,234.122,1.16846573352814
B,4779,234.171,1.08289122581482
B,4780,234.22,1.33788669109344
B,4781,234.269,1.2521231174469
B,4782,234.318,1.31084978580475
B,4783,234.367,1.18031203746796
B,4784,234.416,1.21084749698639
B,4785,234.465,1.2027063369751
B,4786,234.514,1.26710987091064
B,4787,234.563,1.30896902084351
B,4788,234.612,1.36619794368744
B,4789,234.661,1.29236817359924
B,4790,234.71,1.4169750213623
B,4791,234.759,1.31855499744415
B,4792,234.808,1.24246406555176
B,4793,234.857,1.31640481948853
B,4794,234.906,1.16831529140472
B,4795,234.955,1.18839454650879
B,4796,235.004,1.34365916252136
B,4797,235.053,1.226114153862
B,4798,235.102,1.27351880073547
B,4799,235.151,1.24549984931946
B,4800,235.2,1.17132759094238
B,4801,235.249,1.26153409481049
B,4802,235.298,1.21415901184082
B,4803,235.347,1.0160186290741
B,4804,235.396,1.16186845302582
B,4805,235.445,1.18783724308014
B,4806,235.494,1.10672616958618
B,4807,235.543,1.12554967403412
B,4808,235.592,1.10244452953339
B,4809,235.641,1.24361169338226
B,4810,235.69,1.23392486572266
B,4811,235.739,1.17427551746368
B,4812,235.788,1.16327321529388
B,4813,235.837,1.13493084907532
B,4814,235.886,1.27919209003448
B,4815,235.935,1.2634162902832
B,4816,235.984,1.15904986858368
B,4817,236.033,1.38437104225159
B,4818,236.082,1.41790199279785
B,4819,236.131,1.22245240211487
B,4820,236.18,1.27803707122803
B,4821,236.229,1.37275981903076
B,4822,236.278,1.21678149700165
B,4823,236.327,1.34586894512177
B,4824,236.376,1.12916827201843
B,4825,236.425,1.11197948455811
B,4826,236.474,1.20887351036072
B,4827,236.523,1.31523609161377
B,4828,236.572,1.40584540367126
B,4829,236.621,1.34231674671173
B,4830,236.67,1.39117383956909
B,4831,236.719,1.47622907161713
B,4832,236.768,1.45884454250336
B,4833,236.817,1.41299724578857
B,4834,236.866,1.34114468097687
B,4835,236.915,1.37447226047516
B,4836,236.964,1.2670304775238
B,4837,237.013,1.30918169021606
B,4838,237.062,1.35862588882446
B,4839,237.111,1.3262003660202
B,4840,237.16,1.28025889396667
B,4841,237.209,1.35643899440765
B,4842,237.258,1.43359768390656
B,4843,237.307,1.44859790802002
B,4844,237.356,1.326003074646
B,4845,237.405,1.46997630596161
B,4846,237.454,1.40693533420563
B,4847,237.503,1.33781278133392
B,4848,237.552,1.29800546169281
B,4849,237.601,1.2974716424942
B,4850,237.65,1.2972195148468
B,4851,237.699,1.30051934719086
B,4852,237.748,1.2030907869339
B,4853,237.797,1.35431027412415
B,4854,237.846,1.30656385421753
B,4855,237.895,1.40148055553436
B,4856,237.944,1.38489806652069
B,4857,237.993,1.49458599090576
B,4858,238.042,1.37998747825623
B,4859,238.091,1.39555859565735
B,4860,238.14,1.26065254211426
B,4861,238.189,1.38899397850037
B,4862,238.238,1.27084791660309
B,4863,238.287,1.33425199985504
B,4864,238.336,1.40841329097748
B,4865,238.385,1.42118740081787
B,4866,238.434,1.31640315055847
B,4867,238.483,1.27189755439758
B,4868,238.532,1.29660534858704
B,4869,238.581,1.39139342308044
B,4870,238.63,1.47342503070831
B,4871,238.679,1.41828608512878
B,4872,238.728,1.36086761951447
B,4873,238.777,1.47220182418823
B,4874,238.826,1.46946597099304
B,4875,238.875,1.48831856250763
B,4876,238.924,1.34598171710968
B,4877,238.973,1.35067236423492
B,4878,239.022,1.43233633041382
B,4879,239.071,1.36199426651001
B,4880,239.12,1.30841040611267
B,4881,239.169,1.39732098579407
B,4882,239.218,1.66225361824036
B,4883,239.267,1.5777930021286
B,4884,239.316,1.54423129558563
B,4885,239.365,1.63909554481506
B,4886,239.414,1.62420094013214
B,4887,239.463,1.72967493534088
B,4888,239.512,1.5606392621994
B,4889,239.561,1.52603566646576
B,4890,239.61,1.48859202861786
B,4891,239.659,1.63963854312897
B,4892,239.708,1.56960213184357
B,4893,239.757,1.47736346721649
B,4894,239.806,1.54013228416443
B,4895,239.855,1.4315242767334
B,4896,239.904,1.46602785587311
B,4897,239.953,1.44661056995392
B,4898,240.002,1.32478737831116
B,4899,240.051,1.43569302558899
B,4900,240.1,1.2246778011322
B,4901,240.149,1.38137209415436
B,4902,240.198,1.17810440063477
B,4903,240.247,1.20932769775391
B,4904,240.296,1.31466448307037
B,4905,240.345,1.26828742027283
B,4906,240.394,1.30819070339203
B,4907,240.443,1.45226180553436
B,4908,240.492,1.53279376029968
B,4909,240.541,1.51640439033508
B,4910,240.59,1.51631116867065
B,4911,240.639,1.64339542388916
B,4912,240.688,1.557741522789
B,4913,240.737,1.55867254734039
B,4914,240.786,1.35354542732239
B,4915,240.835,1.38401067256927
B,4916,240.884,1.35860085487366
B,4917,240.933,1.40884864330292
B,4918,240.982,1.46998751163483
B,4919,241.031,1.47339522838593
B,4920,241.08,1.40372443199158
B,4921,241.129,1.35036778450012
B,4922,241.178,1.31283509731293
B,4923,241.227,1.31021046638489
B,4924,241.276,1.20501589775085
B,4925,241.325,1.1987487077713
B,4926,241.374,1.20594191551208
B,4927,241.423,1.40821933746338
B,4928,241.472,1.32145953178406
B,4929,241.521,1.33412086963654
B,4930,241.57,1.20026767253876
B,4931,241.619,1.28577244281769
B,4932,241.668,1.37297713756561
B,4933,241.717,1.36490702629089
B,4934,241.766,1.43388867378235
B,4935,241.815,1.38950109481812
B,4936,241.864,1.4331431388855
B,4937,241.913,1.48337543010712
B,4938,241.962,1.44882464408875
B,4939,242.011,1.63527166843414
B,4940,242.06,1.59483122825623
B,4941,242.109,1.68655180931091
B,4942,242.158,1.56537783145905
B,4943,242.207,1.71071398258209
B,4944,242.256,1.75794529914856
B,4945,242.305,1.70791709423065
B,4946,242.354,1.61519527435303
B,4947,242.403,1.54768240451813
B,4948,242.452,1.53300285339355
B,4949,242.501,1.58151090145111
B,4950,242.55,1.47444570064545
B,4951,242.599,1.73060810565948
B,4952,242.648,1.57441294193268
B,4953,242.697,1.44453144073486
B,4954,242.746,1.47747886180878
B,4955,242.795,1.46227049827576
B,4956,242.844,1.41442942619324
B,4957,242.893,1.38273739814758
B,4958,242.942,1.26625597476959
B,4959,242.991,1.39216291904449
B,4960,243.04,1.23817372322083
B,4961,243.089,1.32947683334351
B,4962,243.138,1.2557452917099
B,4963,243.187,1.30155515670776
B,4964,243.236,1.21348428726196
B,4965,243.285,1.31466722488403
B,4966,243.334,1.0322881937027
B,4967,243.383,1.12139678001404
B,4968,243.432,1.2061927318573
B,4969,243.481,1.18372547626495
B,4970,243.53,1.23930907249451
B,4971,243.579,1.22135770320892
B,4972,243.628,1.1597489118576
B,4973,243.677,1.22205471992493
B,4974,243.726,1.21125566959381
B,4975,243.775,1.28513324260712
B,4976,243.824,1.24195647239685
B,4977,243.873,1.20297193527222
B,4978,243.922,1.17144429683685
B,4979,243.971,1.23478865623474
B,4980,244.02,1.10965037345886
B,4981,244.069,1.23042035102844
B,4982,244.118,1.21919536590576
B,4983,244.167,1.16929697990417
B,4984,244.216,1.34092581272125
B,4985,244.265,1.28991496562958
B,4986,244.314,1.20815408229828
B,4987,244.363,1.32349956035614
B,4988,244.412,1.13813889026642
B,4989,244.461,1.4263436794281
B,4990,244.51,1.35534703731537
B,4991,244.559,1.1894383430481
B,4992,244.608,1.21280455589294
B,4993,244.657,1.20010673999786
B,4994,244.706,1.27506816387177
