Frame,Time,RMSD
0,0,0
1,0.049,0.518095880746842
2,0.098,0.638185292482376
3,0.147,0.606165498495102
4,0.196,0.625464469194412
5,0.245,0.620326459407806
6,0.294,0.632510244846344
7,0.343,0.644049137830734
8,0.392,0.66516962647438
9,0.441,0.679390072822571
10,0.49,0.682083666324615
11,0.539,0.675987273454666
12,0.588,0.659086793661118
13,0.637,0.657249718904495
14,0.686,0.686024010181427
15,0.735,0.701004326343537
16,0.784,0.747611433267594
17,0.833,0.792860269546509
18,0.882,0.736340045928955
19,0.931,0.741640686988831
20,0.98,0.780986398458481
21,1.029,0.734779000282287
22,1.078,0.692968130111695
23,1.127,0.667173385620117
24,1.176,0.790108233690262
25,1.225,0.726084768772125
26,1.274,0.77175897359848
27,1.323,0.763519763946533
28,1.372,0.860069781541825
29,1.421,0.883217424154282
30,1.47,0.851397514343262
31,1.519,0.8816277384758
32,1.568,0.975552409887314
33,1.617,0.948092997074126
34,1.666,0.771819561719895
35,1.715,0.770733922719955
36,1.764,0.701323658227921
37,1.813,0.760537505149842
38,1.862,0.708896994590759
39,1.911,0.738083392381668
40,1.96,0.735282480716705
41,2.009,0.845414072275162
42,2.058,0.861985802650451
43,2.107,0.998963952064512
44,2.156,0.90119206905365
45,2.205,0.891794145107269
46,2.254,0.809329479932785
47,2.303,0.71290135383606
48,2.352,0.755305916070938
49,2.401,0.820103168487548
50,2.45,0.838450312614441
51,2.499,0.874086290597915
52,2.548,0.772482931613922
53,2.597,0.749787956476212
54,2.646,0.731285959482193
55,2.695,0.685243517160416
56,2.744,0.799948334693908
57,2.793,0.720497876405716
58,2.842,0.790402621030807
59,2.891,0.825906157493591
60,2.94,0.810560822486877
61,2.989,0.84099605679512
62,3.038,0.936830073595047
63,3.087,0.825830340385437
64,3.136,0.745300352573395
65,3.185,0.829136729240417
66,3.234,0.835939973592758
67,3.283,0.827715396881104
68,3.332,0.900600582361222
69,3.381,0.834656864404679
70,3.43,0.86742040514946
71,3.479,0.855109721422195
72,3.528,0.800557911396027
73,3.577,0.882042914628983
74,3.626,0.909394711256027
75,3.675,0.895681887865067
76,3.724,0.843804240226745
77,3.773,0.871319055557251
78,3.822,0.766366571187973
79,3.871,0.798657894134521
80,3.92,0.86364734172821
81,3.969,1.04424923658371
82,4.018,0.919387817382812
83,4.067,0.772162288427353
84,4.116,0.949828207492828
85,4.165,0.943251341581346
86,4.214,0.858628422021866
87,4.263,0.875734090805053
88,4.312,0.823566406965256
89,4.361,0.799655169248581
90,4.41,0.788263976573944
91,4.459,0.831488579511642
92,4.508,0.863123416900635
93,4.557,0.880448967218399
94,4.606,0.828131407499314
95,4.655,0.891768246889112
96,4.704,0.819986581802368
97,4.753,0.863758474588394
98,4.802,0.774446845054626
99,4.851,0.871830403804779
100,4.9,0.753332763910294
101,4.949,0.718063175678253
102,4.998,0.735336124897003
103,5.047,0.739484518766403
104,5.096,0.700872153043747
105,5.145,0.849072098731995
106,5.194,0.813160598278045
107,5.243,0.788467705249786
108,5.292,0.782558917999268
109,5.341,0.800415545701981
110,5.39,0.829152375459671
111,5.439,0.787320792675019
112,5.488,0.847284734249115
113,5.537,0.797123670578003
114,5.586,0.836100250482559
115,5.635,0.805617898702621
116,5.684,0.815405815839767
117,5.733,0.792482912540436
118,5.782,0.836983501911163
119,5.831,0.884721904993057
120,5.88,0.77219694852829
121,5.929,0.771345317363739
122,5.978,0.754034072160721
123,6.027,0.846803784370422
124,6.076,0.867162615060806
125,6.125,0.795356929302216
126,6.174,0.907138615846633
127,6.223,0.893128901720047
128,6.272,0.838679373264313
129,6.321,0.963353186845779
130,6.37,0.980537980794907
131,6.419,0.834654450416564
132,6.468,0.809200912714005
133,6.517,0.752373307943344
134,6.566,0.809934884309768
135,6.615,0.743552595376968
136,6.664,0.868168383836746
137,6.713,0.746527493000031
138,6.762,0.832548409700393
139,6.811,0.832665085792542
140,6.86,0.835207045078277
141,6.909,0.776695966720581
142,6.958,0.73983547091484
143,7.007,0.772924393415451
144,7.056,0.708726495504379
145,7.105,0.690363883972168
146,7.154,0.663187682628631
147,7.203,0.749410390853882
148,7.252,0.726177096366883
149,7.301,0.720292389392853
150,7.35,0.704789668321609
151,7.399,0.836947858333588
152,7.448,0.765249401330948
153,7.497,0.85803470015526
154,7.546,0.700648248195648
155,7.595,0.77983546257019
156,7.644,0.851936340332031
157,7.693,0.820185929536819
158,7.742,0.935367971658706
159,7.791,0.763220161199569
160,7.84,0.806184560060501
161,7.889,0.846969872713089
162,7.938,0.858483612537384
163,7.987,0.864496380090714
164,8.036,0.892921715974808
165,8.085,0.917299002408982
166,8.134,0.950627088546755
167,8.183,0.864979445934296
168,8.232,0.934254795312881
169,8.281,0.871415615081787
170,8.33,0.865354508161545
171,8.379,0.804831892251968
172,8.428,0.850345015525818
173,8.477,0.837542563676834
174,8.526,0.825462937355042
175,8.575,0.799243479967117
176,8.624,0.717470020055771
177,8.673,0.791070073843003
178,8.722,0.743056386709213
179,8.771,0.752260327339173
180,8.82,0.640043824911118
181,8.869,0.769443184137344
182,8.918,0.789231181144715
183,8.967,0.80011534690857
184,9.016,0.790511131286621
185,9.065,0.705698788166046
186,9.114,0.845439851284027
187,9.163,0.820777207612992
188,9.212,0.791210681200027
189,9.261,0.727125138044358
190,9.31,0.727596640586853
191,9.359,0.860541731119157
192,9.408,0.912286520004274
193,9.457,1.01975068449974
194,9.506,0.981277525424956
195,9.555,0.902502596378325
196,9.604,0.825185626745226
197,9.653,0.885452508926391
198,9.702,0.798318594694138
199,9.751,0.78713458776474
200,9.8,0.825713366270066
201,9.849,0.843933045864105
202,9.898,0.789118409156799
203,9.947,0.986952066421511
204,9.996,0.84735119342804
205,10.045,0.873005598783493
206,10.094,0.83912593126297
207,10.143,0.920766979455949
208,10.192,0.844924420118332
209,10.241,0.845368355512618
210,10.29,0.810465812683105
211,10.339,0.916315793991086
212,10.388,0.892512410879135
213,10.437,0.91149726510048
214,10.486,0.927655369043351
215,10.535,0.931341916322706
216,10.584,0.909587025642395
217,10.633,0.901714295148849
218,10.682,0.900712072849274
219,10.731,0.892715603113174
220,10.78,0.898503512144089
221,10.829,0.827216416597366
222,10.878,0.823004841804505
223,10.927,0.836976945400238
224,10.976,0.77428612112999
225,11.025,0.668269455432892
226,11.074,0.802641719579697
227,11.123,0.755816340446472
228,11.172,0.840416610240937
229,11.221,0.69263407588005
230,11.27,0.752022445201874
231,11.319,0.825286537408829
232,11.368,0.70095831155777
233,11.417,0.741686403751374
234,11.466,0.756921201944351
235,11.515,0.700888097286225
236,11.564,0.74632316827774
237,11.613,0.702255129814148
238,11.662,0.673774629831314
239,11.711,0.70563080906868
240,11.76,0.721254676580429
241,11.809,0.679573535919189
242,11.858,0.704720437526703
243,11.907,0.75350770354271
244,11.956,0.822232872247696
245,12.005,0.731679439544678
246,12.054,0.674970269203186
247,12.103,0.774913370609283
248,12.152,0.818982899188996
249,12.201,0.720592528581619
250,12.25,0.746199518442154
251,12.299,0.742601782083511
252,12.348,0.800601422786713
253,12.397,0.695058643817902
254,12.446,0.708587020635605
255,12.495,0.739511460065842
256,12.544,0.70071679353714
257,12.593,0.721433252096176
258,12.642,0.799131780862808
259,12.691,0.757630974054337
260,12.74,0.71019795536995
261,12.789,0.76178389787674
262,12.838,0.781069040298462
263,12.887,0.882357180118561
264,12.936,0.770453244447708
265,12.985,0.832060158252716
266,13.034,0.781168133020401
267,13.083,0.763624787330627
268,13.132,0.662954092025757
269,13.181,0.690247923135757
270,13.23,0.775847017765045
271,13.279,0.703319430351258
272,13.328,0.666284233331681
273,13.377,0.733001947402954
274,13.426,0.741183757781983
275,13.475,0.665455430746078
276,13.524,0.611894398927688
277,13.573,0.752256363630295
278,13.622,0.742606431245804
279,13.671,0.734567284584045
280,13.72,0.687890440225601
281,13.769,0.738509565591812
282,13.818,0.829603284597397
283,13.867,0.787673473358154
284,13.916,0.847275644540787
285,13.965,0.765175253152847
286,14.014,0.763906955718994
287,14.063,0.645605593919754
288,14.112,0.66269525885582
289,14.161,0.720354050397873
290,14.21,0.689001768827438
291,14.259,0.759445637464523
292,14.308,0.738748729228973
293,14.357,0.761008143424988
294,14.406,0.663241267204284
295,14.455,0.730422228574752
296,14.504,0.69730469584465
297,14.553,0.731341421604156
298,14.602,0.722865402698517
299,14.651,0.74322247505188
300,14.7,0.732673108577728
301,14.749,0.686514973640442
302,14.798,0.698282301425934
303,14.847,0.717801660299301
304,14.896,0.753789991140365
305,14.945,0.762652575969696
306,14.994,0.804410099983216
307,15.043,0.792879462242126
308,15.092,0.76480820775032
309,15.141,0.784351438283921
310,15.19,0.752322047948837
311,15.239,0.722633987665177
312,15.288,0.754536211490631
313,15.337,0.729527115821839
314,15.386,0.799610167741776
315,15.435,0.73005735874176
316,15.484,0.864727199077607
317,15.533,0.785935938358307
318,15.582,0.895290255546569
319,15.631,0.877056866884232
320,15.68,0.905331254005433
321,15.729,0.91898387670517
322,15.778,0.847194045782089
323,15.827,0.816278338432312
324,15.876,0.779358237981796
325,15.925,0.780003279447556
326,15.974,0.800058782100677
327,16.023,0.770226925611496
328,16.072,0.895266354084014
329,16.121,0.843200862407685
330,16.17,0.751709163188935
331,16.219,0.715991944074631
332,16.268,0.67697337269783
333,16.317,0.786787182092667
334,16.366,0.750148564577103
335,16.415,0.692144572734833
336,16.464,0.685393989086151
337,16.513,0.71516364812851
338,16.562,0.811592191457748
339,16.611,0.722599446773529
340,16.66,0.735878080129624
341,16.709,0.801133424043656
342,16.758,0.657810240983963
343,16.807,0.648496896028518
344,16.856,0.710857272148132
345,16.905,0.694119334220886
346,16.954,0.875991463661194
347,17.003,0.819354861974716
348,17.052,0.880954355001449
349,17.101,0.836394608020782
350,17.15,0.886002898216248
351,17.199,0.957695633172989
352,17.248,0.843652188777924
353,17.297,0.928847998380663
354,17.346,0.854244023561478
355,17.395,0.953905344009401
356,17.444,1.05432295799256
357,17.493,0.982764542102812
358,17.542,0.983800470829009
359,17.591,1.13667967915535
360,17.64,1.05996629595757
361,17.689,1.192547082901
362,17.738,1.039893835783
363,17.787,0.9549300968647
364,17.836,0.976276248693464
365,17.885,0.948807209730149
366,17.934,0.904028207063676
367,17.983,0.856062829494477
368,18.032,0.886852115392683
369,18.081,0.915056109428405
370,18.13,1.05125078558922
371,18.179,1.04305094480515
372,18.228,1.04929649829864
373,18.277,1.06888860464096
374,18.326,0.975921630859377
375,18.375,0.895120680332185
376,18.424,0.944887220859529
377,18.473,0.94775003194809
378,18.522,1.0807438492775
379,18.571,1.11285603046417
380,18.62,1.02476179599762
381,18.669,0.991407752037047
382,18.718,0.998152405023577
383,18.767,0.975055307149886
384,18.816,1.16429781913757
385,18.865,1.14282965660095
386,18.914,1.07558637857437
387,18.963,0.952167332172395
388,19.012,0.959299236536027
389,19.061,1.01265940070153
390,19.11,1.02442207932472
391,19.159,0.951370209455489
392,19.208,1.04597273468971
393,19.257,1.06433752179146
394,19.306,1.01192218065262
395,19.355,1.08415412902832
396,19.404,1.06288796663284
397,19.453,1.14694738388062
398,19.502,1.05198627710342
399,19.551,1.03599837422371
400,19.6,1.12776756286621
401,19.649,1.00085297226906
402,19.698,1.02554106712341
403,19.747,0.900985777378083
404,19.796,0.834075748920439
405,19.845,0.965236693620683
406,19.894,0.938873857259752
407,19.943,0.925882905721666
408,19.992,0.92628774046898
409,20.041,0.889803290367128
410,20.09,0.819755673408509
411,20.139,0.85071313381195
412,20.188,0.822589665651321
413,20.237,0.765299081802369
414,20.286,0.834363788366316
415,20.335,0.969605505466463
416,20.384,0.984404861927032
417,20.433,0.91183143854141
418,20.482,0.87828868627548
419,20.531,0.786216914653776
420,20.58,0.90570619702339
421,20.629,0.831984370946884
422,20.678,0.820301175117492
423,20.727,0.828727245330811
424,20.776,0.709907948970795
425,20.825,0.753114104270935
426,20.874,0.754677146673203
427,20.923,0.760338068008423
428,20.972,0.774782478809357
429,21.021,0.775626927614212
430,21.07,0.854458153247835
431,21.119,0.75805088877678
432,21.168,0.874975860118866
433,21.217,0.836934506893158
434,21.266,0.852285146713259
435,21.315,0.795957148075104
436,21.364,0.828392446041105
437,21.413,0.86240291595459
438,21.462,0.873714417219162
439,21.511,0.956855386495592
440,21.56,0.871153503656387
441,21.609,0.843955278396606
442,21.658,0.811002731323242
443,21.707,0.768498510122299
444,21.756,0.772068649530411
445,21.805,0.764927744865417
446,21.854,0.789836376905441
447,21.903,0.838499307632447
448,21.952,0.828748762607574
449,22.001,0.87015625834465
450,22.05,0.781611025333405
451,22.099,0.950660139322281
452,22.148,0.973637521266937
453,22.197,0.895487487316132
454,22.246,0.802246749401093
455,22.295,0.794043034315109
456,22.344,0.71277403831482
457,22.393,0.824261993169785
458,22.442,0.897222101688385
459,22.491,0.831557840108871
460,22.54,0.79410383105278
461,22.589,0.75537371635437
462,22.638,0.870622038841248
463,22.687,0.962029695510864
464,22.736,0.771264165639877
465,22.785,0.77053290605545
466,22.834,0.726747483015061
467,22.883,0.710174798965455
468,22.932,0.794092625379562
469,22.981,0.767316818237304
470,23.03,0.874480962753295
471,23.079,0.925718188285829
472,23.128,0.92839375138283
473,23.177,0.939739406108854
474,23.226,0.914224147796632
475,23.275,0.929812431335451
476,23.324,0.901420086622238
477,23.373,0.922782808542253
478,23.422,0.962078124284742
479,23.471,0.941705107688904
480,23.52,0.865114778280261
481,23.569,0.917377024888993
482,23.618,0.958929121494291
483,23.667,0.876893669366838
484,23.716,0.848545551300047
485,23.765,0.908417403697969
486,23.814,0.864610999822617
487,23.863,0.918114393949509
488,23.912,0.993979007005689
489,23.961,0.996102064847947
490,24.01,1.04116201400757
491,24.059,0.977294266223905
492,24.108,0.973110288381577
493,24.157,0.890915125608446
494,24.206,0.865270763635634
495,24.255,0.95873734354973
496,24.304,1.05418464541435
497,24.353,0.995077311992643
498,24.402,0.999512135982514
499,24.451,0.974073261022568
500,24.5,0.877722263336183
501,24.549,1.04543852806091
502,24.598,0.954664766788481
503,24.647,1.13292586803436
504,24.696,0.986087113618852
505,24.745,1.02873069047928
506,24.794,1.12496861815452
507,24.843,1.17878502607345
508,24.892,0.996998876333237
509,24.941,0.953332722187044
510,24.99,0.942470639944076
511,25.039,0.989589303731917
512,25.088,1.01777374744415
513,25.137,0.948771744966509
514,25.186,0.98944666981697
515,25.235,0.977658629417421
516,25.284,0.941690981388091
517,25.333,1.01040706038475
518,25.382,0.981380403041838
519,25.431,0.933216363191606
520,25.48,0.87718340754509
521,25.529,0.972485810518266
522,25.578,0.920582264661789
523,25.627,1.00577357411384
524,25.676,1.01359677314758
525,25.725,1.04518428444862
526,25.774,1.07656309008598
527,25.823,0.990621000528334
528,25.872,0.981302529573438
529,25.921,0.999074906110765
530,25.97,0.999182790517805
531,26.019,0.930072456598283
532,26.068,0.964270144701001
533,26.117,0.972792893648148
534,26.166,1.00931999087333
535,26.215,0.988078922033311
536,26.264,1.08409854769707
537,26.313,1.00398218631744
538,26.362,1.0157997906208
539,26.411,0.98384764790535
540,26.46,1.06133064627647
541,26.509,1.13905748724937
542,26.558,1.08008906245232
543,26.607,0.987677514553068
544,26.656,0.914693117141721
545,26.705,0.990019232034685
546,26.754,1.04371199011803
547,26.803,1.02819898724556
548,26.852,1.0487514436245
549,26.901,0.87641552090645
550,26.95,0.940733551979064
551,26.999,0.933570295572278
552,27.048,0.917000323534011
553,27.097,0.975996345281599
554,27.146,0.880474179983137
555,27.195,0.899748891592027
556,27.244,0.93996313214302
557,27.293,0.922092318534849
558,27.342,0.982812762260436
559,27.391,0.919517517089845
560,27.44,0.974399983882905
561,27.489,0.885473966598511
562,27.538,0.977940887212754
563,27.587,0.874562889337539
564,27.636,0.929400414228439
565,27.685,0.94531062245369
566,27.734,0.820096284151079
567,27.783,1.00212967395783
568,27.832,0.903398483991623
569,27.881,0.785023152828217
570,27.93,0.860288202762604
571,27.979,0.904495298862456
572,28.028,0.860626637935641
573,28.077,0.902006804943087
574,28.126,0.877446413040162
575,28.175,0.90064796805382
576,28.224,0.991556137800219
577,28.273,1.00846955180168
578,28.322,1.05002489686012
579,28.371,0.927420496940615
580,28.42,0.981533855199815
581,28.469,0.935195505619047
582,28.518,0.934395790100096
583,28.567,0.954696476459503
584,28.616,0.854724794626236
585,28.665,0.833684653043748
586,28.714,0.912532210350035
587,28.763,0.8815937936306
588,28.812,1.02509328722954
589,28.861,1.05919635295868
590,28.91,0.96449851989746
591,28.959,0.88906130194664
592,29.008,0.99156868457794
593,29.057,0.915801852941512
594,29.106,0.866088390350342
595,29.155,0.971340894699098
596,29.204,1.00434803962707
597,29.253,0.947344183921813
598,29.302,0.931784361600874
599,29.351,0.970943897962572
600,29.4,1.05535233020782
601,29.449,0.988520294427874
602,29.498,0.985102236270907
603,29.547,0.915809988975522
604,29.596,1.0079450905323
605,29.645,0.961322605609893
606,29.694,0.920841574668883
607,29.743,0.881200492382052
608,29.792,0.976542323827744
609,29.841,0.948323369026183
610,29.89,0.940626531839371
611,29.939,1.00966250896454
612,29.988,0.955260932445528
613,30.037,0.925234854221342
614,30.086,0.910056680440903
615,30.135,0.997856914997101
616,30.184,0.911489248275758
617,30.233,0.966322541236877
618,30.282,1.01694199442864
619,30.331,0.960699051618575
620,30.38,0.906023234128954
621,30.429,0.942432552576064
622,30.478,0.934463143348695
623,30.527,0.875803917646407
624,30.576,0.800172984600067
625,30.625,0.95417708158493
626,30.674,0.911460310220718
627,30.723,0.917365401983263
628,30.772,0.847264319658279
629,30.821,0.876519709825514
630,30.87,0.929673165082933
631,30.919,0.884215563535692
632,30.968,0.938811987638473
633,31.017,0.963501602411269
634,31.066,1.02822542190552
635,31.115,0.949464380741118
636,31.164,1.02507373690605
637,31.213,0.939207613468171
638,31.262,1.05484873056412
639,31.311,0.918337285518645
640,31.36,0.978974491357804
641,31.409,0.960479348897935
642,31.458,1.02407333254814
643,31.507,1.00329595804214
644,31.556,0.950943052768707
645,31.605,0.976196080446242
646,31.654,0.908515065908432
647,31.703,0.888470739126204
648,31.752,0.952077329158786
649,31.801,0.970018148422243
650,31.85,1.04635846614838
651,31.899,1.04094710946083
652,31.948,0.967045098543165
653,31.997,0.947961300611498
654,32.046,0.928164660930631
655,32.095,0.991254240274431
656,32.144,0.970379889011383
657,32.193,1.17502003908157
658,32.242,1.09737649559975
659,32.291,0.928262531757355
660,32.34,1.06330701708794
661,32.389,0.882816255092622
662,32.438,0.974537014961241
663,32.487,0.96870693564415
664,32.536,1.06689915060997
665,32.585,0.909650206565858
666,32.634,0.971637189388276
667,32.683,1.01176211237908
668,32.732,0.941813856363296
669,32.781,1.03412154316902
670,32.83,1.00634732842445
671,32.879,1.07471397519112
672,32.928,1.12721452116966
673,32.977,1.12661048769951
674,33.026,1.02786377072334
675,33.075,0.966172248125074
676,33.124,0.929230481386183
677,33.173,0.89872494339943
678,33.222,0.983474075794222
679,33.271,0.8838195502758
680,33.32,0.793106138706207
681,33.369,1.00869074463844
682,33.418,0.938964307308195
683,33.467,0.986985743045809
684,33.516,0.954196631908418
685,33.565,1.00682210922241
686,33.614,1.03636476397514
687,33.663,1.00549972057343
688,33.712,1.05645775794983
689,33.761,1.08618733286857
690,33.81,1.06629738211632
691,33.859,1.0522349178791
692,33.908,1.09875950217247
693,33.957,0.987432509660719
694,34.006,0.997141152620315
695,34.055,1.06990745663643
696,34.104,1.09219020605087
697,34.153,1.07008734345436
698,34.202,1.037731975317
699,34.251,1.03692662715912
700,34.3,0.88825052976608
701,34.349,0.970612972974779
702,34.398,1.01551082730293
703,34.447,1.08132797479629
704,34.496,0.946652621030808
705,34.545,1.07515674829483
706,34.594,1.0341599881649
707,34.643,1.02316850423813
708,34.692,1.00392100214958
709,34.741,0.972374826669693
710,34.79,1.03418630361557
711,34.839,1.02551293373108
712,34.888,1.05229356884956
713,34.937,1.06188979744911
714,34.986,1.01204013824463
715,35.035,1.03160873055458
716,35.084,1.0373684167862
717,35.133,0.997149407863616
718,35.182,1.05331173539162
719,35.231,0.961366415023803
720,35.28,0.965373188257216
721,35.329,0.920475810766222
722,35.378,0.997778475284575
723,35.427,0.976500302553176
724,35.476,1.01496055722237
725,35.525,1.02838763594627
726,35.574,0.916144251823427
727,35.623,0.940906763076784
728,35.672,0.982001572847369
729,35.721,1.01604092121125
730,35.77,1.05774486064911
731,35.819,1.03300607204437
732,35.868,1.02319151163101
733,35.917,0.966752707958222
734,35.966,0.962510019540785
735,36.015,0.966138154268267
736,36.064,0.996386021375657
737,36.113,0.91502597928047
738,36.162,1.00164845585823
739,36.211,0.89670944213867
740,36.26,0.940693914890292
741,36.309,0.978938072919847
742,36.358,0.96171361207962
743,36.407,1.02001175284386
744,36.456,0.963231444358827
745,36.505,1.00383299589157
746,36.554,1.03793576359749
747,36.603,1.00103691220284
748,36.652,1.08286118507385
749,36.701,1.00419244170189
750,36.75,0.967265933752058
751,36.799,0.962031066417695
752,36.848,1.03730434179306
753,36.897,1.01707601547241
754,36.946,1.04514116048813
755,36.995,0.930252075195312
756,37.044,0.965328723192215
757,37.093,1.00941726565361
758,37.142,0.980465441942217
759,37.191,0.993625700473784
760,37.24,0.982360750436784
761,37.289,0.955911964178087
762,37.338,0.979977995157239
763,37.387,1.00144067406654
764,37.436,0.986665874719622
765,37.485,1.04967129230499
766,37.534,0.988591998815536
767,37.583,1.01849693059921
768,37.632,1.06663429737091
769,37.681,1.06445997953415
770,37.73,1.06660988926888
771,37.779,1.03157022595406
772,37.828,1.1588918864727
773,37.877,1.03778630495071
774,37.926,1.04675936698914
775,37.975,1.0162980556488
776,38.024,1.03015542030335
777,38.073,1.03905346989632
778,38.122,1.05640253424644
779,38.171,1.00280565023422
780,38.22,1.03671035170555
781,38.269,1.09135609865188
782,38.318,1.07309800386429
783,38.367,1.07359001040459
784,38.416,1.09770056605339
785,38.465,1.01964822411537
786,38.514,1.0395912528038
787,38.563,1.00861075520515
788,38.612,1.07179653644562
789,38.661,1.0709003508091
790,38.71,1.10062411427498
791,38.759,1.13494190573692
792,38.808,1.24228253960609
793,38.857,1.11438575387001
794,38.906,1.13777568936348
795,38.955,1.10728392004967
796,39.004,1.1327922642231
797,39.053,1.0391038954258
798,39.102,1.19420254230499
799,39.151,1.18437889218331
800,39.2,1.20630425214767
801,39.249,1.21938127279282
802,39.298,1.20216462016106
803,39.347,1.11372315883636
804,39.396,0.956981062889101
805,39.445,0.992337197065355
806,39.494,0.999320507049562
807,39.543,1.00707700848579
808,39.592,0.97172150015831
809,39.641,0.95960196852684
810,39.69,0.936773926019671
811,39.739,0.919441819190981
812,39.788,0.946418344974517
813,39.837,0.900379896163938
814,39.886,0.892005801200868
815,39.935,0.922149717807768
816,39.984,0.919521689414976
817,40.033,1.01925146579742
818,40.082,0.998384714126588
819,40.131,1.01284572482109
820,40.18,1.05784332752228
821,40.229,1.01268738508225
822,40.278,1.02920269966125
823,40.327,1.14374887943268
824,40.376,1.00260284543037
825,40.425,0.963943541049955
826,40.474,1.03710734844208
827,40.523,1.02944320440292
828,40.572,1.01104518771172
829,40.621,1.00907024741173
830,40.67,1.07564729452133
831,40.719,1.17836251854896
832,40.768,1.09240823984146
833,40.817,0.992470979690554
834,40.866,1.08125177025795
835,40.915,1.13084408640861
836,40.964,1.08640158176422
837,41.013,1.07803183794022
838,41.062,0.947413861751558
839,41.111,1.00058603286743
840,41.16,1.0838189125061
841,41.209,1.00862467288971
842,41.258,0.96530044078827
843,41.307,0.88435047864914
844,41.356,0.904568463563921
845,41.405,0.948851644992827
846,41.454,0.912139624357222
847,41.503,0.97478273510933
848,41.552,0.997633904218676
849,41.601,0.931135684251787
850,41.65,0.910017639398576
851,41.699,0.917557895183564
852,41.748,0.914722323417662
853,41.797,0.87243154644966
854,41.846,0.858976542949679
855,41.895,0.85997799038887
856,41.944,0.902331948280332
857,41.993,0.919240266084672
858,42.042,0.911697357892992
859,42.091,0.956192255020142
860,42.14,0.905055910348892
861,42.189,0.998045414686201
862,42.238,0.94033980369568
863,42.287,0.914485365152358
864,42.336,0.957604885101316
865,42.385,0.994926333427431
866,42.434,1.02207124233246
867,42.483,0.999091416597365
868,42.532,0.990199118852618
869,42.581,0.976559162139891
870,42.63,0.93674582242966
871,42.679,0.932987064123156
872,42.728,0.870767682790755
873,42.777,0.925986796617508
874,42.826,0.934996068477629
875,42.875,0.918170183897016
876,42.924,1.02684286236763
877,42.973,1.00617438554764
878,43.022,0.945104300975801
879,43.071,0.875465154647828
880,43.12,0.844013541936876
881,43.169,1.01469644904137
882,43.218,0.963389337062834
883,43.267,1.0100488960743
884,43.316,0.970437079668045
885,43.365,0.949822604656218
886,43.414,0.925405919551849
887,43.463,0.861620873212815
888,43.512,0.898197770118713
889,43.561,0.894275397062301
890,43.61,0.925020784139636
891,43.659,0.95743817090988
892,43.708,1.03410440683365
893,43.757,0.966977596282959
894,43.806,0.962170451879502
895,43.855,0.91389226913452
896,43.904,0.952004164457324
897,43.953,0.958399146795271
898,44.002,1.00536885857582
899,44.051,0.914599418640138
900,44.1,0.935451626777649
901,44.149,0.98033791780472
902,44.198,1.0155485868454
903,44.247,0.953863263130187
904,44.296,1.07237377762794
905,44.345,1.14120054244995
906,44.394,1.24147516489029
907,44.443,1.25116431713105
908,44.492,1.23557829856873
909,44.541,1.18336340785027
910,44.59,1.17278417944908
911,44.639,1.13911166787148
912,44.688,1.14639708399773
913,44.737,1.04895538091659
914,44.786,1.05397000908852
915,44.835,1.07945448160172
916,44.884,1.11092719435692
917,44.933,1.04158705472946
918,44.982,1.07906663417816
919,45.031,1.12804517149925
920,45.08,1.1668556034565
921,45.129,1.13155508041382
922,45.178,1.15555429458618
923,45.227,1.1000968515873
924,45.276,1.11459183692932
925,45.325,1.01755794882774
926,45.374,0.967294931411741
927,45.423,0.993153840303423
928,45.472,1.08764019608498
929,45.521,0.973644435405729
930,45.57,0.965470910072328
931,45.619,0.929523587226869
932,45.668,0.981805264949796
933,45.717,0.941890239715574
934,45.766,0.936541050672529
935,45.815,0.925605267286298
936,45.864,0.973855614662169
937,45.913,0.929617822170259
938,45.962,0.950391292572022
939,46.011,0.973135024309158
940,46.06,0.965310662984848
941,46.109,0.975373715162277
942,46.158,1.0098166167736
943,46.207,0.942406326532364
944,46.256,0.904934346675875
945,46.305,0.909575492143632
946,46.354,0.926364988088607
947,46.403,1.01745793223381
948,46.452,0.944875687360763
949,46.501,0.928619801998138
950,46.55,0.98737147450447
951,46.599,0.984666556119916
952,46.648,0.981750190258029
953,46.697,0.868957251310346
954,46.746,0.981223106384277
955,46.795,0.949948102235792
956,46.844,0.96994310617447
957,46.893,1.03287273645401
958,46.942,1.04629153013229
959,46.991,0.964309751987457
960,47.04,0.920219033956529
961,47.089,1.01337593793869
962,47.138,1.02041244506836
963,47.187,1.07427629828453
964,47.236,1.07390740513801
965,47.285,1.02162733674049
966,47.334,0.970300644636156
967,47.383,1.05770418047905
968,47.432,1.04714128375053
969,47.481,1.12349602580071
970,47.53,0.987341940402983
971,47.579,1.08662393689155
972,47.628,1.09827959537506
973,47.677,1.03083980083466
974,47.726,0.923790276050565
975,47.775,0.965898156166076
976,47.824,0.959870278835296
977,47.873,0.957093924283983
978,47.922,0.979040354490278
979,47.971,1.01604035496712
980,48.02,1.09395000338554
981,48.069,1.08534234762192
982,48.118,1.05759933590889
983,48.167,1.01378086209297
984,48.216,1.03097581863403
985,48.265,0.99399235844612
986,48.314,1.0816909968853
987,48.363,1.04830545186997
988,48.412,1.09467020630836
989,48.461,1.02100184559822
990,48.51,1.07998386025429
991,48.559,0.949252635240553
992,48.608,1.14323115348816
993,48.657,1.16556215286255
994,48.706,1.18892496824264
995,48.755,1.02606096863747
996,48.804,1.03606364130974
997,48.853,0.903930574655533
998,48.902,0.911857098340989
999,48.951,0.844153046607973
1000,49,0.913066864013673
1001,49.049,0.998735278844833
1002,49.098,1.12560194730759
1003,49.147,1.02439060807228
1004,49.196,1.04084134101868
1005,49.245,0.98141124844551
1006,49.294,1.08942484855652
1007,49.343,1.09717231988907
1008,49.392,1.05658116936684
1009,49.441,0.998681336641313
1010,49.49,1.20463639497757
1011,49.539,1.18546316027641
1012,49.588,1.11724603176117
1013,49.637,1.09784281253815
1014,49.686,1.12942668795586
1015,49.735,1.07747757434845
1016,49.784,1.20276862382888
1017,49.833,1.22116559743881
1018,49.882,1.13402390480042
1019,49.931,1.14921268820763
1020,49.98,1.03388047218323
1021,50.029,1.07857477664948
1022,50.078,1.11001920700073
1023,50.127,1.0684552192688
1024,50.176,1.11950066685676
1025,50.225,1.06125855445862
1026,50.274,1.04544249176979
1027,50.323,1.11644637584686
1028,50.372,1.03754860162735
1029,50.421,1.08516022562981
1030,50.47,1.15138056874275
1031,50.519,1.04709079861641
1032,50.568,1.14636746048927
1033,50.617,1.09547579288483
1034,50.666,1.0064277946949
1035,50.715,1.09458056092262
1036,50.764,1.02139377593994
1037,50.813,0.990353941917418
1038,50.862,0.961947470903398
1039,50.911,1.06041449308395
1040,50.96,1.05053949356079
1041,51.009,0.985780864953997
1042,51.058,1.02138090133667
1043,51.107,1.01910826563835
1044,51.156,1.01078456640244
1045,51.205,1.03001460433006
1046,51.254,1.00797265768051
1047,51.303,1.0421861410141
1048,51.352,0.994330048561099
1049,51.401,0.989237040281297
1050,51.45,0.98075106739998
1051,51.499,0.974947363138198
1052,51.548,0.962003707885743
1053,51.597,0.973270595073699
1054,51.646,1.00988775491715
1055,51.695,0.905573427677153
1056,51.744,0.93339392542839
1057,51.793,1.01415571570396
1058,51.842,0.999461948871613
1059,51.891,1.09074494242668
1060,51.94,0.96760433912277
1061,51.989,1.019238114357
1062,52.038,1.02888423204422
1063,52.087,1.03870832920075
1064,52.136,1.02464297413826
1065,52.185,1.07121035456657
1066,52.234,1.00880002975464
1067,52.283,1.06046053767205
1068,52.332,0.967549920082093
1069,52.381,1.04452782869339
1070,52.43,1.02976566553116
1071,52.479,1.2256851196289
1072,52.528,1.17916405200958
1073,52.577,1.24866080284119
1074,52.626,1.11501905322075
1075,52.675,1.14015364646911
1076,52.724,1.06915819644928
1077,52.773,1.15461564064026
1078,52.822,1.12422490119934
1079,52.871,1.15568566322327
1080,52.92,0.995906978845599
1081,52.969,1.065395206213
1082,53.018,1.11897844076157
1083,53.067,0.954827308654784
1084,53.116,1.09934449195862
1085,53.165,1.00297218561172
1086,53.214,1.05793631076812
1087,53.263,0.966359853744507
1088,53.312,0.920700252056122
1089,53.361,0.915135979652405
1090,53.41,0.888248026371002
1091,53.459,0.909118384122849
1092,53.508,0.882352501153946
1093,53.557,0.850010812282562
1094,53.606,0.949184238910675
1095,53.655,0.922162652015686
1096,53.704,0.828140109777451
1097,53.753,0.907958328723906
1098,53.802,1.02550053596497
1099,53.851,0.984100610017778
1100,53.9,0.967778563499452
1101,53.949,0.977062672376634
1102,53.998,1.07648116350174
1103,54.047,0.932550936937331
1104,54.096,0.855383425951004
1105,54.145,0.845791935920716
1106,54.194,0.810318380594254
1107,54.243,0.82917594909668
1108,54.292,0.816464692354202
1109,54.341,0.809985697269439
1110,54.39,0.882321059703827
1111,54.439,0.838031947612762
1112,54.488,0.891868799924848
1113,54.537,0.855567634105682
1114,54.586,0.97494038939476
1115,54.635,0.917472749948501
1116,54.684,1.01536911725998
1117,54.733,0.941961348056794
1118,54.782,0.843244761228562
1119,54.831,0.96079456806183
1120,54.88,0.980856090784073
1121,54.929,0.960470885038376
1122,54.978,1.06723082065582
1123,55.027,1.0450838804245
1124,55.076,1.00218629837036
1125,55.125,0.927456498146058
1126,55.174,0.817572087049484
1127,55.223,0.838386535644531
1128,55.272,0.909922510385515
1129,55.321,0.934954226017001
1130,55.37,0.839958012104037
1131,55.419,0.952543914318086
1132,55.468,0.987056374549864
1133,55.517,0.931812494993212
1134,55.566,1.0936461687088
1135,55.615,1.05540385842323
1136,55.664,1.03187698125839
1137,55.713,1.08361276984215
1138,55.762,1.07402059435844
1139,55.811,1.00874805450439
1140,55.86,0.974697202444078
1141,55.909,0.981042504310607
1142,55.958,0.947717159986496
1143,56.007,0.961717098951339
1144,56.056,0.99146044254303
1145,56.105,0.956115633249284
1146,56.154,1.03442388772964
1147,56.203,1.04643052816391
1148,56.252,1.10137668251991
1149,56.301,1.02386125922203
1150,56.35,0.924754649400711
1151,56.399,0.989297717809676
1152,56.448,0.875592768192291
1153,56.497,1.04692721366883
1154,56.546,1.12781471014023
1155,56.595,1.14214324951172
1156,56.644,0.969560027122498
1157,56.693,1.10748380422592
1158,56.742,1.0141949057579
1159,56.791,0.958559662103653
1160,56.84,0.937130570411684
1161,56.889,0.960884720087051
1162,56.938,0.869751483201981
1163,56.987,1.07019448280335
1164,57.036,1.11076128482818
1165,57.085,1.13121110200882
1166,57.134,1.00557669997215
1167,57.183,1.0456491112709
1168,57.232,0.956034302711489
1169,57.281,0.947494685649871
1170,57.33,0.947904050350189
1171,57.379,1.01664337515831
1172,57.428,0.972227901220321
1173,57.477,0.986285597085953
1174,57.526,0.936736643314362
1175,57.575,0.892530918121338
1176,57.624,0.880001962184906
1177,57.673,0.952426731586456
1178,57.722,0.835433423519135
1179,57.771,0.844325453042984
1180,57.82,0.94828575849533
1181,57.869,0.954490900039674
1182,57.918,0.916598051786425
1183,57.967,0.951900929212571
1184,58.016,0.907111912965774
1185,58.065,0.984829396009447
1186,58.114,0.947463810443876
1187,58.163,0.970411509275435
1188,58.212,0.905364215373993
1189,58.261,0.939877033233642
1190,58.31,0.97042003273964
1191,58.359,1.13737845420837
1192,58.408,0.855812698602677
1193,58.457,0.946904897689819
1194,58.506,0.906500279903411
1195,58.555,0.836422055959704
1196,58.604,0.829518377780914
1197,58.653,0.840646952390671
1198,58.702,0.852995008230209
1199,58.751,0.812061607837677
1200,58.8,0.91816210746765
1201,58.849,0.927383303642275
1202,58.898,0.925567746162413
1203,58.947,0.914548426866532
1204,58.996,0.909797102212907
1205,59.045,1.0360212624073
1206,59.094,0.972279340028762
1207,59.143,0.877002418041229
1208,59.192,0.987060427665712
1209,59.241,0.955254971981051
1210,59.29,0.960845470428466
1211,59.339,0.974513381719589
1212,59.388,0.985464513301848
1213,59.437,0.967281728982923
1214,59.486,0.989974677562713
1215,59.535,1.14440226554871
1216,59.584,1.08239310979843
1217,59.633,1.05746525526047
1218,59.682,0.992970049381254
1219,59.731,1.08988729119301
1220,59.78,0.880010068416596
1221,59.829,1.03783190250397
1222,59.878,1.09072387218475
1223,59.927,1.0288844704628
1224,59.976,0.960168987512589
1225,60.025,1.01961535215378
1226,60.074,0.914510250091553
1227,60.123,1.00830525159836
1228,60.172,0.97920522093773
1229,60.221,1.00852680206299
1230,60.27,1.07892221212387
1231,60.319,1.08681771159172
1232,60.368,1.01698100566864
1233,60.417,0.924226850271225
1234,60.466,0.948044270277024
1235,60.515,0.922544032335282
1236,60.564,1.00561699271202
1237,60.613,0.986453980207441
1238,60.662,0.962439358234404
1239,60.711,0.926615506410599
1240,60.76,0.823456704616547
1241,60.809,0.882559657096863
1242,60.858,0.841899782419205
1243,60.907,0.906024962663651
1244,60.956,0.861880481243134
1245,61.005,0.82819202542305
1246,61.054,0.879159390926361
1247,61.103,0.850154608488082
1248,61.152,0.88752019405365
1249,61.201,0.983312487602232
1250,61.25,0.966676622629167
1251,61.299,0.811509162187577
1252,61.348,0.932415664196017
1253,61.397,0.926582574844358
1254,61.446,0.927816033363341
1255,61.495,0.884341359138487
1256,61.544,0.898072481155396
1257,61.593,0.964347213506696
1258,61.642,0.971709430217743
1259,61.691,0.926007360219956
1260,61.74,0.961009263992311
1261,61.789,0.979898542165754
1262,61.838,0.948099762201309
1263,61.887,1.00664228200912
1264,61.936,0.94616746902466
1265,61.985,0.961802154779434
1266,62.034,0.915988385677338
1267,62.083,0.977702021598817
1268,62.132,0.952444851398465
1269,62.181,0.842526435852051
1270,62.23,0.857485234737397
1271,62.279,0.869992047548294
1272,62.328,0.930195152759552
1273,62.377,0.896114349365236
1274,62.426,0.780086070299149
1275,62.475,0.937921285629272
1276,62.524,0.921778976917269
1277,62.573,0.806931406259537
1278,62.622,0.876394420862198
1279,62.671,0.924184858798981
1280,62.72,0.860923618078231
1281,62.769,0.908988058567047
1282,62.818,0.892736881971359
1283,62.867,0.897456556558609
1284,62.916,0.975842475891114
1285,62.965,0.923037707805632
1286,63.014,0.92865800857544
1287,63.063,0.788150161504745
1288,63.112,0.897252202033998
1289,63.161,0.926528334617616
1290,63.21,1.01066085696221
1291,63.259,0.932551890611647
1292,63.308,0.911590576171875
1293,63.357,0.897619932889937
1294,63.406,0.947132617235182
1295,63.455,0.871841162443161
1296,63.504,0.888059318065642
1297,63.553,0.85472047328949
1298,63.602,0.91106778383255
1299,63.651,0.988131791353225
1300,63.7,1.01931041479111
1301,63.749,1.08150580525398
1302,63.798,1.01717180013657
1303,63.847,1.05480507016182
1304,63.896,1.12667787075043
1305,63.945,1.01613706350326
1306,63.994,1.0301368534565
1307,64.043,1.01011496782303
1308,64.092,1.08086881041527
1309,64.141,1.05315440893173
1310,64.19,0.891850411891937
1311,64.239,0.882926195859908
1312,64.288,0.875871300697328
1313,64.337,0.868004232645036
1314,64.386,0.786647021770478
1315,64.435,0.789612114429474
1316,64.484,0.778833329677582
1317,64.533,0.808954894542695
1318,64.582,0.863046795129776
1319,64.631,0.794687658548356
1320,64.68,0.737519532442093
1321,64.729,0.855805456638336
1322,64.778,0.871241390705108
1323,64.827,0.831335574388504
1324,64.876,0.851895123720169
1325,64.925,0.797314316034317
1326,64.974,0.798870980739594
1327,65.023,0.827699273824692
1328,65.072,0.836417436599731
1329,65.121,0.986969441175459
1330,65.17,0.846406906843185
1331,65.219,0.889553725719451
1332,65.268,0.857414096593857
1333,65.317,0.859488189220428
1334,65.366,0.889706254005432
1335,65.415,0.879490524530411
1336,65.464,0.912321895360947
1337,65.513,0.890339702367782
1338,65.562,0.879998058080673
1339,65.611,0.93388769030571
1340,65.66,0.856121778488159
1341,65.709,0.881960958242417
1342,65.758,0.814863801002502
1343,65.807,0.908832997083664
1344,65.856,0.92569950222969
1345,65.905,0.979917556047439
1346,65.954,0.998446315526964
1347,66.003,1.0026488006115
1348,66.052,0.889079511165619
1349,66.101,0.985852479934695
1350,66.15,0.904727786779402
1351,66.199,0.852289468050003
1352,66.248,0.925467610359192
1353,66.297,0.885418593883515
1354,66.346,0.772132813930511
1355,66.395,0.734670668840409
1356,66.444,0.829810172319412
1357,66.493,0.856851667165756
1358,66.542,0.948595821857452
1359,66.591,0.897498965263367
1360,66.64,0.952798157930374
1361,66.689,0.942372500896455
1362,66.738,0.864730060100555
1363,66.787,0.872637927532195
1364,66.836,0.826597243547439
1365,66.885,0.909904271364213
1366,66.934,0.802529871463776
1367,66.983,0.865439385175705
1368,67.032,0.741353422403336
1369,67.081,0.795062631368638
1370,67.13,0.755880028009414
1371,67.179,0.797189831733704
1372,67.228,0.790386289358139
1373,67.277,0.831637233495712
1374,67.326,0.892387300729751
1375,67.375,0.80090868473053
1376,67.424,0.838240414857864
1377,67.473,0.904308199882508
1378,67.522,0.868570685386657
1379,67.571,0.935344874858856
1380,67.62,0.811157703399658
1381,67.669,0.84686291217804
1382,67.718,0.897723942995072
1383,67.767,0.86254894733429
1384,67.816,0.973585188388824
1385,67.865,0.849510341882706
1386,67.914,0.973151296377182
1387,67.963,0.891926020383835
1388,68.012,0.897164821624756
1389,68.061,0.945459336042404
1390,68.11,0.856723189353943
1391,68.159,1.00637221336365
1392,68.208,1.07474040985107
1393,68.257,1.02642953395844
1394,68.306,1.04347923398018
1395,68.355,1.11229294538498
1396,68.404,1.09391313791275
1397,68.453,1.00488036870956
1398,68.502,0.966982990503311
1399,68.551,0.958562612533567
1400,68.6,0.966720998287201
1401,68.649,1.01772186160088
1402,68.698,0.98753547668457
1403,68.747,1.00877398252487
1404,68.796,0.969582587480547
1405,68.845,1.00106364488602
1406,68.894,0.928140103816985
1407,68.943,1.0254924595356
1408,68.992,1.09924736618995
1409,69.041,1.0200060904026
1410,69.09,0.968452513217928
1411,69.139,0.964392364025116
1412,69.188,1.02514898777008
1413,69.237,1.01560723781586
1414,69.286,1.04583650827407
1415,69.335,1.05375745892525
1416,69.384,1.0233581662178
1417,69.433,0.939441472291946
1418,69.482,0.87992987036705
1419,69.531,0.891581505537033
1420,69.58,0.977506220340727
1421,69.629,0.904287129640579
1422,69.678,0.868998229503631
1423,69.727,0.761017978191376
1424,69.776,0.867264568805694
1425,69.825,0.897427320480344
1426,69.874,0.821770161390305
1427,69.923,0.908723145723343
1428,69.972,0.906190603971481
1429,70.021,0.925810843706131
1430,70.07,0.926110833883286
1431,70.119,1.01889571547508
1432,70.168,0.885674268007278
1433,70.217,0.860279262065887
1434,70.266,0.931898295879364
1435,70.315,0.942137002944946
1436,70.364,1.01334449648857
1437,70.413,0.980632573366164
1438,70.462,0.999732881784439
1439,70.511,0.991037994623186
1440,70.56,0.982344627380372
1441,70.609,0.91359668970108
1442,70.658,0.896633416414261
1443,70.707,0.890115797519684
1444,70.756,0.938782960176467
1445,70.805,0.948401212692259
1446,70.854,0.903060764074326
1447,70.903,0.981619000434875
1448,70.952,0.912298232316971
1449,71.001,0.901017099618912
1450,71.05,0.992523223161697
1451,71.099,0.970539003610611
1452,71.148,0.879393100738525
1453,71.197,0.85654604434967
1454,71.246,0.968438178300855
1455,71.295,0.910273551940918
1456,71.344,0.901908636093139
1457,71.393,0.926454126834869
1458,71.442,0.851628243923187
1459,71.491,0.883449107408524
1460,71.54,0.89328134059906
1461,71.589,0.871990561485291
1462,71.638,0.921665221452713
1463,71.687,0.906096756458282
1464,71.736,0.848291039466858
1465,71.785,1.01128742098809
1466,71.834,1.00227969884873
1467,71.883,1.09118843078613
1468,71.932,1.04431208968162
1469,71.981,0.902751803398131
1470,72.03,0.883104860782623
1471,72.079,0.89569616317749
1472,72.128,0.965195387601852
1473,72.177,0.965116441249846
1474,72.226,1.01515701413155
1475,72.275,0.949268102645873
1476,72.324,0.94387549161911
1477,72.373,0.936940789222716
1478,72.422,1.0265918970108
1479,72.471,0.945130825042725
1480,72.52,0.891770601272583
1481,72.569,0.97435089945793
1482,72.618,0.839834898710251
1483,72.667,0.860376954078675
1484,72.716,0.961866378784181
1485,72.765,0.902435541152954
1486,72.814,0.895628601312637
1487,72.863,0.938857018947601
1488,72.912,0.884654134511948
1489,72.961,0.841190904378891
1490,73.01,0.895098984241486
1491,73.059,0.935683608055115
1492,73.108,0.961441725492476
1493,73.157,0.901188552379608
1494,73.206,0.865924626588822
1495,73.255,0.901360988616943
1496,73.304,0.938963979482651
1497,73.353,1.01377227902413
1498,73.402,1.10486298799515
1499,73.451,1.02025097608567
1500,73.5,1.00071707367897
1501,73.549,1.05086392164231
1502,73.598,1.07998615503311
1503,73.647,1.09021294116974
1504,73.696,1.06274712085724
1505,73.745,1.09866032004356
1506,73.794,1.09904325008393
1507,73.843,0.949555844068527
1508,73.892,0.997342437505721
1509,73.941,1.02658492326736
1510,73.99,1.0060205757618
1511,74.039,1.00297653675079
1512,74.088,0.867695838212967
1513,74.137,1.05409225821495
1514,74.186,0.898773670196533
1515,74.235,0.860367000102997
1516,74.284,0.874410569667817
1517,74.333,0.838924378156662
1518,74.382,0.863387227058411
1519,74.431,0.885091841220855
1520,74.48,0.774677067995072
1521,74.529,0.769828528165817
1522,74.578,0.807007044553756
1523,74.627,0.886363416910174
1524,74.676,0.826577216386795
1525,74.725,0.918671160936356
1526,74.774,0.934990793466568
1527,74.823,0.891518086194992
1528,74.872,0.825253456830978
1529,74.921,0.937166154384611
1530,74.97,0.862696528434754
1531,75.019,0.900168538093566
1532,75.068,0.942950844764709
1533,75.117,0.889538496732712
1534,75.166,1.00247114896774
1535,75.215,0.866415739059448
1536,75.264,0.900537043809891
1537,75.313,0.967480093240738
1538,75.362,0.950671344995498
1539,75.411,0.957138836383822
1540,75.46,0.889001935720444
1541,75.509,0.878023475408554
1542,75.558,0.862749189138412
1543,75.607,0.89017978310585
1544,75.656,0.880138635635376
1545,75.705,0.965835034847258
1546,75.754,0.950907617807388
1547,75.803,1.01092001795769
1548,75.852,0.977483332157133
1549,75.901,0.98672553896904
1550,75.95,0.970442295074465
1551,75.999,1.06922823190689
1552,76.048,0.933857351541518
1553,76.097,0.951173126697542
1554,76.146,0.995870381593704
1555,76.195,1.06970191001892
1556,76.244,1.01765784621239
1557,76.293,1.0461363196373
1558,76.342,1.06342554092407
1559,76.391,0.918811172246935
1560,76.44,1.00232404470444
1561,76.489,0.851633548736572
1562,76.538,0.805311679840088
1563,76.587,0.872450917959213
1564,76.636,0.811289608478546
1565,76.685,0.864526450634003
1566,76.734,0.95343789458275
1567,76.783,0.995305895805359
1568,76.832,0.999560356140137
1569,76.881,0.872807234525681
1570,76.93,0.877226620912552
1571,76.979,0.903665900230408
1572,77.028,0.874415516853333
1573,77.077,0.962068706750869
1574,77.126,0.794125020503998
1575,77.175,0.898418873548507
1576,77.224,0.861128747463227
1577,77.273,0.947834163904191
1578,77.322,0.87393182516098
1579,77.371,0.954894840717316
1580,77.42,0.915008515119553
1581,77.469,0.861321687698364
1582,77.518,0.902608036994935
1583,77.567,0.871053963899612
1584,77.616,0.90913712978363
1585,77.665,0.839711219072342
1586,77.714,0.808267086744308
1587,77.763,0.75503534078598
1588,77.812,0.837469071149826
1589,77.861,0.831729263067245
1590,77.91,0.839387059211731
1591,77.959,0.858725100755692
1592,78.008,0.855149298906326
1593,78.057,0.851421356201172
1594,78.106,0.815645694732665
1595,78.155,0.893635272979736
1596,78.204,0.89527028799057
1597,78.253,0.930974155664443
1598,78.302,0.881902754306793
1599,78.351,0.909340023994446
1600,78.4,0.93857565522194
1601,78.449,0.889251291751862
1602,78.498,0.890359550714493
1603,78.547,0.91333681344986
1604,78.596,0.90928766131401
1605,78.645,0.90482246875763
1606,78.694,0.90716427564621
1607,78.743,0.901576489210129
1608,78.792,0.915391504764556
1609,78.841,0.978267222642899
1610,78.89,0.843162834644317
1611,78.939,0.939882606267928
1612,78.988,0.888730674982071
1613,79.037,0.934893101453781
1614,79.086,1.00796759128571
1615,79.135,0.983009845018389
1616,79.184,0.967074394226073
1617,79.233,0.915261298418043
1618,79.282,0.982151359319687
1619,79.331,1.00699165463448
1620,79.38,0.897524923086166
1621,79.429,0.888641923666001
1622,79.478,0.936780154705047
1623,79.527,1.03526327013969
1624,79.576,1.00964847207069
1625,79.625,1.00906220078468
1626,79.674,0.979592710733413
1627,79.723,1.08567142486572
1628,79.772,1.02597630023956
1629,79.821,1.04936325550079
1630,79.87,0.960899204015732
1631,79.919,0.936088979244234
1632,79.968,0.919185698032378
1633,80.017,1.01255720853805
1634,80.066,0.824605911970138
1635,80.115,0.915408849716187
1636,80.164,0.975881367921831
1637,80.213,0.908364981412887
1638,80.262,0.999312222003935
1639,80.311,0.997929155826569
1640,80.36,0.97749784588814
1641,80.409,0.949412643909456
1642,80.458,0.970641136169431
1643,80.507,0.923838973045348
1644,80.556,0.889051824808122
1645,80.605,0.906282395124435
1646,80.654,0.896894156932831
1647,80.703,0.85823130607605
1648,80.752,0.886661887168884
1649,80.801,0.927777856588364
1650,80.85,1.01882454752922
1651,80.899,1.09406036138535
1652,80.948,1.06465566158295
1653,80.997,1.03723883628845
1654,81.046,1.00123915076256
1655,81.095,1.03092086315155
1656,81.144,1.01195320487022
1657,81.193,0.963387757539749
1658,81.242,1.0224232673645
1659,81.291,0.952283501625061
1660,81.34,1.18612676858902
1661,81.389,1.06902796030045
1662,81.438,1.08981275558472
1663,81.487,1.1660350561142
1664,81.536,1.02879080176354
1665,81.585,0.981478333473206
1666,81.634,0.976001590490341
1667,81.683,0.981263846158983
1668,81.732,0.916991502046587
1669,81.781,0.957732141017916
1670,81.83,1.03082796931267
1671,81.879,1.00297453999519
1672,81.928,1.05610522627831
1673,81.977,0.973456710577012
1674,82.026,0.974126666784286
1675,82.075,0.972340375185013
1676,82.124,0.855136811733246
1677,82.173,0.920539826154707
1678,82.222,1.03126665949821
1679,82.271,0.981952130794523
1680,82.32,0.991214394569399
1681,82.369,0.948509722948076
1682,82.418,0.948246002197266
1683,82.467,0.992172986268996
1684,82.516,0.952359944581988
1685,82.565,0.980044394731522
1686,82.614,0.895862340927123
1687,82.663,0.885343492031097
1688,82.712,0.851238161325455
1689,82.761,0.911939293146135
1690,82.81,0.90964987874031
1691,82.859,0.95411756634712
1692,82.908,0.866727352142334
1693,82.957,0.824265778064728
1694,83.006,0.892804652452467
1695,83.055,0.961096644401553
1696,83.104,0.908407360315322
1697,83.153,0.904657959938048
1698,83.202,1.00102376937866
1699,83.251,0.94816291332245
1700,83.3,0.980383872985841
1701,83.349,0.956828325986863
1702,83.398,0.955518156290053
1703,83.447,0.989464759826658
1704,83.496,0.925483644008636
1705,83.545,1.01590690016746
1706,83.594,0.884145647287369
1707,83.643,0.990041673183442
1708,83.692,0.928008317947388
1709,83.741,1.01004499197006
1710,83.79,0.906309425830841
1711,83.839,0.841708958148957
1712,83.888,0.85344198346138
1713,83.937,0.848348826169968
1714,83.986,0.975697636604309
1715,84.035,1.00687703490257
1716,84.084,1.0449578166008
1717,84.133,1.05016857385636
1718,84.182,0.962565332651137
1719,84.231,0.978176504373552
1720,84.28,0.972157061100007
1721,84.329,1.04085654020309
1722,84.378,0.830660074949265
1723,84.427,0.900173753499983
1724,84.476,0.976796567440034
1725,84.525,0.855855673551561
1726,84.574,0.863683104515077
1727,84.623,0.90481761097908
1728,84.672,0.874410420656204
1729,84.721,0.911690384149552
1730,84.77,0.829998165369034
1731,84.819,0.929426729679107
1732,84.868,0.940879285335543
1733,84.917,1.12135875225067
1734,84.966,1.0377681851387
1735,85.015,1.02202931046486
1736,85.064,1.02657720446586
1737,85.113,0.917837142944336
1738,85.162,1.10381442308426
1739,85.211,1.18340182304383
1740,85.26,1.09990060329437
1741,85.309,1.02157688140869
1742,85.358,1.01685646176338
1743,85.407,0.972371578216551
1744,85.456,0.950493901968
1745,85.505,1.02801752090454
1746,85.554,0.961019307374955
1747,85.603,0.942961066961286
1748,85.652,0.902444630861284
1749,85.701,0.912009835243228
1750,85.75,0.842530280351637
1751,85.799,0.831800282001495
1752,85.848,0.90531465411186
1753,85.897,0.924643635749817
1754,85.946,0.898710638284684
1755,85.995,0.888230085372923
1756,86.044,1.00971314311027
1757,86.093,0.836177051067353
1758,86.142,0.95008385181427
1759,86.191,0.92953261733055
1760,86.24,0.985839664936068
1761,86.289,0.907110273838043
1762,86.338,0.933728188276292
1763,86.387,0.916584819555282
1764,86.436,0.923651993274687
1765,86.485,0.880450099706649
1766,86.534,0.980694770812987
1767,86.583,0.928690761327744
1768,86.632,0.969417393207552
1769,86.681,0.949982672929766
1770,86.73,0.906603336334229
1771,86.779,0.872667551040649
1772,86.828,0.856389671564102
1773,86.877,0.868500173091887
1774,86.926,0.926379829645157
1775,86.975,0.884083926677704
1776,87.024,0.938239246606825
1777,87.073,0.921096682548521
1778,87.122,0.912582606077193
1779,87.171,1.00531497597694
1780,87.22,0.968600392341615
1781,87.269,0.890751332044601
1782,87.318,1.01142963767052
1783,87.367,1.02079579234123
1784,87.416,1.01897552609444
1785,87.465,0.880898594856262
1786,87.514,0.888714402914047
1787,87.563,0.925864934921264
1788,87.612,0.975133091211317
1789,87.661,0.916692554950715
1790,87.71,0.971273064613341
1791,87.759,0.849266618490219
1792,87.808,0.975735187530518
1793,87.857,0.935088098049164
1794,87.906,1.03568089008331
1795,87.955,0.971759378910065
1796,88.004,0.920406520366667
1797,88.053,0.967058926820757
1798,88.102,0.958684891462324
1799,88.151,0.887696474790574
1800,88.2,0.910612493753431
1801,88.249,0.945352286100386
1802,88.298,0.996510118246077
1803,88.347,0.881330192089081
1804,88.396,0.893932163715363
1805,88.445,0.839438736438751
1806,88.494,0.898250430822372
1807,88.543,0.911946147680282
1808,88.592,0.88873255252838
1809,88.641,0.94744026660919
1810,88.69,0.875573426485059
1811,88.739,0.879441261291505
1812,88.788,0.885041385889053
1813,88.837,0.937404781579969
1814,88.886,0.974820584058763
1815,88.935,0.99298897385597
1816,88.984,1.10290002822876
1817,89.033,0.914870411157609
1818,89.082,0.996336668729781
1819,89.131,0.972171932458878
1820,89.18,0.944583028554916
1821,89.229,0.938940972089767
1822,89.278,0.954366326332093
1823,89.327,0.948737949132919
1824,89.376,1.01081746816635
1825,89.425,0.927807092666628
1826,89.474,0.897916555404665
1827,89.523,0.823932379484177
1828,89.572,0.936263263225557
1829,89.621,0.916468262672425
1830,89.67,0.980279743671417
1831,89.719,0.905789673328399
1832,89.768,0.975410461425782
1833,89.817,0.978808164596558
1834,89.866,0.940755397081377
1835,89.915,1.01442483067512
1836,89.964,0.918411642313004
1837,90.013,0.993429630994797
1838,90.062,1.03322231769562
1839,90.111,0.934155434370039
1840,90.16,0.88826072216034
1841,90.209,0.965066343545914
1842,90.258,1.03844526410103
1843,90.307,0.985784888267516
1844,90.356,1.10801303386688
1845,90.405,0.902824938297272
1846,90.454,0.946021288633349
1847,90.503,0.903287321329117
1848,90.552,0.931292831897735
1849,90.601,0.868424326181412
1850,90.65,0.82816007733345
1851,90.699,0.80432853102684
1852,90.748,0.831357210874557
1853,90.797,0.841731667518616
1854,90.846,0.793262481689453
1855,90.895,0.769737273454666
1856,90.944,0.810153186321259
1857,90.993,0.845796644687652
1858,91.042,0.891358345746994
1859,91.091,0.882131785154342
1860,91.14,0.884663045406342
1861,91.189,0.943044006824494
1862,91.238,0.893871515989303
1863,91.287,0.898325651884079
1864,91.336,0.725257188081742
1865,91.385,0.774289637804031
1866,91.434,0.872437298297883
1867,91.483,0.829359740018844
1868,91.532,0.753192901611328
1869,91.581,0.866688191890715
1870,91.63,0.819783598184585
1871,91.679,0.88505983352661
1872,91.728,0.837877750396729
1873,91.777,0.805355131626129
1874,91.826,0.870081871747971
1875,91.875,0.854399532079697
1876,91.924,0.810064375400543
1877,91.973,0.923163592815399
1878,92.022,0.790268778800964
1879,92.071,0.922065407037734
1880,92.12,0.850981801748276
1881,92.169,0.860335171222686
1882,92.218,0.744373679161072
1883,92.267,0.750750631093979
1884,92.316,0.778785228729248
1885,92.365,0.803529620170593
1886,92.414,0.785666763782501
1887,92.463,0.881786614656448
1888,92.512,0.850543946027756
1889,92.561,0.832059144973755
1890,92.61,0.902821511030198
1891,92.659,0.957628816366193
1892,92.708,0.84577453136444
1893,92.757,0.816919416189194
1894,92.806,0.91428741812706
1895,92.855,0.898174911737442
1896,92.904,0.908505767583847
1897,92.953,0.902681350708008
1898,93.002,0.975313901901244
1899,93.051,0.919456034898757
1900,93.1,0.849054783582687
1901,93.149,0.905533254146576
1902,93.198,0.902850985527039
1903,93.247,0.875531703233719
1904,93.296,0.859032452106475
1905,93.345,0.835761427879333
1906,93.394,0.881826907396317
1907,93.443,0.860367268323899
1908,93.492,0.868386775255203
1909,93.541,0.828051656484604
1910,93.59,0.788342297077179
1911,93.639,0.812303215265274
1912,93.688,0.836172014474869
1913,93.737,0.832528352737427
1914,93.786,0.867555201053619
1915,93.835,0.748239874839782
1916,93.884,0.821032345294953
1917,93.933,0.841730386018753
1918,93.982,0.93898269534111
1919,94.031,0.888844579458236
1920,94.08,0.845578402280807
1921,94.129,0.867868542671204
1922,94.178,0.874364823102951
1923,94.227,0.91748061776161
1924,94.276,0.87466049194336
1925,94.325,0.840876013040542
1926,94.374,0.811294436454773
1927,94.423,0.872666120529175
1928,94.472,0.868122547864914
1929,94.521,0.865994840860367
1930,94.57,0.839312314987183
1931,94.619,0.766593724489212
1932,94.668,0.873213291168213
1933,94.717,0.926495492458344
1934,94.766,0.947146117687226
1935,94.815,0.860578000545501
1936,94.864,0.804223597049714
1937,94.913,0.776179432868958
1938,94.962,0.801637321710587
1939,95.011,0.847360700368883
1940,95.06,0.85535964369774
1941,95.109,0.835657954216004
1942,95.158,0.896730720996856
1943,95.207,0.841383010149002
1944,95.256,0.878087699413297
1945,95.305,0.772087901830673
1946,95.354,0.874883443117142
1947,95.403,0.962384700775146
1948,95.452,0.878302723169327
1949,95.501,0.908899426460266
1950,95.55,0.885170608758926
1951,95.599,0.906226217746733
1952,95.648,0.944186270236969
1953,95.697,0.925778508186341
1954,95.746,0.940076351165771
1955,95.795,0.921548902988435
1956,95.844,0.868900001049042
1957,95.893,0.878605276346206
1958,95.942,0.960447549819946
1959,95.991,0.992536813020705
1960,96.04,0.889375448226929
1961,96.089,0.903594702482224
1962,96.138,0.853631615638733
1963,96.187,0.935448974370956
1964,96.236,0.961323708295822
1965,96.285,0.969515711069109
1966,96.334,1.03834229707718
1967,96.383,0.979395627975465
1968,96.432,0.974253088235853
1969,96.481,1.07461699843407
1970,96.53,1.09931418299675
1971,96.579,1.09339720010757
1972,96.628,1.06001517176628
1973,96.677,0.958103537559511
1974,96.726,1.04377552866936
1975,96.775,1.05651623010636
1976,96.824,1.0539847612381
1977,96.873,0.96099638938904
1978,96.922,0.931488305330276
1979,96.971,0.949907541275024
1980,97.02,0.946454346179962
1981,97.069,1.05711954832077
1982,97.118,0.945965081453323
1983,97.167,0.986565649509431
1984,97.216,0.910048723220825
1985,97.265,0.886090934276581
1986,97.314,0.892417222261431
1987,97.363,0.929765433073044
1988,97.412,0.967085838317869
1989,97.461,0.918341100215912
1990,97.51,0.90796822309494
1991,97.559,0.962904214859009
1992,97.608,0.894613265991211
1993,97.657,0.918741822242737
1994,97.706,0.904622256755829
1995,97.755,0.927225440740586
1996,97.804,1.01478013396263
1997,97.853,0.926416724920272
1998,97.902,0.862264156341553
1999,97.951,0.867929339408875
2000,98,0.877292603254318
2001,98.049,0.872349739074707
2002,98.098,0.879531770944596
2003,98.147,0.848128885030746
2004,98.196,0.960758060216904
2005,98.245,0.975281208753587
2006,98.294,1.03485009074211
2007,98.343,1.03259027004242
2008,98.392,0.962003886699677
2009,98.441,0.994830548763274
2010,98.49,0.996077239513395
2011,98.539,0.941651761531832
2012,98.588,1.04702553153038
2013,98.637,1.17489248514175
2014,98.686,1.12843000888825
2015,98.735,1.01278957724571
2016,98.784,1.05185997486115
2017,98.833,1.00724136829376
2018,98.882,0.947688788175583
2019,98.931,0.877074033021927
2020,98.98,0.961998730897903
2021,99.029,1.06215041875839
2022,99.078,1.09334003925323
2023,99.127,1.01238107681274
2024,99.176,0.970938712358473
2025,99.225,0.939632803201676
2026,99.274,0.955416709184646
2027,99.323,1.02712690830231
2028,99.372,0.994413107633591
2029,99.421,0.94531974196434
2030,99.47,0.968500494956968
2031,99.519,1.16496753692627
2032,99.568,1.09937709569931
2033,99.617,1.07545745372773
2034,99.666,1.04439055919647
2035,99.715,1.19704222679138
2036,99.764,1.11291220784187
2037,99.813,1.12815165519714
2038,99.862,1.05363214015961
2039,99.911,1.00173470377922
2040,99.96,0.884057164192199
2041,100.009,0.946358919143677
2042,100.058,1.00206533074379
2043,100.107,1.04399508237839
2044,100.156,0.955633550882339
2045,100.205,0.945004492998124
2046,100.254,0.934925496578217
2047,100.303,0.95292392373085
2048,100.352,0.998455554246903
2049,100.401,1.05125617980957
2050,100.45,0.912991851568223
2051,100.499,0.944034516811372
2052,100.548,0.863716214895248
2053,100.597,0.793879777193069
2054,100.646,0.839016556739807
2055,100.695,0.785774827003479
2056,100.744,0.801821112632751
2057,100.793,0.844726264476776
2058,100.842,0.886970788240433
2059,100.891,0.912869065999985
2060,100.94,0.915901720523834
2061,100.989,0.973589807748795
2062,101.038,0.888391733169555
2063,101.087,0.971509546041488
2064,101.136,0.958398461341859
2065,101.185,0.991050451993942
2066,101.234,0.972295820713043
2067,101.283,0.988033592700959
2068,101.332,0.974220186471938
2069,101.381,0.905715763568878
2070,101.43,0.883903801441193
2071,101.479,1.06527894735336
2072,101.528,1.05094134807587
2073,101.577,0.943057775497437
2074,101.626,1.00136590003967
2075,101.675,1.08138084411621
2076,101.724,1.11417782306671
2077,101.773,1.00133818387985
2078,101.822,1.05296510457993
2079,101.871,1.03435581922531
2080,101.92,1.07824924588204
2081,101.969,0.952851533889771
2082,102.018,0.970800071954729
2083,102.067,1.09872743487358
2084,102.116,0.980583816766739
2085,102.165,0.946875661611557
2086,102.214,0.94254419207573
2087,102.263,0.865186721086502
2088,102.312,0.921485811471939
2089,102.361,0.985613226890565
2090,102.41,0.978190481662748
2091,102.459,0.986407965421679
2092,102.508,1.03685030341148
2093,102.557,0.972034037113189
2094,102.606,0.962723761796951
2095,102.655,0.964327245950698
2096,102.704,1.00676518678665
2097,102.753,1.07905244827271
2098,102.802,0.976016759872435
2099,102.851,1.00300744175911
2100,102.9,1.08540871739387
2101,102.949,0.960538774728777
2102,102.998,1.17573660612107
2103,103.047,0.975426256656647
2104,103.096,1.09092211723328
2105,103.145,1.08651497960091
2106,103.194,1.05497241020203
2107,103.243,1.01725715398788
2108,103.292,0.868039965629578
2109,103.341,0.841654360294342
2110,103.39,0.776740163564682
2111,103.439,0.844624757766724
2112,103.488,0.858122438192368
2113,103.537,0.915824502706527
2114,103.586,0.862190157175064
2115,103.635,0.890305548906326
2116,103.684,0.855824798345566
2117,103.733,0.866009682416916
2118,103.782,0.872666597366333
2119,103.831,0.933009773492812
2120,103.88,0.906208902597429
2121,103.929,0.817607879638673
2122,103.978,0.842698693275454
2123,104.027,0.963357239961623
2124,104.076,0.995164752006532
2125,104.125,0.953806847333907
2126,104.174,0.966332495212557
2127,104.223,0.951276749372483
2128,104.272,0.962878882884979
2129,104.321,0.947847992181777
2130,104.37,0.868534117937088
2131,104.419,0.802808582782745
2132,104.468,0.771004557609559
2133,104.517,0.878736972808839
2134,104.566,0.885201841592788
2135,104.615,0.884211510419846
2136,104.664,0.881634891033173
2137,104.713,0.86409443616867
2138,104.762,0.91589218378067
2139,104.811,0.857397198677063
2140,104.86,0.863001316785812
2141,104.909,0.859289944171906
2142,104.958,0.942649573087692
2143,105.007,0.910214841365813
2144,105.056,0.994797825813295
2145,105.105,1.05348363518715
2146,105.154,1.05854049324989
2147,105.203,0.968359917402269
2148,105.252,1.00895574688911
2149,105.301,0.981566160917284
2150,105.35,0.986126691102982
2151,105.399,1.00683724880219
2152,105.448,1.09394305944442
2153,105.497,1.23861426115036
2154,105.546,1.12291985750198
2155,105.595,0.970719218254087
2156,105.644,0.966125190258026
2157,105.693,0.943018853664398
2158,105.742,0.922832280397415
2159,105.791,0.953240543603896
2160,105.84,0.847020477056503
2161,105.889,0.928516924381256
2162,105.938,0.945095986127853
2163,105.987,1.0508199930191
2164,106.036,0.984309315681457
2165,106.085,0.970800668001176
2166,106.134,0.897226661443711
2167,106.183,0.93764838576317
2168,106.232,0.952912628650666
2169,106.281,0.981967300176621
2170,106.33,1.08575302362442
2171,106.379,1.14129155874252
2172,106.428,0.996082812547683
2173,106.477,1.11487510800362
2174,106.526,1.01736623048782
2175,106.575,1.08436694741249
2176,106.624,1.06206893920899
2177,106.673,1.07212910056114
2178,106.722,1.04749870300293
2179,106.771,1.00710645318031
2180,106.82,1.11125755310059
2181,106.869,1.0172728896141
2182,106.918,1.01161587238312
2183,106.967,1.03879725933075
2184,107.016,1.06120193004608
2185,107.065,1.10707283020019
2186,107.114,1.05205708742142
2187,107.163,1.11244606971741
2188,107.212,1.12107488512993
2189,107.261,1.15026259422302
2190,107.31,1.02167466282845
2191,107.359,0.981408834457397
2192,107.408,0.955001384019853
2193,107.457,1.00512143969536
2194,107.506,0.992025434970858
2195,107.555,0.989821702241896
2196,107.604,0.921729505062103
2197,107.653,0.856386661529541
2198,107.702,0.888333886861801
2199,107.751,0.925375044345856
2200,107.8,0.975507140159606
2201,107.849,1.01882365345955
2202,107.898,0.939616143703458
2203,107.947,0.878055483102798
2204,107.996,0.931923836469652
2205,108.045,0.885415554046631
2206,108.094,0.905746012926103
2207,108.143,0.911903738975525
2208,108.192,0.903317511081698
2209,108.241,0.945151597261428
2210,108.29,0.918228209018706
2211,108.339,0.963168919086459
2212,108.388,0.897283554077148
2213,108.437,0.9448661506176
2214,108.486,1.03914496302605
2215,108.535,0.975913912057877
2216,108.584,1.0682869553566
2217,108.633,0.964507460594175
2218,108.682,0.995077550411225
2219,108.731,0.929064869880678
2220,108.78,0.950430333614349
2221,108.829,0.997432112693788
2222,108.878,1.04433995485306
2223,108.927,0.980188995599748
2224,108.976,0.9808090031147
2225,109.025,1.05871313810348
2226,109.074,1.13058620691299
2227,109.123,1.16118675470352
2228,109.172,0.970780491828917
2229,109.221,1.00630494952202
2230,109.27,1.01893997192383
2231,109.319,1.1088353395462
2232,109.368,1.16775965690613
2233,109.417,1.11494678258896
2234,109.466,0.968490779399871
2235,109.515,0.941001445055008
2236,109.564,0.89567905664444
2237,109.613,0.920606434345245
2238,109.662,0.947806030511856
2239,109.711,0.951039910316468
2240,109.76,1.03550362586975
2241,109.809,1.00559175014496
2242,109.858,0.912574142217635
2243,109.907,1.02235242724419
2244,109.956,1.08634293079376
2245,110.005,0.952623754739761
2246,110.054,1.03266388177872
2247,110.103,1.04655683040619
2248,110.152,0.937092125415802
2249,110.201,1.08152371644974
2250,110.25,1.03433483839035
2251,110.299,0.958188205957412
2252,110.348,1.0863629579544
2253,110.397,1.17211949825287
2254,110.446,1.13870096206665
2255,110.495,1.11032032966614
2256,110.544,1.07656145095825
2257,110.593,1.0271926522255
2258,110.642,1.08306950330734
2259,110.691,1.09559327363968
2260,110.74,1.06549209356308
2261,110.789,1.15544319152832
2262,110.838,1.122329890728
2263,110.887,1.10810053348541
2264,110.936,1.09895914793014
2265,110.985,1.06013733148575
2266,111.034,1.03769034147262
2267,111.083,1.03355637192726
2268,111.132,1.04974502325058
2269,111.181,1.05470168590546
2270,111.23,1.0670879483223
2271,111.279,1.05613607168197
2272,111.328,0.975658208131791
2273,111.377,1.03487807512284
2274,111.426,1.039166867733
2275,111.475,1.11481356620788
2276,111.524,1.22310441732407
2277,111.573,1.25893414020538
2278,111.622,1.31434816122055
2279,111.671,1.14370769262314
2280,111.72,1.24036538600921
2281,111.769,1.24269038438797
2282,111.818,1.22496998310089
2283,111.867,1.22244936227799
2284,111.916,1.32101404666901
2285,111.965,1.23636728525161
2286,112.014,1.3628311753273
2287,112.063,1.24244743585587
2288,112.112,1.27028942108154
2289,112.161,1.28251200914383
2290,112.21,1.25636672973633
2291,112.259,1.39544636011124
2292,112.308,1.38028693199158
2293,112.357,1.29991757869721
2294,112.406,1.24680191278458
2295,112.455,1.24255478382111
2296,112.504,1.26225328445435
2297,112.553,1.35736656188965
2298,112.602,1.3358565568924
2299,112.651,1.28545743227005
2300,112.7,1.24944669008255
2301,112.749,1.17476695775985
2302,112.798,1.20477163791656
2303,112.847,1.27761316299438
2304,112.896,1.32824379205704
2305,112.945,1.38085567951203
2306,112.994,1.2868315577507
2307,113.043,1.26500189304352
2308,113.092,1.12884050607681
2309,113.141,1.20483773946762
2310,113.19,1.17768985033036
2311,113.239,1.22050112485886
2312,113.288,1.22075217962265
2313,113.337,1.20444655418396
2314,113.386,1.30603635311126
2315,113.435,1.26460945606232
2316,113.484,1.33964985609054
2317,113.533,1.31489038467407
2318,113.582,1.29480856657029
2319,113.631,1.25402927398682
2320,113.68,1.21733671426773
2321,113.729,1.14088124036789
2322,113.778,1.0137457549572
2323,113.827,1.15248960256576
2324,113.876,1.11065626144409
2325,113.925,1.16199243068695
2326,113.974,1.15768712759018
2327,114.023,1.18667042255402
2328,114.072,1.16080385446549
2329,114.121,1.03650179505348
2330,114.17,1.01992779970169
2331,114.219,1.03020459413528
2332,114.268,1.12778419256211
2333,114.317,1.12637531757355
2334,114.366,1.18648040294648
2335,114.415,1.07090210914612
2336,114.464,1.13456499576569
2337,114.513,1.17411082983017
2338,114.562,1.23532515764236
2339,114.611,1.38441270589828
2340,114.66,1.2675838470459
2341,114.709,1.3490160703659
2342,114.758,1.35269445180893
2343,114.807,1.35687923431396
2344,114.856,1.36523878574371
2345,114.905,1.19926220178605
2346,114.954,1.25260722637177
2347,115.003,1.17828702926636
2348,115.052,1.17162936925888
2349,115.101,1.07690465450287
2350,115.15,1.01916015148163
2351,115.199,1.19544154405594
2352,115.248,1.09771102666855
2353,115.297,1.14024603366852
2354,115.346,1.18115359544754
2355,115.395,1.3132655620575
2356,115.444,1.17341494560241
2357,115.493,1.19780743122101
2358,115.542,1.15897434949875
2359,115.591,1.09814667701721
2360,115.64,1.17594677209854
2361,115.689,1.21317541599274
2362,115.738,1.19919329881668
2363,115.787,1.18961185216904
2364,115.836,1.29413378238678
2365,115.885,1.28386431932449
2366,115.934,1.30105537176132
2367,115.983,1.29479610919953
2368,116.032,1.40926933288574
2369,116.081,1.30837255716323
2370,116.13,1.25624424219132
2371,116.179,1.29085773229599
2372,116.228,1.35100787878036
2373,116.277,1.39782840013504
2374,116.326,1.40515524148941
2375,116.375,1.39538961648941
2376,116.424,1.26603353023529
2377,116.473,1.24123549461365
2378,116.522,1.18952494859696
2379,116.571,1.12968516349793
2380,116.62,1.05011010169983
2381,116.669,0.981202244758606
2382,116.718,0.907503604888916
2383,116.767,0.910626798868179
2384,116.816,0.870046854019165
2385,116.865,0.961753100156783
2386,116.914,0.891835689544678
2387,116.963,0.912233740091324
2388,117.012,1.0169307589531
2389,117.061,1.00341203808785
2390,117.11,1.01435905694962
2391,117.159,0.896105736494065
2392,117.208,0.866177707910537
2393,117.257,0.947636425495148
2394,117.306,1.04156798124313
2395,117.355,1.04777026176453
2396,117.404,1.07769823074341
2397,117.453,1.02423334121704
2398,117.502,0.940113484859467
2399,117.551,1.07268297672272
2400,117.6,1.11097794771195
2401,117.649,1.0173556804657
2402,117.698,1.05344986915588
2403,117.747,1.00005012750625
2404,117.796,1.03136402368546
2405,117.845,0.977849036455154
2406,117.894,1.03726291656494
2407,117.943,0.927620828151703
2408,117.992,0.893375635147095
2409,118.041,0.938784897327424
2410,118.09,0.951534748077393
2411,118.139,0.900382697582245
2412,118.188,0.946635961532593
2413,118.237,0.897324770689011
2414,118.286,0.896979123353958
2415,118.335,0.966496378183364
2416,118.384,0.975614368915557
2417,118.433,0.929727315902712
2418,118.482,0.998717963695525
2419,118.531,0.985400587320328
2420,118.58,0.977685719728472
2421,118.629,0.966546088457106
2422,118.678,0.96521517634392
2423,118.727,1.08148473501205
2424,118.776,1.04977053403854
2425,118.825,1.04634225368499
2426,118.874,1.14529383182526
2427,118.923,1.04418462514877
2428,118.972,1.05474326014519
2429,119.021,0.991926074028014
2430,119.07,0.943392395973206
2431,119.119,0.906374931335449
2432,119.168,0.89971512556076
2433,119.217,1.01200729608536
2434,119.266,1.04943123459816
2435,119.315,0.99165314435959
2436,119.364,0.973117709159853
2437,119.413,1.06518256664277
2438,119.462,0.992109924554825
2439,119.511,1.05257987976074
2440,119.56,0.932594358921051
2441,119.609,1.10173046588898
2442,119.658,1.1099797487259
2443,119.707,1.06908392906189
2444,119.756,1.10532349348069
2445,119.805,1.09711757302284
2446,119.854,1.08082038164139
2447,119.903,0.925913989543913
2448,119.952,1.00729978084564
2449,120.001,0.953025907278061
2450,120.05,0.868940949440002
2451,120.099,0.958853900432586
2452,120.148,1.02711272239686
2453,120.197,1.00115105509758
2454,120.246,0.938014268875122
2455,120.295,1.01503244042397
2456,120.344,1.14237469434738
2457,120.393,1.1084775030613
2458,120.442,1.14637625217437
2459,120.491,1.19723695516586
2460,120.54,1.05881023406982
2461,120.589,1.12212705612183
2462,120.638,1.11359655857086
2463,120.687,1.08874964714051
2464,120.736,1.19997209310532
2465,120.785,1.16968697309494
2466,120.834,1.11627489328384
2467,120.883,1.20545381307602
2468,120.932,1.26110774278641
2469,120.981,1.2638714313507
2470,121.03,1.21279001235962
2471,121.079,1.24590790271759
2472,121.128,1.26920986175538
2473,121.177,1.15129274129868
2474,121.226,1.34055829048157
2475,121.275,1.15787124633789
2476,121.324,1.17652553319931
2477,121.373,1.08836251497268
2478,121.422,1.05944815278053
2479,121.471,0.960090309381483
2480,121.52,1.0728200674057
2481,121.569,1.04418870806694
2482,121.618,1.01828733086586
2483,121.667,0.928875386714935
2484,121.716,0.936662942171095
2485,121.765,1.02691948413849
2486,121.814,0.995824575424196
2487,121.863,1.04086762666702
2488,121.912,1.13057899475098
2489,121.961,1.07544833421707
2490,122.01,1.13639914989472
2491,122.059,1.01477009057998
2492,122.108,1.01599916815758
2493,122.157,1.04322776198387
2494,122.206,0.981948584318161
2495,122.255,0.97239515185356
2496,122.304,0.967550009489057
2497,122.353,0.923446029424668
2498,122.402,0.931129455566407
2499,122.451,0.934875726699829
2500,122.5,0.907193958759307
2501,122.549,0.962125778198241
2502,122.598,1.01880791783333
2503,122.647,1.07211917638779
2504,122.696,1.04475459456444
2505,122.745,1.08856916427612
2506,122.794,1.14571219682694
2507,122.843,1.09149631857872
2508,122.892,1.19256180524826
2509,122.941,1.1157653927803
2510,122.99,1.07860550284386
2511,123.039,0.940065473318102
2512,123.088,0.973526924848556
2513,123.137,1.0412603020668
2514,123.186,1.04564741253853
2515,123.235,1.03779485821724
2516,123.284,1.17731955647468
2517,123.333,1.04803213477135
2518,123.382,0.95919734239578
2519,123.431,1.07997792959213
2520,123.48,1.04397571086884
2521,123.529,1.06900045275688
2522,123.578,0.97661793231964
2523,123.627,0.894093096256255
2524,123.676,1.03951171040535
2525,123.725,0.929983347654345
2526,123.774,0.885282665491102
2527,123.823,0.864480406045915
2528,123.872,0.910294383764266
2529,123.921,0.886061608791352
2530,123.97,0.951849699020384
2531,124.019,0.836604624986649
2532,124.068,0.91175889968872
2533,124.117,0.983135163784026
2534,124.166,1.01128447055817
2535,124.215,1.02109748125076
2536,124.264,0.957067012786863
2537,124.313,0.899096965789795
2538,124.362,0.929632842540741
2539,124.411,0.920057415962219
2540,124.46,1.02892735600471
2541,124.509,1.09428632259369
2542,124.558,1.05572301149368
2543,124.607,1.08452126383781
2544,124.656,1.09911924600601
2545,124.705,1.17297565937042
2546,124.754,1.04170617461204
2547,124.803,1.14298918843269
2548,124.852,1.14219546318054
2549,124.901,1.18865311145783
2550,124.95,0.983110994100569
2551,124.999,0.976503044366837
2552,125.048,1.02289283275604
2553,125.097,0.905153125524522
2554,125.146,0.962752252817153
2555,125.195,1.06071570515632
2556,125.244,1.08500799536705
2557,125.293,1.05917367339134
2558,125.342,1.06279167532921
2559,125.391,1.14216035604477
2560,125.44,1.1061302125454
2561,125.489,0.971791326999663
2562,125.538,0.880602598190306
2563,125.587,0.865297675132751
2564,125.636,0.957985401153565
2565,125.685,1.03253939747811
2566,125.734,0.985131919384002
2567,125.783,0.886931836605073
2568,125.832,0.843094676733018
2569,125.881,0.900194376707077
2570,125.93,0.851428329944611
2571,125.979,0.89395675063133
2572,126.028,0.887465745210648
2573,126.077,0.917817413806914
2574,126.126,0.89107033610344
2575,126.175,0.992430716753004
2576,126.224,0.882976412773132
2577,126.273,0.963432759046556
2578,126.322,0.943956255912779
2579,126.371,0.830784529447554
2580,126.42,0.948905438184737
2581,126.469,0.902008265256883
2582,126.518,0.960791915655136
2583,126.567,0.999270051717759
2584,126.616,1.04225379228592
2585,126.665,1.02500730752945
2586,126.714,0.948288738727572
2587,126.763,0.840943962335587
2588,126.812,0.891444683074952
2589,126.861,0.939698338508606
2590,126.91,1.02697822451591
2591,126.959,1.11779707670212
2592,127.008,0.968499302864075
2593,127.057,1.01587042212486
2594,127.106,0.954452574253081
2595,127.155,0.952428847551348
2596,127.204,0.958810269832609
2597,127.253,0.965709716081618
2598,127.302,0.932793438434601
2599,127.351,1.02930983901024
2600,127.4,1.03928080201149
2601,127.449,0.995568364858629
2602,127.498,0.877407252788542
2603,127.547,0.971581131219861
2604,127.596,0.896714985370636
2605,127.645,1.00494652986526
2606,127.694,0.917686223983766
2607,127.743,0.936707019805907
2608,127.792,0.948894858360289
2609,127.841,0.928853660821914
2610,127.89,0.855593949556351
2611,127.939,0.862572491168976
2612,127.988,0.8549242913723
2613,128.037,0.912506192922592
2614,128.086,0.870270818471909
2615,128.135,0.83638072013855
2616,128.184,0.859846204519272
2617,128.233,0.884128361940384
2618,128.282,0.930102616548536
2619,128.331,0.897944033145907
2620,128.38,0.918392777442931
2621,128.429,0.884576737880707
2622,128.478,0.995945692062376
2623,128.527,0.954950064420703
2624,128.576,0.924598991870881
2625,128.625,0.895226418972015
2626,128.674,0.941447883844374
2627,128.723,0.902505218982697
2628,128.772,0.95454493165016
2629,128.821,0.981503903865816
2630,128.87,0.960150927305222
2631,128.919,0.908908754587173
2632,128.968,0.93087401986122
2633,129.017,0.942814618349077
2634,129.066,1.04395762085915
2635,129.115,0.855589300394058
2636,129.164,0.814862996339798
2637,129.213,0.913698345422744
2638,129.262,0.917464673519133
2639,129.311,1.08307084441185
2640,129.36,0.950636476278306
2641,129.409,0.856941372156143
2642,129.458,0.900237530469893
2643,129.507,0.961709022521971
2644,129.556,0.90068459510803
2645,129.605,0.874008655548097
2646,129.654,0.919549435377121
2647,129.703,0.887747406959536
2648,129.752,0.828235805034638
2649,129.801,0.835099726915361
2650,129.85,0.86901071667671
2651,129.899,0.897099584341049
2652,129.948,0.819460153579712
2653,129.997,0.919378072023391
2654,130.046,0.874268591403961
2655,130.095,0.818127602338791
2656,130.144,0.820325642824173
2657,130.193,0.770878225564956
2658,130.242,0.814399182796476
2659,130.291,0.791122168302536
2660,130.34,0.882392823696136
2661,130.389,0.85249662399292
2662,130.438,0.939343661069871
2663,130.487,0.913273721933364
2664,130.536,0.885188192129135
2665,130.585,0.850196868181229
2666,130.634,0.836131930351258
2667,130.683,0.919270128011703
2668,130.732,0.773874849081039
2669,130.781,0.792781770229339
2670,130.83,0.704453349113465
2671,130.879,0.847476154565811
2672,130.928,0.934919774532317
2673,130.977,0.940517514944076
2674,131.026,0.914195477962493
2675,131.075,0.885874330997464
2676,131.124,0.955045968294143
2677,131.173,0.883870631456374
2678,131.222,0.876096099615096
2679,131.271,0.976597875356676
2680,131.32,0.884203523397446
2681,131.369,0.901034533977511
2682,131.418,0.899275630712507
2683,131.467,0.903037756681442
2684,131.516,0.873226374387742
2685,131.565,0.885085940361021
2686,131.614,0.819310069084167
2687,131.663,0.849290788173674
2688,131.712,0.84095400571823
2689,131.761,0.928830325603485
2690,131.81,0.891179561614992
2691,131.859,0.839186251163484
2692,131.908,0.80902647972107
2693,131.957,0.84130272269249
2694,132.006,0.869326710700989
2695,132.055,0.867601454257964
2696,132.104,0.88243955373764
2697,132.153,0.834478914737702
2698,132.202,0.866808295249939
2699,132.251,0.891658693552017
2700,132.3,0.896856397390364
2701,132.349,0.95029428601265
2702,132.398,0.87225979566574
2703,132.447,0.98376640677452
2704,132.496,1.05229419469833
2705,132.545,0.892643272876738
2706,132.594,0.941987484693529
2707,132.643,0.971280753612519
2708,132.692,0.955348342657088
2709,132.741,1.03690218925476
2710,132.79,0.990332245826719
2711,132.839,0.965184748172761
2712,132.888,0.93976363539696
2713,132.937,0.929484993219375
2714,132.986,0.942630827426912
2715,133.035,0.897232681512833
2716,133.084,0.924557268619538
2717,133.133,0.886255323886873
2718,133.182,0.840998142957686
2719,133.231,0.827513456344604
2720,133.28,0.844791859388353
2721,133.329,0.790358632802963
2722,133.378,0.867736667394638
2723,133.427,0.852711170911789
2724,133.476,0.901471406221388
2725,133.525,0.905875653028488
2726,133.574,0.892135620117188
2727,133.623,0.949982672929761
2728,133.672,0.900650352239609
2729,133.721,0.993952810764313
2730,133.77,0.922663182020187
2731,133.819,0.928995788097381
2732,133.868,0.839275777339935
2733,133.917,0.922671586275101
2734,133.966,0.974990546703338
2735,134.015,0.863717138767242
2736,134.064,0.919059634208679
2737,134.113,0.974904239177704
2738,134.162,0.865513116121292
2739,134.211,0.90344363451004
2740,134.26,0.898444116115571
2741,134.309,0.872949808835983
2742,134.358,0.819330781698227
2743,134.407,0.824871838092804
2744,134.456,0.698848009109497
2745,134.505,0.749636769294739
2746,134.554,0.750711888074874
2747,134.603,0.785923838615417
2748,134.652,0.794589459896088
2749,134.701,0.762863934040069
2750,134.75,0.780862331390381
2751,134.799,0.817802160978317
2752,134.848,0.78915736079216
2753,134.897,0.868932604789734
2754,134.946,0.900196433067324
2755,134.995,0.974198758602142
2756,135.044,0.874497056007385
2757,135.093,0.909966558218001
2758,135.142,0.898564368486405
2759,135.191,0.846558004617691
2760,135.24,0.897812157869339
2761,135.289,0.853558063507079
2762,135.338,0.826924353837966
2763,135.387,0.817678213119507
2764,135.436,0.914482563734055
2765,135.485,0.817271918058395
2766,135.534,0.871038556098938
2767,135.583,0.854783982038497
2768,135.632,0.790280282497406
2769,135.681,0.909869134426116
2770,135.73,0.937627047300339
2771,135.779,0.948934227228167
2772,135.828,0.730716913938523
2773,135.877,0.819737583398819
2774,135.926,0.840924203395844
2775,135.975,0.885851502418519
2776,136.024,0.856327027082443
2777,136.073,0.900039911270144
2778,136.122,0.869398504495621
2779,136.171,0.897944808006286
2780,136.22,0.893585801124573
2781,136.269,0.941553443670274
2782,136.318,0.883875876665115
2783,136.367,0.869290143251419
2784,136.416,0.870014518499375
2785,136.465,0.814744472503663
2786,136.514,0.86513340473175
2787,136.563,0.856520414352417
2788,136.612,0.790923714637757
2789,136.661,0.854803025722503
2790,136.71,0.91620284318924
2791,136.759,0.933271318674088
2792,136.808,0.82732942700386
2793,136.857,0.849930495023727
2794,136.906,0.906520187854767
2795,136.955,0.874915987253189
2796,137.004,0.986527144908905
2797,137.053,0.901216119527819
2798,137.102,0.890197724103928
2799,137.151,0.867791026830674
2800,137.2,0.899111866950989
2801,137.249,0.729492813348771
2802,137.298,0.801051199436188
2803,137.347,0.852388262748718
2804,137.396,0.758529722690582
2805,137.445,0.808996081352234
2806,137.494,0.843185126781463
2807,137.543,0.885739445686341
2808,137.592,0.804337292909622
2809,137.641,0.851961195468902
2810,137.69,0.905752062797546
2811,137.739,0.808514297008515
2812,137.788,0.841535687446594
2813,137.837,0.873292058706284
2814,137.886,0.850531458854676
2815,137.935,0.865176796913147
2816,137.984,0.745567291975021
2817,138.033,0.72836497426033
2818,138.082,0.760591834783554
2819,138.131,0.78441709280014
2820,138.18,0.838548958301544
2821,138.229,0.786507099866867
2822,138.278,0.806496381759644
2823,138.327,0.826398581266403
2824,138.376,0.81905072927475
2825,138.425,0.876108348369597
2826,138.474,0.870426088571548
2827,138.523,0.75997605919838
2828,138.572,0.785731077194213
2829,138.621,0.724694788455963
2830,138.67,0.783931076526642
2831,138.719,0.811124801635743
2832,138.768,0.892932295799255
2833,138.817,0.874364137649536
2834,138.866,0.90877252817154
2835,138.915,0.97339653968811
2836,138.964,1.08224326372147
2837,139.013,1.12138056755066
2838,139.062,1.05089062452316
2839,139.111,1.10316878557206
2840,139.16,0.99064874649048
2841,139.209,0.995476931333539
2842,139.258,0.891714245080948
2843,139.307,0.816654831171036
2844,139.356,0.897774845361709
2845,139.405,0.852187901735306
2846,139.454,0.826721370220184
2847,139.503,0.737446218729019
2848,139.552,0.798446029424668
2849,139.601,0.827687174081802
2850,139.65,0.886396080255508
2851,139.699,0.801915973424911
2852,139.748,0.888340979814529
2853,139.797,0.933637827634811
2854,139.846,0.865393191576004
2855,139.895,0.926959216594696
2856,139.944,0.87048265337944
2857,139.993,0.875440716743469
2858,140.042,0.860896438360214
2859,140.091,0.874472856521606
2860,140.14,0.884855657815933
2861,140.189,0.830284804105758
2862,140.238,0.866997897624969
2863,140.287,0.973688870668412
2864,140.336,0.874048471450805
2865,140.385,0.964644402265548
2866,140.434,0.872086822986603
2867,140.483,0.918514043092728
2868,140.532,0.962497055530548
2869,140.581,0.922565847635269
2870,140.63,0.891092449426651
2871,140.679,0.936170816421509
2872,140.728,0.865033626556396
2873,140.777,0.903162062168122
2874,140.826,0.8974429666996
2875,140.875,0.841679096221923
2876,140.924,0.969140946865082
2877,140.973,0.933161854743958
2878,141.022,0.964983284473421
2879,141.071,0.887483537197113
2880,141.12,0.878363311290741
2881,141.169,0.920444041490554
2882,141.218,0.858778864145278
2883,141.267,0.910772502422331
2884,141.316,0.831816673278809
2885,141.365,0.940924316644669
2886,141.414,1.03202915191651
2887,141.463,0.939937114715577
2888,141.512,0.884295105934143
2889,141.561,0.933102011680603
2890,141.61,0.895007878541946
2891,141.659,0.981886416673658
2892,141.708,0.851550579071045
2893,141.757,0.95025423169136
2894,141.806,0.93346181511879
2895,141.855,0.904707014560699
2896,141.904,0.996261566877365
2897,141.953,0.919521540403366
2898,142.002,0.964217990636827
2899,142.051,0.993756145238878
2900,142.1,0.9683141708374
2901,142.149,0.982521176338198
2902,142.198,0.968214482069016
2903,142.247,0.934198379516602
2904,142.296,0.917864918708801
2905,142.345,0.953378945589066
2906,142.394,0.992823123931887
2907,142.443,0.892838060855865
2908,142.492,0.881014257669449
2909,142.541,0.942535102367403
2910,142.59,0.917840301990509
2911,142.639,0.934968799352646
2912,142.688,0.932534724473953
2913,142.737,0.923641264438629
2914,142.786,0.909307777881623
2915,142.835,0.856411099433899
2916,142.884,0.833734899759292
2917,142.933,0.985410064458845
2918,142.982,0.886442691087723
2919,143.031,0.812146693468094
2920,143.08,0.84932941198349
2921,143.129,0.892600566148757
2922,143.178,0.94097051024437
2923,143.227,0.853202700614929
2924,143.276,0.89090695977211
2925,143.325,0.890773236751557
2926,143.374,0.971393555402756
2927,143.423,0.902108460664749
2928,143.472,1.02587482333183
2929,143.521,1.00226253271103
2930,143.57,1.01966187357902
2931,143.619,1.09856206178665
2932,143.668,1.07932350039482
2933,143.717,1.15468221902848
2934,143.766,1.08843702077865
2935,143.815,1.16664236783981
2936,143.864,1.22783946990966
2937,143.913,1.02016252279282
2938,143.962,1.08061134815216
2939,144.011,1.08661705255509
2940,144.06,1.07696104049682
2941,144.109,1.10966831445694
2942,144.158,1.10201060771942
2943,144.207,1.1554719209671
2944,144.256,1.18624585866928
2945,144.305,1.21874421834946
2946,144.354,1.11191815137864
2947,144.403,1.13494217395783
2948,144.452,1.08976054191589
2949,144.501,1.08297967910767
2950,144.55,1.04311797022819
2951,144.599,1.14600363373757
2952,144.648,1.0403408408165
2953,144.697,1.05854076147079
2954,144.746,1.12498557567597
2955,144.795,1.13906383514405
2956,144.844,1.15960687398911
2957,144.893,1.14632469415665
2958,144.942,1.13149589300156
2959,144.991,1.14483642578125
2960,145.04,1.16212266683578
2961,145.089,1.24933481216431
2962,145.138,1.11950427293778
2963,145.187,1.14903706312179
2964,145.236,1.11439120769501
2965,145.285,1.05907991528511
2966,145.334,1.15115416049957
2967,145.383,1.1295502781868
2968,145.432,1.18351918458939
2969,145.481,1.09744220972061
2970,145.53,1.13383960723877
2971,145.579,1.07196420431137
2972,145.628,1.09996312856675
2973,145.677,1.07413667440414
2974,145.726,1.11309379339218
2975,145.775,1.17273569107056
2976,145.824,1.18386125564575
2977,145.873,1.16186732053756
2978,145.922,1.12683570384979
2979,145.971,0.992298007011414
2980,146.02,1.11156052350998
2981,146.069,1.02435356378555
2982,146.118,1.08409035205841
2983,146.167,1.01473489403725
2984,146.216,1.01472678780556
2985,146.265,1.07267707586288
2986,146.314,1.02637583017349
2987,146.363,1.12828314304351
2988,146.412,1.10128420591355
2989,146.461,1.03680318593979
2990,146.51,1.033018887043
2991,146.559,1.1593724489212
2992,146.608,1.18379181623459
2993,146.657,1.19785517454148
2994,146.706,1.11514115333557
2995,146.755,1.07324856519699
2996,146.804,0.987865090370178
2997,146.853,1.13542926311493
2998,146.902,1.00209477543831
2999,146.951,1.05169099569321
3000,147,1.00863093137741
3001,147.049,1.04587626457214
3002,147.098,1.05415028333664
3003,147.147,1.05247229337692
3004,147.196,1.22571957111359
3005,147.245,1.16679096221923
3006,147.294,1.08077985048295
3007,147.343,1.10602849721909
3008,147.392,1.15053755044937
3009,147.441,1.13609898090363
3010,147.49,1.10611444711685
3011,147.539,1.06732356548309
3012,147.588,1.14596807956696
3013,147.637,1.31800901889801
3014,147.686,1.24929821491241
3015,147.735,1.23406565189362
3016,147.784,1.26555246114731
3017,147.833,1.15036129951477
3018,147.882,1.09305256605148
3019,147.931,1.18221849203109
3020,147.98,1.06168013811111
3021,148.029,1.08898895978928
3022,148.078,1.18487745523452
3023,148.127,1.17631953954696
3024,148.176,1.1675922870636
3025,148.225,1.17859202623367
3026,148.274,1.21259891986847
3027,148.323,1.26021498441696
3028,148.372,1.32218301296234
3029,148.421,1.20334792137146
3030,148.47,1.26815640926361
3031,148.519,1.35162323713303
3032,148.568,1.22484201192856
3033,148.617,1.20691454410553
3034,148.666,1.25812983512879
3035,148.715,1.170281291008
3036,148.764,1.17257183790207
3037,148.813,1.23392862081527
3038,148.862,1.17556220293045
3039,148.911,1.13646113872528
3040,148.96,1.1624230146408
3041,149.009,1.1396998167038
3042,149.058,1.1351587176323
3043,149.107,1.19815522432327
3044,149.156,1.26792448759079
3045,149.205,1.16623049974442
3046,149.254,1.20907282829284
3047,149.303,1.19499120116234
3048,149.352,1.22523656487465
3049,149.401,1.13783514499664
3050,149.45,1.02791982889175
3051,149.499,1.05032446980476
3052,149.548,1.12876212596893
3053,149.597,1.38761103153228
3054,149.646,1.28663468360901
3055,149.695,1.17313420772552
3056,149.744,1.26333314180374
3057,149.793,1.23472648859024
3058,149.842,1.25552755594253
3059,149.891,1.1724750995636
3060,149.94,1.43455600738525
3061,149.989,1.20799535512924
3062,150.038,1.31636095046997
3063,150.087,1.36333763599395
3064,150.136,1.3284341096878
3065,150.185,1.18351137638092
3066,150.234,1.1408069729805
3067,150.283,1.19764906167984
3068,150.332,1.20790749788284
3069,150.381,1.14245209097862
3070,150.43,1.23838835954666
3071,150.479,1.22846052050591
3072,150.528,1.26007154583931
3073,150.577,1.24093922972679
3074,150.626,1.31568568944931
3075,150.675,1.39862990379333
3076,150.724,1.30727925896645
3077,150.773,1.30045282840728
3078,150.822,1.17426365613937
3079,150.871,1.22454848885536
3080,150.92,1.14900508522987
3081,150.969,1.16324427723884
3082,151.018,1.18959674239159
3083,151.067,1.283935546875
3084,151.116,1.30350685119629
3085,151.165,1.38552838563919
3086,151.214,1.25562036037445
3087,151.263,1.26736980676651
3088,151.312,1.419293820858
3089,151.361,1.3917689025402
3090,151.41,1.25284689664841
3091,151.459,1.30036252737046
3092,151.508,1.29889929294586
3093,151.557,1.17201107740402
3094,151.606,1.11156183481216
3095,151.655,1.05044227838516
3096,151.704,1.16989433765412
3097,151.753,1.25993674993515
3098,151.802,1.14483058452606
3099,151.851,1.25359982252121
3100,151.9,1.39427828788758
3101,151.949,1.35133117437363
3102,151.998,1.32166630029679
3103,152.047,1.35383427143097
3104,152.096,1.22850209474564
3105,152.145,1.09741085767746
3106,152.194,1.2992113828659
3107,152.243,1.2433363199234
3108,152.292,1.21445614099502
3109,152.341,1.17885112762451
3110,152.39,1.27794462442398
3111,152.439,1.30748462677002
3112,152.488,1.22047883272171
3113,152.537,1.24624884128571
3114,152.586,1.14118933677674
3115,152.635,1.11187517642975
3116,152.684,1.04377329349518
3117,152.733,1.04134690761567
3118,152.782,1.06555098295212
3119,152.831,1.12996023893356
3120,152.88,1.16341912746429
3121,152.929,1.22894740104675
3122,152.978,1.204330265522
3123,153.027,1.13525825738907
3124,153.076,1.11202466487884
3125,153.125,1.05838733911515
3126,153.174,1.05483537912369
3127,153.223,1.15082252025604
3128,153.272,1.08927357196808
3129,153.321,1.14356875419617
3130,153.37,1.09821879863739
3131,153.419,1.00885808467865
3132,153.468,1.0500859618187
3133,153.517,1.02442359924316
3134,153.566,1.01306119561195
3135,153.615,1.0544830262661
3136,153.664,1.06033998727798
3137,153.713,1.12733483314514
3138,153.762,1.20484495162964
3139,153.811,1.19213765859604
3140,153.86,1.14264672994613
3141,153.909,1.06010329723358
3142,153.958,1.02565348148346
3143,154.007,1.20166307687759
3144,154.056,1.23265546560287
3145,154.105,1.3343831896782
3146,154.154,1.16062605381012
3147,154.203,1.13927000761032
3148,154.252,1.19636458158493
3149,154.301,1.27096748352051
3150,154.35,1.25184935331345
3151,154.399,1.41259878873826
3152,154.448,1.38074946403504
3153,154.497,1.42062026262284
3154,154.546,1.5166529417038
3155,154.595,1.48569977283477
3156,154.644,1.48467725515366
3157,154.693,1.46117568016053
3158,154.742,1.50350773334503
3159,154.791,1.43186175823211
3160,154.84,1.4141098856926
3161,154.889,1.24347472190856
3162,154.938,1.33145821094513
3163,154.987,1.49447315931321
3164,155.036,1.33382910490036
3165,155.085,1.24951428174972
3166,155.134,1.2783177793026
3167,155.183,1.30302059650421
3168,155.232,1.22644376754761
3169,155.281,1.17683053016663
3170,155.33,1.27639484405517
3171,155.379,1.31831955909729
3172,155.428,1.30430722236634
3173,155.477,1.331209897995
3174,155.526,1.28660780191422
3175,155.575,1.40787571668625
3176,155.624,1.22566866874695
3177,155.673,1.19012713432312
3178,155.722,1.12484008073807
3179,155.771,1.12596216797829
3180,155.82,1.2107657790184
3181,155.869,1.22849279642105
3182,155.918,1.27142196893692
3183,155.967,1.24494943022728
3184,156.016,1.20880466699601
3185,156.065,1.26142400503159
3186,156.114,1.28429493308067
3187,156.163,1.31233862042427
3188,156.212,1.37451839447021
3189,156.261,1.40027058124542
3190,156.31,1.31558620929718
3191,156.359,1.23156279325485
3192,156.408,1.29318058490753
3193,156.457,1.32792598009109
3194,156.506,1.22040539979934
3195,156.555,1.28494739532471
3196,156.604,1.18687230348587
3197,156.653,1.26239162683487
3198,156.702,1.32354128360749
3199,156.751,1.49349451065063
3200,156.8,1.35359299182891
3201,156.849,1.40667378902435
3202,156.898,1.4046441912651
3203,156.947,1.45360308885574
3204,156.996,1.61936801671982
3205,157.045,1.68217116594315
3206,157.094,1.57479131221772
3207,157.143,1.58338928222657
3208,157.192,1.70288753509521
3209,157.241,1.66417723894119
3210,157.29,1.65299677848816
3211,157.339,1.55231732130051
3212,157.388,1.49208801984787
3213,157.437,1.56433844566345
3214,157.486,1.48894220590592
3215,157.535,1.54056710004807
3216,157.584,1.4777439236641
3217,157.633,1.58922648429871
3218,157.682,1.50576108694076
3219,157.731,1.61975693702697
3220,157.78,1.61607402563095
3221,157.829,1.57860469818115
3222,157.878,1.55814355611801
3223,157.927,1.65914183855056
3224,157.976,1.61809468269348
3225,158.025,1.5648843050003
3226,158.074,1.61169028282165
3227,158.123,1.56975150108337
3228,158.172,1.61814922094345
3229,158.221,1.57755160331726
3230,158.27,1.53279179334641
3231,158.319,1.54293072223664
3232,158.368,1.46630120277404
3233,158.417,1.511723279953
3234,158.466,1.44122862815857
3235,158.515,1.46122795343399
3236,158.564,1.4105418920517
3237,158.613,1.40118145942688
3238,158.662,1.36818087100983
3239,158.711,1.22021222114563
3240,158.76,1.29308575391769
3241,158.809,1.33255565166473
3242,158.858,1.45207631587982
3243,158.907,1.37991392612457
3244,158.956,1.38937604427338
3245,159.005,1.47240203619003
3246,159.054,1.44538372755051
3247,159.103,1.2779735326767
3248,159.152,1.28128778934479
3249,159.201,1.33468872308731
3250,159.25,1.44840151071549
3251,159.299,1.41064351797104
3252,159.348,1.4860532283783
3253,159.397,1.43162137269974
3254,159.446,1.41266596317291
3255,159.495,1.43219089508057
3256,159.544,1.40363597869873
3257,159.593,1.41435360908509
3258,159.642,1.43067157268524
3259,159.691,1.36246019601822
3260,159.74,1.3655486702919
3261,159.789,1.42549109458923
3262,159.838,1.44434881210327
3263,159.887,1.37606191635131
3264,159.936,1.4263157248497
3265,159.985,1.40299504995346
3266,160.034,1.45427823066712
3267,160.083,1.64641392230988
3268,160.132,1.42813509702682
3269,160.181,1.49705988168716
3270,160.23,1.57239305973053
3271,160.279,1.54140549898147
3272,160.328,1.6436373591423
3273,160.377,1.50708574056625
3274,160.426,1.45429688692093
3275,160.475,1.36433386802673
3276,160.524,1.46491980552674
3277,160.573,1.3907253742218
3278,160.622,1.47615164518357
3279,160.671,1.4439834356308
3280,160.72,1.44035845994949
3281,160.769,1.52987110614777
3282,160.818,1.35181647539139
3283,160.867,1.42189383506775
3284,160.916,1.50825297832489
3285,160.965,1.5968810915947
3286,161.014,1.4969293475151
3287,161.063,1.36527073383331
3288,161.112,1.38346010446549
3289,161.161,1.48476761579514
3290,161.21,1.48720115423203
3291,161.259,1.45920675992965
3292,161.308,1.45424520969391
3293,161.357,1.43590641021728
3294,161.406,1.34196388721466
3295,161.455,1.35459089279175
3296,161.504,1.40919572114945
3297,161.553,1.41489052772522
3298,161.602,1.42649054527282
3299,161.651,1.49010998010636
3300,161.7,1.49380725622178
3301,161.749,1.49944484233856
3302,161.798,1.50612109899521
3303,161.847,1.42666798830033
3304,161.896,1.35968089103699
3305,161.945,1.37720173597336
3306,161.994,1.48122465610504
3307,162.043,1.5863311290741
3308,162.092,1.53404462337494
3309,162.141,1.588174700737
3310,162.19,1.48997455835342
3311,162.239,1.53076261281967
3312,162.288,1.51211601495743
3313,162.337,1.3865926861763
3314,162.386,1.45685148239135
3315,162.435,1.38530385494232
3316,162.484,1.31194251775741
3317,162.533,1.28158187866211
3318,162.582,1.3366596698761
3319,162.631,1.36594545841217
3320,162.68,1.30144983530045
3321,162.729,1.28455030918121
3322,162.778,1.2933149933815
3323,162.827,1.25942152738571
3324,162.876,1.26593339443207
3325,162.925,1.25304007530212
3326,162.974,1.30998528003692
3327,163.023,1.14907616376877
3328,163.072,1.07340750098228
3329,163.121,0.987221002578737
3330,163.17,1.00269436836243
3331,163.219,1.03917235136032
3332,163.268,1.04659554362297
3333,163.317,0.997057944536208
3334,163.366,1.01306921243668
3335,163.415,0.98765257000923
3336,163.464,1.03790256381035
3337,163.513,1.11475849151612
3338,163.562,1.05106967687607
3339,163.611,1.0433280467987
3340,163.66,1.06208914518357
3341,163.709,1.11667406558991
3342,163.758,0.96002671122551
3343,163.807,0.989601612091063
3344,163.856,1.12693959474564
3345,163.905,1.11225003004074
3346,163.954,1.05269718170166
3347,164.003,1.11789208650589
3348,164.052,1.11835950613022
3349,164.101,1.08123305439949
3350,164.15,1.09954467415809
3351,164.199,1.22853553295135
3352,164.248,1.05177900195122
3353,164.297,1.16038364171982
3354,164.346,1.13757592439652
3355,164.395,1.1739604473114
3356,164.444,1.14407297968864
3357,164.493,1.24561429023743
3358,164.542,1.30245208740234
3359,164.591,1.24497771263123
3360,164.64,1.33611917495727
3361,164.689,1.37738311290741
3362,164.738,1.33282637596131
3363,164.787,1.36957627534867
3364,164.836,1.36777174472809
3365,164.885,1.38317090272904
3366,164.934,1.33564072847366
3367,164.983,1.34024697542191
3368,165.032,1.36899882555008
3369,165.081,1.3673324584961
3370,165.13,1.34256011247635
3371,165.179,1.23811501264572
3372,165.228,1.22315895557403
3373,165.277,1.23554092645645
3374,165.326,1.24258333444595
3375,165.375,1.1406092941761
3376,165.424,1.16728377342224
3377,165.473,1.07895004749298
3378,165.522,1.16298675537109
3379,165.571,1.14483654499054
3380,165.62,1.15537148714066
3381,165.669,1.23481404781342
3382,165.718,1.21593552827835
3383,165.767,1.19805204868317
3384,165.816,1.13870167732239
3385,165.865,1.06878256797791
3386,165.914,1.0537422299385
3387,165.963,1.02573481202125
3388,166.012,1.01268962025642
3389,166.061,1.00684103369713
3390,166.11,1.07287949323654
3391,166.159,1.02878549695015
3392,166.208,1.02986741065979
3393,166.257,0.989153593778608
3394,166.306,0.945065021514891
3395,166.355,1.01768118143082
3396,166.404,1.08443221449852
3397,166.453,1.06205728650093
3398,166.502,0.973374545574189
3399,166.551,1.05422365665436
3400,166.6,1.01316529512405
3401,166.649,1.1530160009861
3402,166.698,1.08333268761635
3403,166.747,1.05194786190986
3404,166.796,1.03145202994347
3405,166.845,1.05001118779183
3406,166.894,1.10386192798615
3407,166.943,1.10861593484878
3408,166.992,1.1239418387413
3409,167.041,1.00561487674713
3410,167.09,1.09667646884918
3411,167.139,0.983212977647781
3412,167.188,1.06529903411865
3413,167.237,1.041821539402
3414,167.286,1.09910729527474
3415,167.335,1.11824250221252
3416,167.384,1.05503022670746
3417,167.433,1.12883073091507
3418,167.482,1.18971806764603
3419,167.531,1.11599415540695
3420,167.58,1.19469875097274
3421,167.629,1.10626053810119
3422,167.678,1.11208897829055
3423,167.727,1.09379303455353
3424,167.776,1.14442145824433
3425,167.825,1.17987012863159
3426,167.874,1.15774863958359
3427,167.923,1.08768236637116
3428,167.972,1.19795119762421
3429,168.021,1.1430773139
3430,168.07,1.17139089107514
3431,168.119,1.2120698094368
3432,168.168,1.17949110269547
3433,168.217,1.1939641237259
3434,168.266,1.17840832471847
3435,168.315,1.1873123049736
3436,168.364,1.18596279621124
3437,168.413,1.09014439582824
3438,168.462,1.09919458627701
3439,168.511,1.13010501861572
3440,168.56,1.20230573415756
3441,168.609,1.16128855943679
3442,168.658,1.15829014778137
3443,168.707,1.15190988779068
3444,168.756,1.17753106355667
3445,168.805,1.16397202014923
3446,168.854,1.19548290967942
3447,168.903,1.22648745775223
3448,168.952,1.1159625351429
3449,169.001,1.10625743865967
3450,169.05,1.04735007882118
3451,169.099,1.10975503921509
3452,169.148,1.14198535680771
3453,169.197,1.14225906133652
3454,169.246,1.09297174215317
3455,169.295,1.07300969958305
3456,169.344,1.14610728621483
3457,169.393,1.1035241484642
3458,169.442,1.09364646673203
3459,169.491,0.954701960086825
3460,169.54,0.954575151205065
3461,169.589,0.968778312206268
3462,169.638,1.00319263339043
3463,169.687,1.04136300086975
3464,169.736,1.16049167513848
3465,169.785,1.08908674120903
3466,169.834,1.0834955573082
3467,169.883,1.02305135130882
3468,169.932,1.08128362894058
3469,169.981,1.05017626285553
3470,170.03,1.02876028418541
3471,170.079,1.03769573569298
3472,170.128,1.05241593718529
3473,170.177,1.04093891382218
3474,170.226,1.1063574552536
3475,170.275,1.07198530435562
3476,170.324,1.07605916261673
3477,170.373,1.06975671648979
3478,170.422,1.08430171012878
3479,170.471,1.16569399833679
3480,170.52,1.08047926425934
3481,170.569,1.09456479549408
3482,170.618,1.08848351240158
3483,170.667,1.15122443437577
3484,170.716,1.07737642526626
3485,170.765,1.08231237530708
3486,170.814,1.07865461707115
3487,170.863,0.979578971862793
3488,170.912,1.10894295573235
3489,170.961,1.10230067372322
3490,171.01,1.09474572539329
3491,171.059,1.04118278622627
3492,171.108,1.07739084959031
3493,171.157,1.15547269582748
3494,171.206,1.18020457029343
3495,171.255,1.19195610284805
3496,171.304,1.17005527019501
3497,171.353,1.10815873742104
3498,171.402,1.14755180478096
3499,171.451,1.14764642715455
3500,171.5,1.27477139234543
3501,171.549,1.22763979434967
3502,171.598,1.14632573723793
3503,171.647,1.14436852931976
3504,171.696,1.11414468288421
3505,171.745,1.10176301002503
3506,171.794,1.19094949960708
3507,171.843,1.17651349306107
3508,171.892,1.22299683094025
3509,171.941,1.215327501297
3510,171.99,1.14808362722396
3511,172.039,1.09640753269196
3512,172.088,1.09351503849029
3513,172.137,1.09917110204696
3514,172.186,1.05617851018906
3515,172.235,1.0789466202259
3516,172.284,1.10956311225891
3517,172.333,1.09849718213081
3518,172.382,1.04256841540337
3519,172.431,1.02929002046585
3520,172.48,0.905501544475558
3521,172.529,0.999134987592695
3522,172.578,1.10101643204689
3523,172.627,1.16808786988258
3524,172.676,1.12259829044342
3525,172.725,1.12347093224526
3526,172.774,1.12816751003265
3527,172.823,1.09515053033829
3528,172.872,1.10852143168449
3529,172.921,1.11473041772842
3530,172.97,1.13404259085655
3531,173.019,1.08801710605621
3532,173.068,1.11596071720123
3533,173.117,1.05085057020188
3534,173.166,1.0073179602623
3535,173.215,0.974123597145079
3536,173.264,1.05917802453041
3537,173.313,0.988958060741427
3538,173.362,0.96347835659981
3539,173.411,0.942389935255051
3540,173.46,0.944311857223511
3541,173.509,0.958985626697541
3542,173.558,1.02297204732895
3543,173.607,0.952796518802641
3544,173.656,0.989513099193573
3545,173.705,0.992796063423159
3546,173.754,0.921342253684995
3547,173.803,0.937375038862228
3548,173.852,1.11586782336235
3549,173.901,1.0307864844799
3550,173.95,1.04854792356491
3551,173.999,0.954682767391204
3552,174.048,0.922797501087188
3553,174.097,0.954366117715835
3554,174.146,0.972113013267516
3555,174.195,1.00732725858688
3556,174.244,0.935681521892548
3557,174.293,1.0139856338501
3558,174.342,0.964852213859558
3559,174.391,0.95906910300255
3560,174.44,0.912432938814165
3561,174.489,0.982253700494767
3562,174.538,1.00776946544647
3563,174.587,1.06189349293709
3564,174.636,0.979288190603256
3565,174.685,0.970133483409882
3566,174.734,0.964363694190979
3567,174.783,1.04147788882255
3568,174.832,1.02760314941406
3569,174.881,1.07097458839417
3570,174.93,1.06645739078522
3571,174.979,1.13184982538223
3572,175.028,1.00788256525993
3573,175.077,0.987483501434327
3574,175.126,0.96874263882637
3575,175.175,1.01909232139588
3576,175.224,1.06896185874939
3577,175.273,0.972046494483949
3578,175.322,1.02509972453117
3579,175.371,0.996210396289823
3580,175.42,0.965350180864336
3581,175.469,0.951606839895249
3582,175.518,1.06358683109283
3583,175.567,0.911296784877777
3584,175.616,1.04423293471336
3585,175.665,0.975208342075348
3586,175.714,1.00860679149628
3587,175.763,0.95730599761009
3588,175.812,0.905682653188707
3589,175.861,0.918647348880768
3590,175.91,0.850351661443711
3591,175.959,0.947630614042282
3592,176.008,0.872602730989456
3593,176.057,0.944661021232607
3594,176.106,0.84859600663185
3595,176.155,0.850420147180557
3596,176.204,0.939390093088148
3597,176.253,0.903145998716357
3598,176.302,0.92433813214302
3599,176.351,0.985615551471712
3600,176.4,0.972196698188782
3601,176.449,0.919677823781967
3602,176.498,0.95223593711853
3603,176.547,0.934876650571824
3604,176.596,0.935485869646071
3605,176.645,0.839352309703827
3606,176.694,0.792527318000793
3607,176.743,0.859476029872895
3608,176.792,0.788077473640441
3609,176.841,0.898097813129427
3610,176.89,1.03739434480667
3611,176.939,0.973654359579088
3612,176.988,0.900840044021606
3613,177.037,0.86309489607811
3614,177.086,0.943028092384338
3615,177.135,0.91584125161171
3616,177.184,0.881124764680862
3617,177.233,0.894297152757647
3618,177.282,0.965448021888731
3619,177.331,0.879300206899645
3620,177.38,0.880931794643402
3621,177.429,0.873460084199906
3622,177.478,1.00634184479713
3623,177.527,0.999297350645064
3624,177.576,1.03676497936249
3625,177.625,0.984645187854765
3626,177.674,0.954941213130951
3627,177.723,0.858583927154541
3628,177.772,0.949213176965714
3629,177.821,0.973831951618192
3630,177.87,0.955454349517822
3631,177.919,0.923077911138535
3632,177.968,0.943438917398453
3633,178.017,0.947105199098589
3634,178.066,0.9360930621624
3635,178.115,0.938185811042786
3636,178.164,0.935706019401551
3637,178.213,0.879016816616059
3638,178.262,0.80759346485138
3639,178.311,0.905006796121598
3640,178.36,0.919150561094284
3641,178.409,0.85807329416275
3642,178.458,0.856923252344131
3643,178.507,0.805158585309982
3644,178.556,0.841000974178314
3645,178.605,0.874624043703079
3646,178.654,0.839120298624038
3647,178.703,0.911288022994995
3648,178.752,0.791658222675323
3649,178.801,0.931629985570907
3650,178.85,0.947210490703581
3651,178.899,0.827799588441849
3652,178.948,0.924531430006027
3653,178.997,0.916058778762818
3654,179.046,0.990466594696047
3655,179.095,1.04462406039238
3656,179.144,0.985803604125977
3657,179.193,0.989973068237304
3658,179.242,1.07345598936081
3659,179.291,1.04431688785553
3660,179.34,1.06632992625236
3661,179.389,1.13831889629365
3662,179.438,1.0417298078537
3663,179.487,1.15821880102158
3664,179.536,1.13392585515976
3665,179.585,1.13026022911072
3666,179.634,1.10109496116638
3667,179.683,1.06509453058243
3668,179.732,1.09530344605446
3669,179.781,1.04653799533844
3670,179.83,1.06297069787979
3671,179.879,0.999912232160568
3672,179.928,1.00779429078102
3673,179.977,1.06015968322754
3674,180.026,1.09581854939461
3675,180.075,1.04268550872803
3676,180.124,1.01596224308014
3677,180.173,0.992673844099045
3678,180.222,1.0300440788269
3679,180.271,0.935837537050249
3680,180.32,1.06058448553086
3681,180.369,1.06847631931305
3682,180.418,0.963034510612488
3683,180.467,0.986214607954023
3684,180.516,0.967669546604156
3685,180.565,0.938520431518554
3686,180.614,1.01728567481041
3687,180.663,1.05183470249176
3688,180.712,1.02361431717873
3689,180.761,1.12037831544876
3690,180.81,1.13887399435043
3691,180.859,1.09553241729737
3692,180.908,1.26183491945267
3693,180.957,1.17291754484177
3694,181.006,1.10770392417908
3695,181.055,1.23073595762253
3696,181.104,1.16940999031067
3697,181.153,1.13151583075523
3698,181.202,1.22967422008514
3699,181.251,1.15749904513359
3700,181.3,1.16323101520539
3701,181.349,1.17774975299835
3702,181.398,1.16662016510963
3703,181.447,1.20914882421494
3704,181.496,1.24646264314651
3705,181.545,1.13707229495049
3706,181.594,1.18401426076889
3707,181.643,1.23398518562317
3708,181.692,1.18460655212402
3709,181.741,1.16456818580628
3710,181.79,1.12201568484306
3711,181.839,1.18016451597214
3712,181.888,1.1346318423748
3713,181.937,1.11889582872391
3714,181.986,1.22081899642945
3715,182.035,1.14302182197571
3716,182.084,1.11685681343078
3717,182.133,1.16799050569535
3718,182.182,1.13379710912705
3719,182.231,1.12530547380447
3720,182.28,1.18600791692734
3721,182.329,1.07199054956437
3722,182.378,1.07463783025741
3723,182.427,1.1141574382782
3724,182.476,1.13599026203156
3725,182.525,1.08981716632843
3726,182.574,1.0460364818573
3727,182.623,1.0915088057518
3728,182.672,1.05245870351791
3729,182.721,1.11520206928254
3730,182.77,1.05569183826446
3731,182.819,1.07357504963875
3732,182.868,1.05838012695312
3733,182.917,1.05594655871391
3734,182.966,1.08372077345848
3735,183.015,1.0610269010067
3736,183.064,1.11091348528862
3737,183.113,1.08715453743935
3738,183.162,1.005286693573
3739,183.211,1.06752261519432
3740,183.26,1.13873571157455
3741,183.309,0.989092648029326
3742,183.358,1.02033996582031
3743,183.407,1.03729838132858
3744,183.456,1.09314638376236
3745,183.505,0.94389969110489
3746,183.554,1.00608244538307
3747,183.603,1.00267294049263
3748,183.652,1.06417617201805
3749,183.701,1.04161444306374
3750,183.75,1.00706788897515
3751,183.799,1.0930909216404
3752,183.848,1.07129457592964
3753,183.897,1.04788887500763
3754,183.946,1.04346686601639
3755,183.995,1.07176578044891
3756,184.044,1.01158040761948
3757,184.093,1.04338148236275
3758,184.142,0.973814547061922
3759,184.191,1.01575261354446
3760,184.24,1.05001068115235
3761,184.289,1.00883227586746
3762,184.338,1.00276112556457
3763,184.387,0.956975936889648
3764,184.436,1.00772565603256
3765,184.485,0.99538689851761
3766,184.534,1.11499708890915
3767,184.583,1.02306005358696
3768,184.632,1.08741509914398
3769,184.681,1.08277767896652
3770,184.73,0.997489750385284
3771,184.779,0.938471257686615
3772,184.828,0.838674306869507
3773,184.877,0.913494706153869
3774,184.926,1.08176308870316
3775,184.975,0.988621026277545
3776,185.024,1.00844249129295
3777,185.073,0.975455552339556
3778,185.122,0.97279381752014
3779,185.171,0.974710494279864
3780,185.22,1.0877970457077
3781,185.269,0.991954952478411
3782,185.318,0.941367387771604
3783,185.367,0.999286979436875
3784,185.416,0.965909749269484
3785,185.465,1.03920742869377
3786,185.514,1.05462083220482
3787,185.563,0.992661029100419
3788,185.612,1.06527921557427
3789,185.661,1.23115789890289
3790,185.71,1.14370685815812
3791,185.759,0.991728633642199
3792,185.808,1.06555980443954
3793,185.857,0.853147834539413
3794,185.906,0.857448816299438
3795,185.955,1.01617541909218
3796,186.004,0.972539216279986
3797,186.053,0.986719548702238
3798,186.102,0.910794168710709
3799,186.151,0.964436858892441
3800,186.2,0.864454656839371
3801,186.249,0.926259458065033
3802,186.298,0.826076239347457
3803,186.347,0.868403106927871
3804,186.396,0.907865762710572
3805,186.445,0.85846894979477
3806,186.494,0.912922412157058
3807,186.543,0.963393628597258
3808,186.592,1.01293301582336
3809,186.641,1.02357906103134
3810,186.69,0.936146169900893
3811,186.739,0.917627960443496
3812,186.788,1.02373975515366
3813,186.837,0.927955716848375
3814,186.886,0.9755736887455
3815,186.935,0.90109094977379
3816,186.984,0.965417593717577
3817,187.033,1.00783199071884
3818,187.082,1.03387275338173
3819,187.131,1.08213382959366
3820,187.18,0.946335732936859
3821,187.229,1.00044903159142
3822,187.278,0.910043865442276
3823,187.327,0.912057489156723
3824,187.376,1.09573632478714
3825,187.425,1.03489381074906
3826,187.474,1.11592203378678
3827,187.523,0.889872342348099
3828,187.572,0.944374233484268
3829,187.621,1.03914281725884
3830,187.67,0.980915367603302
3831,187.719,0.990369886159897
3832,187.768,1.04110091924667
3833,187.817,0.961473941802976
3834,187.866,0.969825088977813
3835,187.915,0.950864344835282
3836,187.964,0.962388873100281
3837,188.013,0.972750782966614
3838,188.062,1.04188877344132
3839,188.111,0.941324084997178
3840,188.16,0.928991198539735
3841,188.209,0.855410993099213
3842,188.258,0.949713110923767
3843,188.307,0.884322553873062
3844,188.356,0.913985460996628
3845,188.405,0.928458750247956
3846,188.454,0.846181064844131
3847,188.503,0.821174561977386
3848,188.552,0.872535616159439
3849,188.601,0.853006958961486
3850,188.65,0.832550257444382
3851,188.699,0.80950191617012
3852,188.748,0.786651492118835
3853,188.797,0.796418040990829
3854,188.846,0.809836804866791
3855,188.895,0.850271999835968
3856,188.944,0.8611840903759
3857,188.993,0.878058791160583
3858,189.042,0.86185285449028
3859,189.091,0.8661430478096
3860,189.14,0.925109148025512
3861,189.189,0.824489563703537
3862,189.238,0.869824200868607
3863,189.287,0.897500932216645
3864,189.336,0.933874219655991
3865,189.385,0.937197625637054
3866,189.434,0.967122286558151
3867,189.483,0.84673210978508
3868,189.532,0.858468741178513
3869,189.581,0.805418759584427
3870,189.63,0.792146027088165
3871,189.679,0.805647015571594
3872,189.728,0.902325838804245
3873,189.777,0.900656044483185
3874,189.826,0.858538031578064
3875,189.875,0.876419007778168
3876,189.924,0.936685770750046
3877,189.973,0.95105293393135
3878,190.022,0.950585126876832
3879,190.071,0.927950501441956
3880,190.12,0.994761884212491
3881,190.169,0.985195577144621
3882,190.218,0.836183995008469
3883,190.267,0.87586185336113
3884,190.316,0.862184762954712
3885,190.365,0.858632236719131
3886,190.414,0.88236927986145
3887,190.463,0.893958300352097
3888,190.512,0.899282962083816
3889,190.561,0.941000521183014
3890,190.61,0.998407691717146
3891,190.659,0.951333522796631
3892,190.708,0.919355720281601
3893,190.757,0.957259625196457
3894,190.806,0.991920948028562
3895,190.855,1.09021091461182
3896,190.904,1.15372043848037
3897,190.953,1.0067655146122
3898,191.002,1.11835044622421
3899,191.051,1.13846755027771
3900,191.1,1.22157114744186
3901,191.149,1.05801820755004
3902,191.198,1.09224164485931
3903,191.247,1.01188838481903
3904,191.296,1.07212114334106
3905,191.345,1.0203760266304
3906,191.394,1.04625409841538
3907,191.443,1.06000530719757
3908,191.492,1.11411222815514
3909,191.541,1.02394294738769
3910,191.59,1.07465171813964
3911,191.639,1.00073334574699
3912,191.688,1.05286651849747
3913,191.737,0.900738149881363
3914,191.786,0.964644342660903
3915,191.835,1.09900566935539
3916,191.884,1.07046040892601
3917,191.933,1.04891875386238
3918,191.982,0.976839452981948
3919,192.031,1.01254773139954
3920,192.08,1.02881062030792
3921,192.129,1.00719499588013
3922,192.178,1.01612085103989
3923,192.227,1.02218306064606
3924,192.276,1.00221312046051
3925,192.325,1.04158934950829
3926,192.374,1.07027196884155
3927,192.423,1.05109262466431
3928,192.472,1.06349885463715
3929,192.521,1.05573210120201
3930,192.57,0.911489129066468
3931,192.619,1.00177097320557
3932,192.668,1.05903565883636
3933,192.717,0.928848683834077
3934,192.766,0.939603865146639
3935,192.815,0.882388174533844
3936,192.864,0.885775029659271
3937,192.913,0.933178067207336
3938,192.962,0.988913834095002
3939,193.011,0.970572561025619
3940,193.06,0.94219958782196
3941,193.109,0.939798295497894
3942,193.158,0.981383204460146
3943,193.207,1.02548271417618
3944,193.256,1.04180607199669
3945,193.305,0.997511386871336
3946,193.354,1.04444387555123
3947,193.403,1.10149919986724
3948,193.452,1.01236036419868
3949,193.501,1.02741682529449
3950,193.55,1.12484008073806
3951,193.599,1.01978147029877
3952,193.648,1.07673129439354
3953,193.697,1.10161083936692
3954,193.746,1.08269402384758
3955,193.795,1.00601997971535
3956,193.844,1.06949239969253
3957,193.893,1.00821968913078
3958,193.942,0.98448771238327
3959,193.991,1.1039068698883
3960,194.04,1.06619030237198
3961,194.089,1.04934221506119
3962,194.138,0.95143786072731
3963,194.187,0.945987552404406
3964,194.236,1.12500363588333
3965,194.285,1.05449017882347
3966,194.334,1.11764097213745
3967,194.383,1.09352862834931
3968,194.432,1.08422744274139
3969,194.481,1.16352868080139
3970,194.53,1.12392121553421
3971,194.579,1.06372556090355
3972,194.628,1.07178688049316
3973,194.677,1.09753578901291
3974,194.726,1.06551012396812
3975,194.775,1.09228056669235
3976,194.824,1.19744527339936
3977,194.873,1.17096066474915
3978,194.922,1.05570960044861
3979,194.971,1.21401667594909
3980,195.02,1.17308866977692
3981,195.069,1.15944427251816
3982,195.118,1.11478394269943
3983,195.167,1.0993726849556
3984,195.216,1.0769562125206
3985,195.265,1.08214521408081
3986,195.314,1.14622867107391
3987,195.363,1.14193850755692
3988,195.412,1.12240049242973
3989,195.461,1.1280317902565
3990,195.51,1.05837726593017
3991,195.559,1.17246443033218
3992,195.608,1.18427532911301
3993,195.657,1.19875377416611
3994,195.706,1.2003566622734
3995,195.755,1.07073569297791
3996,195.804,1.11651349067688
3997,195.853,1.14867919683456
3998,195.902,1.13710516691208
3999,195.951,0.98661461472511
4000,196,1.03275674581528
4001,196.049,1.02222988009453
4002,196.098,1.11217492818832
4003,196.147,1.08941614627838
4004,196.196,1.17491257190705
4005,196.245,1.17291653156281
4006,196.294,1.04061499238014
4007,196.343,1.06928512454033
4008,196.392,1.00956130027771
4009,196.441,1.10673320293426
4010,196.49,1.14320415258408
4011,196.539,1.01108548045158
4012,196.588,1.0799213051796
4013,196.637,1.06086796522141
4014,196.686,1.14135986566543
4015,196.735,1.16475856304169
4016,196.784,1.19503927230835
4017,196.833,1.00073489546776
4018,196.882,1.02497032284737
4019,196.931,1.04041144251823
4020,196.98,1.12686467170716
4021,197.029,1.18341147899628
4022,197.078,1.13814687728882
4023,197.127,1.20636874437333
4024,197.176,1.08039510250092
4025,197.225,1.16834336519242
4026,197.274,1.09659019112587
4027,197.323,1.12825757265091
4028,197.372,1.1630288362503
4029,197.421,1.07818764448165
4030,197.47,1.07285350561142
4031,197.519,1.17311108112335
4032,197.568,1.16290986537933
4033,197.617,1.12034696340561
4034,197.666,1.13977229595184
4035,197.715,1.18688386678696
4036,197.764,1.13688990473747
4037,197.813,1.1522234082222
4038,197.862,1.12462538480759
4039,197.911,1.05366373062134
4040,197.96,1.14507895708084
4041,198.009,1.07882225513458
4042,198.058,1.17049616575241
4043,198.107,1.07267427444458
4044,198.156,1.11180609464645
4045,198.205,1.12200617790222
4046,198.254,1.07986015081406
4047,198.303,1.1189267039299
4048,198.352,1.20769160985946
4049,198.401,1.10220468044281
4050,198.45,1.12141799926758
4051,198.499,1.25699532032013
4052,198.548,1.24633532762528
4053,198.597,1.17666065692902
4054,198.646,1.18732279539108
4055,198.695,1.1120924949646
4056,198.744,1.04096674919129
4057,198.793,1.02283370494842
4058,198.842,1.00210842490196
4059,198.891,1.0647509098053
4060,198.94,1.15288406610489
4061,198.989,1.10271579027176
4062,199.038,1.00820657610893
4063,199.087,1.0681648850441
4064,199.136,1.00723952054977
4065,199.185,1.13351362943649
4066,199.234,1.19379651546478
4067,199.283,1.25120502710342
4068,199.332,1.12080633640289
4069,199.381,1.24480593204498
4070,199.43,1.23212862014771
4071,199.479,1.18174362182617
4072,199.528,1.23272097110748
4073,199.577,1.33238071203232
4074,199.626,1.12149101495743
4075,199.675,1.12763899564743
4076,199.724,1.17593485116958
4077,199.773,1.18001192808152
4078,199.822,1.03095957636833
4079,199.871,1.19069796800613
4080,199.92,1.14866888523102
4081,199.969,1.23744910955429
4082,200.018,1.13674694299698
4083,200.067,1.21641725301743
4084,200.116,1.15343910455704
4085,200.165,1.14973384141922
4086,200.214,1.14386427402496
4087,200.263,1.22046196460724
4088,200.312,1.28524255752563
4089,200.361,1.19465589523315
4090,200.41,1.25366604328156
4091,200.459,1.27785688638687
4092,200.508,1.26321464776993
4093,200.557,1.18146300315857
4094,200.606,1.0371313393116
4095,200.655,1.10278832912445
4096,200.704,1.23494565486908
4097,200.753,1.19396704435349
4098,200.802,1.17485952377319
4099,200.851,1.12192559242248
4100,200.9,1.09833097457886
4101,200.949,1.15554308891296
4102,200.998,1.19353652000427
4103,201.047,1.17959648370743
4104,201.096,1.10645967721939
4105,201.145,1.10362976789474
4106,201.194,1.10250955820084
4107,201.243,1.21306067705154
4108,201.292,1.22225165367126
4109,201.341,1.21776247024536
4110,201.39,1.19875532388687
4111,201.439,1.02912858128548
4112,201.488,1.11358797550202
4113,201.537,1.2098639011383
4114,201.586,1.22985172271729
4115,201.635,1.17217528820037
4116,201.684,1.20193129777908
4117,201.733,1.1452140212059
4118,201.782,1.24791073799133
4119,201.831,1.23331278562546
4120,201.88,1.27823436260223
4121,201.929,1.27005100250244
4122,201.978,1.33244693279266
4123,202.027,1.34358859062195
4124,202.076,1.34652531147003
4125,202.125,1.32805955410004
4126,202.174,1.3388329744339
4127,202.223,1.40045118331909
4128,202.272,1.29292052984237
4129,202.321,1.30052047967911
4130,202.37,1.22104471921921
4131,202.419,1.37708276510239
4132,202.468,1.28806465864182
4133,202.517,1.28917616605758
4134,202.566,1.39177709817886
4135,202.615,1.45821207761764
4136,202.664,1.33503210544586
4137,202.713,1.27753287553787
4138,202.762,1.23826652765274
4139,202.811,1.26834493875504
4140,202.86,1.2517905831337
4141,202.909,1.21315002441407
4142,202.958,1.21313858032226
4143,203.007,1.15748140215874
4144,203.056,1.11813604831696
4145,203.105,1.17655009031296
4146,203.154,1.20783287286758
4147,203.203,1.22312241792679
4148,203.252,1.14249187707901
4149,203.301,1.14776861667633
4150,203.35,1.22334346175194
4151,203.399,1.16484379768371
4152,203.448,1.14002782106399
4153,203.497,1.19861018657684
4154,203.546,1.25756818056107
4155,203.595,1.17375245690346
4156,203.644,1.18755534291267
4157,203.693,1.15177428722382
4158,203.742,1.07851883769035
4159,203.791,1.03742906451225
4160,203.84,1.13940307497978
4161,203.889,1.13499167561531
4162,203.938,1.25678303837776
4163,203.987,1.27068555355072
4164,204.036,1.16831117868424
4165,204.085,1.1609228849411
4166,204.134,1.10071712732315
4167,204.183,1.21996194124222
4168,204.232,1.2349311709404
4169,204.281,1.23031663894653
4170,204.33,1.2384825348854
4171,204.379,1.30979281663894
4172,204.428,1.25568240880966
4173,204.477,1.18525665998459
4174,204.526,1.16431164741516
4175,204.575,1.12187087535858
4176,204.624,1.1924775838852
4177,204.673,1.29423189163208
4178,204.722,1.20885908603668
4179,204.771,1.19220066070557
4180,204.82,1.30265313386917
4181,204.869,1.27802520990372
4182,204.918,1.2446231842041
4183,204.967,1.32205438613892
4184,205.016,1.35312843322754
4185,205.065,1.382896900177
4186,205.114,1.36880391836166
4187,205.163,1.27361172437668
4188,205.212,1.43443953990937
4189,205.261,1.35340714454651
4190,205.31,1.33948338031768
4191,205.359,1.34980207681656
4192,205.408,1.29399597644806
4193,205.457,1.35585272312165
4194,205.506,1.32189512252808
4195,205.555,1.29288601875305
4196,205.604,1.36409664154053
4197,205.653,1.26447534561157
4198,205.702,1.11531394720078
4199,205.751,1.1642529964447
4200,205.8,1.12198805809021
4201,205.849,1.19168037176133
4202,205.898,1.18692064285278
4203,205.947,1.19780361652374
4204,205.996,1.22670876979828
4205,206.045,1.29874104261398
4206,206.094,1.34390497207642
4207,206.143,1.16536825895309
4208,206.192,1.24508351087571
4209,206.241,1.18665063381196
4210,206.29,1.1930769085884
4211,206.339,1.27817595005035
4212,206.388,1.20730894804
4213,206.437,1.1829845905304
4214,206.486,1.12890976667404
4215,206.535,1.2335552573204
4216,206.584,1.28752863407135
4217,206.633,1.27665966749191
4218,206.682,1.25044095516205
4219,206.731,1.27270412445068
4220,206.78,1.2937154173851
4221,206.829,1.32552391290665
4222,206.878,1.22152236104012
4223,206.927,1.1480014026165
4224,206.976,1.22725939750671
4225,207.025,1.2758623957634
4226,207.074,1.1786777973175
4227,207.123,1.20495408773423
4228,207.172,1.20643734931946
4229,207.221,1.2997373342514
4230,207.27,1.27962458133698
4231,207.319,1.19651657342911
4232,207.368,1.19129925966263
4233,207.417,1.21926498413086
4234,207.466,1.15961241722107
4235,207.515,1.09899017214775
4236,207.564,1.20894432067871
4237,207.613,1.15225821733475
4238,207.662,1.17402756214142
4239,207.711,1.13004833459854
4240,207.76,1.1187014579773
4241,207.809,1.12758964300156
4242,207.858,1.11268711090088
4243,207.907,1.09443640708923
4244,207.956,1.01101058721542
4245,208.005,1.10707619786262
4246,208.054,1.16031527519226
4247,208.103,1.1843843460083
4248,208.152,1.23495924472809
4249,208.201,1.19122844934464
4250,208.25,1.15031433105469
4251,208.299,1.12303483486175
4252,208.348,1.27458721399307
4253,208.397,1.3139591217041
4254,208.446,1.1813240647316
4255,208.495,1.20001542568207
4256,208.544,1.26818174123764
4257,208.593,1.21435540914536
4258,208.642,1.23999565839767
4259,208.691,1.32195097208023
4260,208.74,1.36874717473984
4261,208.789,1.34830892086029
4262,208.838,1.37559735774994
4263,208.887,1.31704652309418
4264,208.936,1.22220242023468
4265,208.985,1.36412161588669
4266,209.034,1.3598245382309
4267,209.083,1.44340306520462
4268,209.132,1.54446560144424
4269,209.181,1.41311126947403
4270,209.23,1.39206033945083
4271,209.279,1.31424993276596
4272,209.328,1.3813243508339
4273,209.377,1.34386456012726
4274,209.426,1.34045416116714
4275,209.475,1.32593774795532
4276,209.524,1.33879423141479
4277,209.573,1.30955564975738
4278,209.622,1.3535258769989
4279,209.671,1.40739250183106
4280,209.72,1.46135926246643
4281,209.769,1.37850940227509
4282,209.818,1.35439735651016
4283,209.867,1.4612872004509
4284,209.916,1.43384629487991
4285,209.965,1.4265981912613
4286,210.014,1.52060526609421
4287,210.063,1.45439946651458
4288,210.112,1.46741473674774
4289,210.161,1.44937098026276
4290,210.21,1.56193637847901
4291,210.259,1.54738640785218
4292,210.308,1.44210302829742
4293,210.357,1.38411289453506
4294,210.406,1.44283986091614
4295,210.455,1.35029095411301
4296,210.504,1.30855178833008
4297,210.553,1.26520866155625
4298,210.602,1.30985909700393
4299,210.651,1.25244718790054
4300,210.7,1.25227743387222
4301,210.749,1.27707427740097
4302,210.798,1.28324145078659
4303,210.847,1.3607377409935
4304,210.896,1.40879619121552
4305,210.945,1.40831172466278
4306,210.994,1.44865643978119
4307,211.043,1.36090052127838
4308,211.092,1.37981659173965
4309,211.141,1.38992077112198
4310,211.19,1.30867958068848
4311,211.239,1.39951288700104
4312,211.288,1.42546236515045
4313,211.337,1.47150105237961
4314,211.386,1.4912114739418
4315,211.435,1.35404312610626
4316,211.484,1.33553242683411
4317,211.533,1.40324425697327
4318,211.582,1.44714570045471
4319,211.631,1.50861006975174
4320,211.68,1.38018041849136
4321,211.729,1.33535975217819
4322,211.778,1.29511833190918
4323,211.827,1.29115724563598
4324,211.876,1.33186459541321
4325,211.925,1.25192332267761
4326,211.974,1.13581854104996
4327,212.023,1.37072902917862
4328,212.072,1.35738986730575
4329,212.121,1.15860944986344
4330,212.17,1.19994336366654
4331,212.219,1.21467292308808
4332,212.268,1.2019026875496
4333,212.317,1.18301510810852
4334,212.366,1.16638547182084
4335,212.415,1.13395017385482
4336,212.464,1.20725291967392
4337,212.513,1.15887022018432
4338,212.562,1.10857826471329
4339,212.611,1.16393005847931
4340,212.66,1.24623823165894
4341,212.709,1.09276354312897
4342,212.758,1.15198504924774
4343,212.807,1.16774481534958
4344,212.856,1.19174724817276
4345,212.905,1.17874073982239
4346,212.954,1.2012991309166
4347,213.003,1.23879742622375
4348,213.052,1.12493389844894
4349,213.101,1.23027819395065
4350,213.15,1.20872724056244
4351,213.199,1.26704233884811
4352,213.248,1.13431471586228
4353,213.297,1.20676481723785
4354,213.346,1.22950136661529
4355,213.395,1.29225313663483
4356,213.444,1.30220466852188
4357,213.493,1.30216586589813
4358,213.542,1.44012457132339
4359,213.591,1.47899878025055
4360,213.64,1.36472070217133
4361,213.689,1.44541865587234
4362,213.738,1.39287102222442
4363,213.787,1.54295980930329
4364,213.836,1.61675471067429
4365,213.885,1.54126274585724
4366,213.934,1.49658459424972
4367,213.983,1.39994394779205
4368,214.032,1.46693593263626
4369,214.081,1.32648503780365
4370,214.13,1.34343504905701
4371,214.179,1.27872705459595
4372,214.228,1.25377690792084
4373,214.277,1.33301419019699
4374,214.326,1.32910734415054
4375,214.375,1.37259763479233
4376,214.424,1.2901930809021
4377,214.473,1.33648633956909
4378,214.522,1.24670320749283
4379,214.571,1.33162897825241
4380,214.62,1.43599396944046
4381,214.669,1.31593203544616
4382,214.718,1.29041695594788
4383,214.767,1.35411232709885
4384,214.816,1.40595370531082
4385,214.865,1.34739559888839
4386,214.914,1.2771407365799
4387,214.963,1.32294774055481
4388,215.012,1.48162353038788
4389,215.061,1.42995953559875
4390,215.11,1.61151331663131
4391,215.159,1.40428233146668
4392,215.208,1.44204425811767
4393,215.257,1.30754947662354
4394,215.306,1.28417128324508
4395,215.355,1.35115474462509
4396,215.404,1.4818167090416
4397,215.453,1.49359101057053
4398,215.502,1.48051941394806
4399,215.551,1.46621906757354
4400,215.6,1.50601357221603
4401,215.649,1.52372366189956
4402,215.698,1.53774565458298
4403,215.747,1.42124372720719
4404,215.796,1.55844211578369
4405,215.845,1.55701804161072
4406,215.894,1.61433988809586
4407,215.943,1.50449013710022
4408,215.992,1.59165149927139
4409,216.041,1.63233131170273
4410,216.09,1.65789133310318
4411,216.139,1.62193500995636
4412,216.188,1.5546914935112
4413,216.237,1.63820558786392
4414,216.286,1.5719981789589
4415,216.335,1.50902116298675
4416,216.384,1.60267263650894
4417,216.433,1.49327433109283
4418,216.482,1.5164258480072
4419,216.531,1.50567311048508
4420,216.58,1.54964953660965
4421,216.629,1.55649095773697
4422,216.678,1.53820437192917
4423,216.727,1.52603524923324
4424,216.776,1.52232998609542
4425,216.825,1.55555802583695
4426,216.874,1.50237435102463
4427,216.923,1.52823638916016
4428,216.972,1.46192133426667
4429,217.021,1.47515964508057
4430,217.07,1.47195255756378
4431,217.119,1.43874996900558
4432,217.168,1.52018278837204
4433,217.217,1.41263711452484
4434,217.266,1.53627628087997
4435,217.315,1.52618110179901
4436,217.364,1.50837874412536
4437,217.413,1.54132080078125
4438,217.462,1.49099349975586
4439,217.511,1.60592472553253
4440,217.56,1.57578355073929
4441,217.609,1.49424386024475
4442,217.658,1.54886448383331
4443,217.707,1.45571929216384
4444,217.756,1.45954781770706
4445,217.805,1.56570643186569
4446,217.854,1.45653825998306
4447,217.903,1.562384724617
4448,217.952,1.37540358304978
4449,218.001,1.39828610420227
4450,218.05,1.44263869524002
4451,218.099,1.41437828540802
4452,218.148,1.48740810155868
4453,218.197,1.4849305152893
4454,218.246,1.51904273033142
4455,218.295,1.50497686862946
4456,218.344,1.56222909688949
4457,218.393,1.48846936225891
4458,218.442,1.55058187246322
4459,218.491,1.50517505407334
4460,218.54,1.45619755983353
4461,218.589,1.50304931402207
4462,218.638,1.38781732320786
4463,218.687,1.42308670282364
4464,218.736,1.42591613531112
4465,218.785,1.46138489246368
4466,218.834,1.35669869184494
4467,218.883,1.37952643632889
4468,218.932,1.32002061605453
4469,218.981,1.35395169258117
4470,219.03,1.34969842433929
4471,219.079,1.44827711582184
4472,219.128,1.38112753629684
4473,219.177,1.31894713640213
4474,219.226,1.34012073278427
4475,219.275,1.48435091972352
4476,219.324,1.43526947498321
4477,219.373,1.41792994737625
4478,219.422,1.4341584444046
4479,219.471,1.47440868616104
4480,219.52,1.38143718242646
4481,219.569,1.369673371315
4482,219.618,1.41751879453659
4483,219.667,1.39249616861344
4484,219.716,1.36978334188462
4485,219.765,1.32946014404297
4486,219.814,1.44597917795181
4487,219.863,1.41837275028229
4488,219.912,1.4274325966835
4489,219.961,1.45088809728623
4490,220.01,1.40826070308685
4491,220.059,1.3730137348175
4492,220.108,1.33072143793106
4493,220.157,1.3234943151474
4494,220.206,1.31431877613067
4495,220.255,1.37756150960923
4496,220.304,1.37926661968232
4497,220.353,1.41784602403641
4498,220.402,1.38527947664261
4499,220.451,1.35513120889664
4500,220.5,1.38543576002121
4501,220.549,1.3969469666481
4502,220.598,1.38209599256516
4503,220.647,1.47060304880143
4504,220.696,1.42694836854935
4505,220.745,1.43546015024185
4506,220.794,1.5778374671936
4507,220.843,1.6069940328598
4508,220.892,1.50599330663681
4509,220.941,1.49774712324142
4510,220.99,1.45140033960342
4511,221.039,1.48972284793853
4512,221.088,1.53372621536255
4513,221.137,1.5468915104866
4514,221.186,1.53045326471329
4515,221.235,1.55202013254166
4516,221.284,1.71771186590195
4517,221.333,1.66790634393692
4518,221.382,1.71979689598083
4519,221.431,1.67401927709579
4520,221.48,1.57469326257706
4521,221.529,1.47949612140655
4522,221.578,1.49987876415253
4523,221.627,1.45356923341751
4524,221.676,1.52876567840576
4525,221.725,1.48849272727966
4526,221.774,1.4754365682602
4527,221.823,1.48630422353745
4528,221.872,1.45829433202743
4529,221.921,1.56395441293716
4530,221.97,1.48152935504914
4531,222.019,1.5099927186966
4532,222.068,1.55660772323608
4533,222.117,1.51703542470932
4534,222.166,1.50492149591446
4535,222.215,1.52127981185913
4536,222.264,1.59140413999557
4537,222.313,1.44985163211823
4538,222.362,1.57442688941956
4539,222.411,1.60090190172195
4540,222.46,1.55975335836411
4541,222.509,1.56901478767395
4542,222.558,1.56368160247803
4543,222.607,1.6141762137413
4544,222.656,1.54181402921677
4545,222.705,1.51260471343994
4546,222.754,1.46670037508011
4547,222.803,1.51628279685975
4548,222.852,1.50214636325836
4549,222.901,1.61859959363938
4550,222.95,1.57829064130783
4551,222.999,1.58011472225189
4552,223.048,1.59371155500412
4553,223.097,1.68936854600907
4554,223.146,1.58843374252319
4555,223.195,1.51334750652313
4556,223.244,1.52414035797119
4557,223.293,1.63590335845948
4558,223.342,1.53654366731644
4559,223.391,1.54533290863037
4560,223.44,1.62179011106491
4561,223.489,1.64629334211349
4562,223.538,1.60062658786774
4563,223.587,1.63959836959839
4564,223.636,1.70035165548324
4565,223.685,1.60806638002395
4566,223.734,1.60258275270462
4567,223.783,1.63371425867081
4568,223.832,1.58259868621826
4569,223.881,1.57615035772324
4570,223.93,1.59004318714141
4571,223.979,1.53926426172257
4572,224.028,1.56386363506317
4573,224.077,1.50707495212554
4574,224.126,1.56055170297623
4575,224.175,1.56079429388046
4576,224.224,1.60444968938828
4577,224.273,1.53743493556976
4578,224.322,1.53587675094604
4579,224.371,1.54369926452637
4580,224.42,1.60045450925827
4581,224.469,1.50324499607086
4582,224.518,1.49409705400466
4583,224.567,1.54611164331436
4584,224.616,1.44842785596847
4585,224.665,1.44747453927994
4586,224.714,1.45256519317627
4587,224.763,1.56708538532257
4588,224.812,1.51779216527938
4589,224.861,1.48958736658096
4590,224.91,1.56603801250457
4591,224.959,1.44884037971496
4592,225.008,1.47583597898483
4593,225.057,1.52048051357269
4594,225.106,1.46838966012001
4595,225.155,1.47155061364174
4596,225.204,1.45343205332756
4597,225.253,1.58135563135147
4598,225.302,1.48946088552475
4599,225.351,1.50660705566406
4600,225.4,1.54078710079193
4601,225.449,1.52171367406845
4602,225.498,1.43719822168351
4603,225.547,1.52103441953659
4604,225.596,1.50012016296386
4605,225.645,1.54837620258332
4606,225.694,1.40441280603409
4607,225.743,1.45134514570236
4608,225.792,1.40201359987259
4609,225.841,1.37061417102813
4610,225.89,1.39538025856018
4611,225.939,1.42673188447952
4612,225.988,1.41856533288956
4613,226.037,1.52328896522521
4614,226.086,1.66958290338516
4615,226.135,1.53268390893936
4616,226.184,1.58507966995239
4617,226.233,1.49687993526459
4618,226.282,1.53773498535156
4619,226.331,1.56252676248551
4620,226.38,1.51932513713836
4621,226.429,1.58928632736206
4622,226.478,1.45283955335617
4623,226.527,1.51989018917084
4624,226.576,1.62131828069687
4625,226.625,1.51563948392868
4626,226.674,1.452891767025
4627,226.723,1.49780124425888
4628,226.772,1.50078189373016
4629,226.821,1.52905362844467
4630,226.87,1.57600462436676
4631,226.919,1.59626585245132
4632,226.968,1.5873071551323
4633,227.017,1.48743158578873
4634,227.066,1.5345076918602
4635,227.115,1.51818186044693
4636,227.164,1.62167990207672
4637,227.213,1.56891113519668
4638,227.262,1.62779825925827
4639,227.311,1.59788531064987
4640,227.36,1.51128351688385
4641,227.409,1.56454515457153
4642,227.458,1.54039943218232
4643,227.507,1.38215363025665
4644,227.556,1.52536290884018
4645,227.605,1.55382478237152
4646,227.654,1.48716354370117
4647,227.703,1.66210341453552
4648,227.752,1.48050254583358
4649,227.801,1.47123056650162
4650,227.85,1.46933233737946
4651,227.899,1.5265616774559
4652,227.948,1.48488980531693
4653,227.997,1.49557411670685
4654,228.046,1.53018110990524
4655,228.095,1.54278284311295
4656,228.144,1.53878670930862
4657,228.193,1.51429206132889
4658,228.242,1.49822717905045
4659,228.291,1.5745815038681
4660,228.34,1.64284932613373
4661,228.389,1.52337610721588
4662,228.438,1.53818529844284
4663,228.487,1.5902715921402
4664,228.536,1.50604987144471
4665,228.585,1.53780168294907
4666,228.634,1.49812364578247
4667,228.683,1.55841094255447
4668,228.732,1.46815288066864
4669,228.781,1.4548036456108
4670,228.83,1.44690811634063
4671,228.879,1.56242471933365
4672,228.928,1.50763475894928
4673,228.977,1.4110603928566
4674,229.026,1.37963366508484
4675,229.075,1.46108341217041
4676,229.124,1.44004935026169
4677,229.173,1.47824972867966
4678,229.222,1.46472805738449
4679,229.271,1.60680443048477
4680,229.32,1.54253679513931
4681,229.369,1.45036101341248
4682,229.418,1.54743653535843
4683,229.467,1.46100574731827
4684,229.516,1.46902930736542
4685,229.565,1.4648152589798
4686,229.614,1.37114006280899
4687,229.663,1.46728867292404
4688,229.712,1.38957971334457
4689,229.761,1.51598346233368
4690,229.81,1.47498869895936
4691,229.859,1.42866879701615
4692,229.908,1.45003640651703
4693,229.957,1.45107811689377
4694,230.006,1.54779690504074
4695,230.055,1.49771279096603
4696,230.104,1.48200404644012
4697,230.153,1.55849665403366
4698,230.202,1.45756709575653
4699,230.251,1.54337745904922
4700,230.3,1.45507919788361
4701,230.349,1.48381662368775
4702,230.398,1.505999147892
4703,230.447,1.50817358493805
4704,230.496,1.54030281305314
4705,230.545,1.44191956520081
4706,230.594,1.49165141582489
4707,230.643,1.32017260789871
4708,230.692,1.39882409572601
4709,230.741,1.44702512025833
4710,230.79,1.38019239902496
4711,230.839,1.45986479520798
4712,230.888,1.44922983646393
4713,230.937,1.39636492729187
4714,230.986,1.47048258781433
4715,231.035,1.42756515741348
4716,231.084,1.44625383615494
4717,231.133,1.38860487937927
4718,231.182,1.42171233892441
4719,231.231,1.32379904389381
4720,231.28,1.26423478126526
4721,231.329,1.29778218269348
4722,231.378,1.2802591919899
4723,231.427,1.24844607710838
4724,231.476,1.32166221737861
4725,231.525,1.35389614105224
4726,231.574,1.3860182762146
4727,231.623,1.45637154579163
4728,231.672,1.43602061271668
4729,231.721,1.41365867853164
4730,231.77,1.50258892774582
4731,231.819,1.47691839933395
4732,231.868,1.46755731105804
4733,231.917,1.40768742561341
4734,231.966,1.4293310046196
4735,232.015,1.46081185340882
4736,232.064,1.39356642961502
4737,232.113,1.48213022947311
4738,232.162,1.39587664604187
4739,232.211,1.35594266653061
4740,232.26,1.3239272236824
4741,232.309,1.2909780740738
4742,232.358,1.34550809860229
4743,232.407,1.41743159294129
4744,232.456,1.36308205127716
4745,232.505,1.34352546930313
4746,232.554,1.35253971815109
4747,232.603,1.42263609170914
4748,232.652,1.50107032060623
4749,232.701,1.46884077787399
4750,232.75,1.45732110738754
4751,232.799,1.43435657024384
4752,232.848,1.39202582836151
4753,232.897,1.41312336921691
4754,232.946,1.38618272542953
4755,232.995,1.36536943912506
4756,233.044,1.35811167955399
4757,233.093,1.41411608457565
4758,233.142,1.42075437307357
4759,233.191,1.48208618164062
4760,233.24,1.38858544826508
4761,233.289,1.48335480690002
4762,233.338,1.40520483255386
4763,233.387,1.46216285228729
4764,233.436,1.61280685663223
4765,233.485,1.49487173557281
4766,233.534,1.63024711608886
4767,233.583,1.44028037786483
4768,233.632,1.44894278049469
4769,233.681,1.51545810699463
4770,233.73,1.39697688817978
4771,233.779,1.44983434677124
4772,233.828,1.46280997991562
4773,233.877,1.49359554052353
4774,233.926,1.41175186634063
4775,233.975,1.41824531555176
4776,234.024,1.42904913425446
4777,234.073,1.43321204185486
4778,234.122,1.43455564975739
4779,234.171,1.39285475015641
4780,234.22,1.5035537481308
4781,234.269,1.35190188884735
4782,234.318,1.48507767915726
4783,234.367,1.45473915338517
4784,234.416,1.41086155176163
4785,234.465,1.42091882228851
4786,234.514,1.48025912046432
4787,234.563,1.4617412686348
4788,234.612,1.49094396829605
4789,234.661,1.47247940301895
4790,234.71,1.55360662937164
4791,234.759,1.51313805580139
4792,234.808,1.44343388080597
4793,234.857,1.40846908092499
4794,234.906,1.45113378763198
4795,234.955,1.40734153985977
4796,235.004,1.4578452706337
4797,235.053,1.40340846776963
4798,235.102,1.45706415176392
4799,235.151,1.41301900148392
4800,235.2,1.47798019647598
4801,235.249,1.52275252342224
4802,235.298,1.45769989490509
4803,235.347,1.32663154602051
4804,235.396,1.38194596767425
4805,235.445,1.31574499607086
4806,235.494,1.30276614427567
4807,235.543,1.40329033136368
4808,235.592,1.31705689430237
4809,235.641,1.35925859212875
4810,235.69,1.35684818029404
4811,235.739,1.38326519727707
4812,235.788,1.37792372703552
4813,235.837,1.2692586183548
4814,235.886,1.38499629497528
4815,235.935,1.36550837755203
4816,235.984,1.28621566295624
4817,236.033,1.39569407701492
4818,236.082,1.44698691368103
4819,236.131,1.40262657403946
4820,236.18,1.35956585407257
4821,236.229,1.47423505783081
4822,236.278,1.47601372003555
4823,236.327,1.61271119117737
4824,236.376,1.39309948682785
4825,236.425,1.35648047924042
4826,236.474,1.31761765480042
4827,236.523,1.33093929290771
4828,236.572,1.31214147806168
4829,236.621,1.29991036653518
4830,236.67,1.34620380401611
4831,236.719,1.32380318641663
4832,236.768,1.30912089347839
4833,236.817,1.23155438899993
4834,236.866,1.24200010299682
4835,236.915,1.35231399536133
4836,236.964,1.26155400276184
4837,237.013,1.32434833049774
4838,237.062,1.33918291330338
4839,237.111,1.39258217811584
4840,237.16,1.31403243541717
4841,237.209,1.26707381010055
4842,237.258,1.2503519654274
4843,237.307,1.35051083564759
4844,237.356,1.30693584680558
4845,237.405,1.26489591598511
4846,237.454,1.27443552017212
4847,237.503,1.34565079212188
4848,237.552,1.28711897134781
4849,237.601,1.41520893573761
4850,237.65,1.37718391418457
4851,237.699,1.3093758225441
4852,237.748,1.30350053310395
4853,237.797,1.33011358976364
4854,237.846,1.2452095746994
4855,237.895,1.31341737508773
4856,237.944,1.2551281452179
4857,237.993,1.29197371006012
4858,238.042,1.23553258180619
4859,238.091,1.18302676081657
4860,238.14,1.14434891939163
4861,238.189,1.21841305494308
4862,238.238,1.18242967128753
4863,238.287,1.20913797616958
4864,238.336,1.25009971857071
4865,238.385,1.20352235436439
4866,238.434,1.1704174876213
4867,238.483,1.17385601997375
4868,238.532,1.22483515739441
4869,238.581,1.25662422180175
4870,238.63,1.30743235349655
4871,238.679,1.28245985507965
4872,238.728,1.23328882455826
4873,238.777,1.40166419744491
4874,238.826,1.37225723266601
4875,238.875,1.32388526201248
4876,238.924,1.23649859428406
4877,238.973,1.16513279080391
4878,239.022,1.29130679368973
4879,239.071,1.26524037122726
4880,239.12,1.27961629629135
4881,239.169,1.28852492570877
4882,239.218,1.38537275791169
4883,239.267,1.29128378629684
4884,239.316,1.31111013889312
4885,239.365,1.35433465242386
4886,239.414,1.41696107387543
4887,239.463,1.49399501085282
4888,239.512,1.36827975511551
4889,239.561,1.34468990564346
4890,239.61,1.37746649980545
4891,239.659,1.42299550771714
4892,239.708,1.42986536026001
4893,239.757,1.32896500825882
4894,239.806,1.25620871782303
4895,239.855,1.3825843334198
4896,239.904,1.2882451415062
4897,239.953,1.24350428581238
4898,240.002,1.30336654186249
4899,240.051,1.32976585626602
4900,240.1,1.18252623081207
4901,240.149,1.36212015151977
4902,240.198,1.24790370464325
4903,240.247,1.27657866477966
4904,240.296,1.19608038663864
4905,240.345,1.23047888278961
4906,240.394,1.17956155538559
4907,240.443,1.18644604086876
4908,240.492,1.22268861532211
4909,240.541,1.22068539261818
4910,240.59,1.23083344101906
4911,240.639,1.33307087421417
4912,240.688,1.36765205860138
4913,240.737,1.35097378492355
4914,240.786,1.29495364427566
4915,240.835,1.29883205890655
4916,240.884,1.26354020833969
4917,240.933,1.28772872686386
4918,240.982,1.19605016708374
4919,241.031,1.19576701521874
4920,241.08,1.22964227199554
4921,241.129,1.1519732773304
4922,241.178,1.21869146823883
4923,241.227,1.21927082538605
4924,241.276,1.23351365327835
4925,241.325,1.28710645437241
4926,241.374,1.1972708106041
4927,241.423,1.27068465948105
4928,241.472,1.26459568738938
4929,241.521,1.12033233046532
4930,241.57,1.14501321315766
4931,241.619,1.12415865063667
4932,241.668,1.18998795747757
4933,241.717,1.20146423578262
4934,241.766,1.22121745347977
4935,241.815,1.18424287438393
4936,241.864,1.30160599946976
4937,241.913,1.44408088922501
4938,241.962,1.38706612586975
4939,242.011,1.42065614461898
4940,242.06,1.36612623929978
4941,242.109,1.48172456026077
4942,242.158,1.36389523744584
4943,242.207,1.4216525554657
4944,242.256,1.488321185112
4945,242.305,1.57065922021866
4946,242.354,1.40507835149765
4947,242.403,1.41618013381958
4948,242.452,1.36030745506286
4949,242.501,1.43190175294876
4950,242.55,1.39006042480469
4951,242.599,1.47827440500259
4952,242.648,1.43859779834747
4953,242.697,1.30497950315476
4954,242.746,1.38333970308304
4955,242.795,1.40585201978683
4956,242.844,1.33031964302063
4957,242.893,1.33084207773208
4958,242.942,1.32945853471756
4959,242.991,1.28929907083511
4960,243.04,1.33732807636261
4961,243.089,1.21097147464753
4962,243.138,1.2544441819191
4963,243.187,1.23909574747085
4964,243.236,1.36989349126815
4965,243.285,1.41891700029373
4966,243.334,1.28560310602188
4967,243.383,1.30494183301926
4968,243.432,1.34772497415543
4969,243.481,1.32459449768066
4970,243.53,1.42745935916901
4971,243.579,1.33987808227539
4972,243.628,1.28791207075119
4973,243.677,1.33912587165833
4974,243.726,1.32202053070068
4975,243.775,1.28492534160614
4976,243.824,1.27669334411621
4977,243.873,1.31557649374008
4978,243.922,1.23716181516647
4979,243.971,1.2352523803711
4980,244.02,1.24621403217315
4981,244.069,1.29779767990112
4982,244.118,1.24242734909057
4983,244.167,1.23184919357299
4984,244.216,1.18423503637313
4985,244.265,1.2400119304657
4986,244.314,1.1421000957489
4987,244.363,1.24817383289337
4988,244.412,1.27008587121964
4989,244.461,1.28857409954071
4990,244.51,1.17406693100929
4991,244.559,1.20103877782822
4992,244.608,1.10723227262497
4993,244.657,1.20279943943024
4994,244.706,1.15950858592988
